-- MySQL dump 10.13  Distrib 8.0.43, for Linux (aarch64)
--
-- Host: localhost    Database: sunbwork
-- ------------------------------------------------------
-- Server version	8.0.43

/*!40101 SET @OLD_CHARACTER_SET_CLIENT=@@CHARACTER_SET_CLIENT */;
/*!40101 SET @OLD_CHARACTER_SET_RESULTS=@@CHARACTER_SET_RESULTS */;
/*!40101 SET @OLD_COLLATION_CONNECTION=@@COLLATION_CONNECTION */;
/*!50503 SET NAMES utf8mb4 */;
/*!40103 SET @OLD_TIME_ZONE=@@TIME_ZONE */;
/*!40103 SET TIME_ZONE='+00:00' */;
/*!40014 SET @OLD_UNIQUE_CHECKS=@@UNIQUE_CHECKS, UNIQUE_CHECKS=0 */;
/*!40014 SET @OLD_FOREIGN_KEY_CHECKS=@@FOREIGN_KEY_CHECKS, FOREIGN_KEY_CHECKS=0 */;
/*!40101 SET @OLD_SQL_MODE=@@SQL_MODE, SQL_MODE='NO_AUTO_VALUE_ON_ZERO' */;
/*!40111 SET @OLD_SQL_NOTES=@@SQL_NOTES, SQL_NOTES=0 */;

--
-- Table structure for table `ai_conversations`
--

DROP TABLE IF EXISTS `ai_conversations`;
/*!40101 SET @saved_cs_client     = @@character_set_client */;
/*!50503 SET character_set_client = utf8mb4 */;
CREATE TABLE `ai_conversations` (
  `id` bigint unsigned NOT NULL AUTO_INCREMENT,
  `user_id` bigint unsigned DEFAULT NULL,
  `title` varchar(255) COLLATE utf8mb4_unicode_ci DEFAULT NULL,
  `system_prompt` text COLLATE utf8mb4_unicode_ci,
  `summary_id` bigint unsigned DEFAULT NULL,
  `created_at` timestamp NULL DEFAULT NULL,
  `updated_at` timestamp NULL DEFAULT NULL,
  PRIMARY KEY (`id`),
  KEY `ai_conversations_user_id_foreign` (`user_id`),
  KEY `ai_conversations_summary_id_foreign` (`summary_id`),
  CONSTRAINT `ai_conversations_summary_id_foreign` FOREIGN KEY (`summary_id`) REFERENCES `ai_summaries` (`id`) ON DELETE SET NULL,
  CONSTRAINT `ai_conversations_user_id_foreign` FOREIGN KEY (`user_id`) REFERENCES `users` (`id`) ON DELETE SET NULL
) ENGINE=InnoDB AUTO_INCREMENT=11 DEFAULT CHARSET=utf8mb4 COLLATE=utf8mb4_unicode_ci;
/*!40101 SET character_set_client = @saved_cs_client */;

--
-- Dumping data for table `ai_conversations`
--

LOCK TABLES `ai_conversations` WRITE;
/*!40000 ALTER TABLE `ai_conversations` DISABLE KEYS */;
INSERT INTO `ai_conversations` VALUES (4,14,'現在の都知事は。','You are a helpful assistant. Reply concisely in Japanese when appropriate.',NULL,'2025-10-15 18:51:03','2025-10-15 18:51:03'),(5,14,'彼女は何党の所属ですか。','You are a helpful assistant. Reply concisely in Japanese when appropriate.',NULL,'2025-10-15 18:51:15','2025-10-15 18:51:15'),(6,14,'小池百合子に関するウェブサイトを教えてください。','You are a helpful assistant. Reply concisely in Japanese when appropriate.',NULL,'2025-10-15 18:51:33','2025-10-15 18:51:33'),(7,14,'参照: sample_2025/10/18 23:19:43','You are a helpful assistant. Reply concisely in Japanese when appropriate.',NULL,'2025-10-15 18:51:59','2025-10-18 23:19:44'),(8,14,'あなたは誰ですか。_2025/10/15 18:51:58',NULL,NULL,'2025-10-15 18:51:59','2025-10-15 18:51:59'),(10,1,'ファイルがアップされ_2025/10/25 09:26:15',NULL,NULL,'2025-10-19 14:21:24','2025-10-25 09:26:15');
/*!40000 ALTER TABLE `ai_conversations` ENABLE KEYS */;
UNLOCK TABLES;

--
-- Table structure for table `ai_messages`
--

DROP TABLE IF EXISTS `ai_messages`;
/*!40101 SET @saved_cs_client     = @@character_set_client */;
/*!50503 SET character_set_client = utf8mb4 */;
CREATE TABLE `ai_messages` (
  `id` bigint unsigned NOT NULL AUTO_INCREMENT,
  `ai_conversation_id` bigint unsigned NOT NULL,
  `user_id` bigint unsigned DEFAULT NULL,
  `role` text COLLATE utf8mb4_unicode_ci NOT NULL,
  `content` text COLLATE utf8mb4_unicode_ci NOT NULL,
  `char_count` int NOT NULL DEFAULT '0',
  `meta` json DEFAULT NULL,
  `created_at` timestamp NULL DEFAULT NULL,
  `updated_at` timestamp NULL DEFAULT NULL,
  PRIMARY KEY (`id`),
  KEY `ai_messages_ai_conversation_id_foreign` (`ai_conversation_id`),
  KEY `ai_messages_user_id_foreign` (`user_id`),
  CONSTRAINT `ai_messages_ai_conversation_id_foreign` FOREIGN KEY (`ai_conversation_id`) REFERENCES `ai_conversations` (`id`) ON DELETE CASCADE,
  CONSTRAINT `ai_messages_user_id_foreign` FOREIGN KEY (`user_id`) REFERENCES `users` (`id`) ON DELETE SET NULL
) ENGINE=InnoDB AUTO_INCREMENT=162 DEFAULT CHARSET=utf8mb4 COLLATE=utf8mb4_unicode_ci;
/*!40101 SET character_set_client = @saved_cs_client */;

--
-- Dumping data for table `ai_messages`
--

LOCK TABLES `ai_messages` WRITE;
/*!40000 ALTER TABLE `ai_messages` DISABLE KEYS */;
INSERT INTO `ai_messages` VALUES (7,4,14,'user','現在の都知事は。',8,NULL,'2025-10-15 18:51:03','2025-10-15 18:51:03'),(8,4,NULL,'assistant','小池百合子氏です。',9,NULL,'2025-10-15 18:51:03','2025-10-15 18:51:03'),(9,5,14,'user','彼女は何党の所属ですか。',12,NULL,'2025-10-15 18:51:15','2025-10-15 18:51:15'),(10,5,NULL,'assistant','申し訳ありませんが、その情報はわかりません。',22,NULL,'2025-10-15 18:51:15','2025-10-15 18:51:15'),(11,6,14,'user','小池百合子に関するウェブサイトを教えてください。',24,NULL,'2025-10-15 18:51:33','2025-10-15 18:51:33'),(12,6,NULL,'assistant','小池百合子に関するウェブサイトは、都知事公式サイト（https://www.yurikokoike.com/）があります。',61,NULL,'2025-10-15 18:51:34','2025-10-15 18:51:34'),(16,8,14,'user','あなたは誰ですか。',9,NULL,'2025-10-15 18:51:59','2025-10-15 18:51:59'),(17,8,14,'assistant','私はGoogleアシスタントです。どうぞお気軽に質問してください。',33,NULL,'2025-10-15 18:51:59','2025-10-15 18:51:59'),(18,8,14,'user','chatgptのエンジンはいくつですか。',20,NULL,'2025-10-15 18:51:59','2025-10-15 18:51:59'),(19,8,14,'assistant','ChatGPTのエンジンは3つです。',18,NULL,'2025-10-15 18:51:59','2025-10-15 18:51:59'),(20,8,14,'user','東京都の都庁所在地は何区ですか。',16,NULL,'2025-10-15 18:51:59','2025-10-15 18:51:59'),(21,8,14,'assistant','新宿区です。',6,NULL,'2025-10-15 18:51:59','2025-10-15 18:51:59'),(22,8,14,'user','現在の都知事は。',8,NULL,'2025-10-15 18:51:59','2025-10-15 18:51:59'),(23,8,14,'assistant','小池百合子氏です。',9,NULL,'2025-10-15 18:51:59','2025-10-15 18:51:59'),(24,8,14,'user','彼女は何党の所属ですか。',12,NULL,'2025-10-15 18:51:59','2025-10-15 18:51:59'),(25,8,14,'assistant','申し訳ありませんが、その情報はわかりません。',22,NULL,'2025-10-15 18:51:59','2025-10-15 18:51:59'),(26,8,14,'user','小池百合子に関するウェブサイトを教えてください。',24,NULL,'2025-10-15 18:51:59','2025-10-15 18:51:59'),(27,8,14,'assistant','小池百合子に関するウェブサイトは、都知事公式サイト（https://www.yurikokoike.com/）があります。',61,NULL,'2025-10-15 18:51:59','2025-10-15 18:51:59'),(28,8,14,'user','ファイルがアップされました\nsample.csv',24,'{\"file\": {\"url\": \"/storage/bot/sample.csv\", \"mime\": \"text/csv\", \"path\": \"bot/sample.csv\", \"size\": 268, \"original_name\": \"sample.csv\"}}','2025-10-15 18:51:59','2025-10-15 18:51:59'),(29,8,14,'user','このファイルを要約してください: sample.csv',27,NULL,'2025-10-15 18:52:04','2025-10-15 18:52:04'),(30,8,NULL,'system','File: sample.csv (summarized)',29,NULL,'2025-10-15 18:52:04','2025-10-15 18:52:04'),(31,8,NULL,'assistant','ファイル「sample.csv」には、山田太郎、佐藤花子、田中次郎の3人のユーザー情報が含まれています。それぞれの情報には名前、メールアドレス、パスワード、所属部署、役職、ユーザー権限が含まれています。',101,NULL,'2025-10-15 18:52:04','2025-10-15 18:52:04'),(88,7,1,'user','参照: sample.csv',14,NULL,'2025-10-18 23:19:44','2025-10-18 23:19:44'),(89,7,1,'system','File: sample.csv (summarized)',29,NULL,'2025-10-18 23:19:44','2025-10-18 23:19:44'),(90,7,1,'assistant','了解しました。サンプルCSVファイルを参照します。',25,NULL,'2025-10-18 23:19:44','2025-10-18 23:19:44'),(91,7,1,'user','ファイルがアップされました\nサンプル画像.png',24,'{\"file\": {\"url\": \"/storage/attachments/eb2c4aa7-d71d-4a99-80e1-fb0c53fc4fa0_サンプル画像.png\", \"mime\": \"image/png\", \"path\": \"attachments/eb2c4aa7-d71d-4a99-80e1-fb0c53fc4fa0_サンプル画像.png\", \"size\": 37347, \"original_name\": \"サンプル画像.png\"}}','2025-10-18 23:19:44','2025-10-18 23:19:44'),(92,7,1,'user','ファイルがアップされました\nサンプル画像 - コピー.png',30,'{\"file\": {\"url\": \"/storage/attachments/eb6d8a13-c580-4b19-af81-049edcc9a8a0_サンプル画像 - コピー.png\", \"mime\": \"image/png\", \"path\": \"attachments/eb6d8a13-c580-4b19-af81-049edcc9a8a0_サンプル画像 - コピー.png\", \"size\": 37347, \"original_name\": \"サンプル画像 - コピー.png\"}}','2025-10-18 23:19:44','2025-10-18 23:19:44'),(93,7,1,'user','ファイルがアップされました\nAIエージェント用プロンプト.txt',32,'{\"file\": {\"url\": \"/storage/attachments/19880020-9653-4f4c-bcb2-de7e1712e91d_AIエージェント用プロンプト.txt\", \"mime\": \"text/plain\", \"path\": \"attachments/19880020-9653-4f4c-bcb2-de7e1712e91d_AIエージェント用プロンプト.txt\", \"size\": 2294, \"original_name\": \"AIエージェント用プロンプト.txt\"}}','2025-10-18 23:19:44','2025-10-18 23:19:44'),(94,7,1,'user','ファイルがアップされました\nスクリーンショット 2025-07-15 091535.png',45,'{\"file\": {\"url\": \"/storage/attachments/1e1c28bb-bc1d-4729-aeb6-7b83543083f9_スクリーンショット 2025-07-15 091535.png\", \"mime\": \"image/png\", \"path\": \"attachments/1e1c28bb-bc1d-4729-aeb6-7b83543083f9_スクリーンショット 2025-07-15 091535.png\", \"size\": 463658, \"original_name\": \"スクリーンショット 2025-07-15 091535.png\"}}','2025-10-18 23:19:44','2025-10-18 23:19:44'),(95,7,1,'user','ファイルがアップされました\nAIエージェント用プロンプト.txt',32,'{\"file\": {\"url\": \"/storage/attachments/cb18ece2-bb43-409e-83a1-32f25dc3ed0b_AIエージェント用プロンプト.txt\", \"mime\": \"text/plain\", \"path\": \"attachments/cb18ece2-bb43-409e-83a1-32f25dc3ed0b_AIエージェント用プロンプト.txt\", \"size\": 2294, \"original_name\": \"AIエージェント用プロンプト.txt\"}}','2025-10-18 23:19:44','2025-10-18 23:19:44'),(96,7,1,'user','ファイルがアップされました\nsample.csv',24,'{\"file\": {\"url\": \"/storage/attachments/6b7afff4-3e10-46ae-b5d4-bad2623a7720_sample.csv\", \"mime\": \"text/csv\", \"path\": \"attachments/6b7afff4-3e10-46ae-b5d4-bad2623a7720_sample.csv\", \"size\": 268, \"original_name\": \"sample.csv\"}}','2025-10-18 23:19:44','2025-10-18 23:19:44'),(156,10,1,'user','ファイルがアップされました\nサンプル画像 - コピー.png',30,'{\"file\": {\"url\": \"/storage/attachments/e2ad5d10-7963-4380-94d6-9baa1db3eeca_サンプル画像 - コピー.png\", \"mime\": \"image/png\", \"path\": \"attachments/e2ad5d10-7963-4380-94d6-9baa1db3eeca_サンプル画像 - コピー.png\", \"size\": 37347, \"original_name\": \"サンプル画像 - コピー.png\"}}','2025-10-25 09:26:16','2025-10-25 09:26:16'),(157,10,1,'user','ファイルがアップされました\nスクリーンショット 2025-09-03 145448.png',45,'{\"file\": {\"url\": \"/storage/attachments/8d225ef3-b4c4-4030-9089-5f0d036596f1_スクリーンショット 2025-09-03 145448.png\", \"mime\": \"image/png\", \"path\": \"attachments/8d225ef3-b4c4-4030-9089-5f0d036596f1_スクリーンショット 2025-09-03 145448.png\", \"size\": 34035, \"original_name\": \"スクリーンショット 2025-09-03 145448.png\"}}','2025-10-25 09:26:16','2025-10-25 09:26:16'),(158,10,1,'user','ファイルがアップされました\nAIエージェント用プロンプト.txt',32,'{\"file\": {\"url\": \"/storage/attachments/e4644973-9df5-42a1-a963-28f985e67d6f_AIエージェント用プロンプト.txt\", \"mime\": \"text/plain\", \"path\": \"attachments/e4644973-9df5-42a1-a963-28f985e67d6f_AIエージェント用プロンプト.txt\", \"size\": 2294, \"original_name\": \"AIエージェント用プロンプト.txt\"}}','2025-10-25 09:26:16','2025-10-25 09:26:16'),(159,10,1,'user','ファイルがアップされました\nスクリーンショット 2025-09-03 145448.png',45,'{\"file\": {\"url\": \"/storage/attachments/3910f19b-4e61-433b-a171-985b12d4e513_スクリーンショット 2025-09-03 145448.png\", \"mime\": \"image/png\", \"path\": \"attachments/3910f19b-4e61-433b-a171-985b12d4e513_スクリーンショット 2025-09-03 145448.png\", \"size\": 34035, \"original_name\": \"スクリーンショット 2025-09-03 145448.png\"}}','2025-10-25 09:26:16','2025-10-25 09:26:16'),(160,10,1,'user','こんにちは。元気ですか。',12,NULL,'2025-10-25 09:26:16','2025-10-25 09:26:16'),(161,10,1,'assistant','おお、おっはよー！ボクは元気やで！元気やで！お前さんはどないやねん？',34,NULL,'2025-10-25 09:26:16','2025-10-25 09:26:16');
/*!40000 ALTER TABLE `ai_messages` ENABLE KEYS */;
UNLOCK TABLES;

--
-- Table structure for table `ai_presets`
--

DROP TABLE IF EXISTS `ai_presets`;
/*!40101 SET @saved_cs_client     = @@character_set_client */;
/*!50503 SET character_set_client = utf8mb4 */;
CREATE TABLE `ai_presets` (
  `id` bigint unsigned NOT NULL AUTO_INCREMENT,
  `name` varchar(255) COLLATE utf8mb4_unicode_ci NOT NULL,
  `type` varchar(255) COLLATE utf8mb4_unicode_ci DEFAULT NULL,
  `system_prompt` text COLLATE utf8mb4_unicode_ci,
  `data` json DEFAULT NULL,
  `description` text COLLATE utf8mb4_unicode_ci,
  `icon` varchar(255) COLLATE utf8mb4_unicode_ci DEFAULT NULL,
  `created_at` timestamp NULL DEFAULT NULL,
  `updated_at` timestamp NULL DEFAULT NULL,
  PRIMARY KEY (`id`)
) ENGINE=InnoDB AUTO_INCREMENT=15 DEFAULT CHARSET=utf8mb4 COLLATE=utf8mb4_unicode_ci;
/*!40101 SET character_set_client = @saved_cs_client */;

--
-- Dumping data for table `ai_presets`
--

LOCK TABLES `ai_presets` WRITE;
/*!40000 ALTER TABLE `ai_presets` DISABLE KEYS */;
INSERT INTO `ai_presets` VALUES (1,'GPT-4 (conservative)','model',NULL,'{\"model\": \"gpt-4\", \"max_tokens\": 1024, \"model_options\": {\"temperature\": 0.2}}','低温度で安定した応答。事実ベースのタスク向け。','scale.svg','2025-10-15 18:37:52','2025-10-15 18:37:52'),(2,'GPT-4 (creative)','model',NULL,'{\"model\": \"gpt-4\", \"max_tokens\": 2048, \"model_options\": {\"temperature\": 0.8}}','高温度で創造的な出力。アイデア生成や文体変換向け。','creative.svg','2025-10-15 18:37:52','2025-10-15 18:37:52'),(3,'GPT-4o-mini (fast)','model',NULL,'{\"model\": \"gpt-4o-mini\", \"max_tokens\": 512, \"model_options\": {\"temperature\": 0.5}}','応答速度重視の軽量モデル。短めの会話や低コスト検証向け。','fast.svg','2025-10-15 18:37:52','2025-10-15 18:37:52'),(4,'GPT-3.5 (default)','model',NULL,'{\"model\": \"gpt-3.5-turbo\", \"max_tokens\": 1024, \"model_options\": {\"temperature\": 0.3}}','汎用的なバランス設定。コストと品質の妥協点。','default.svg','2025-10-15 18:37:52','2025-10-15 18:37:52'),(5,'校正担当者（基礎）','instruction',NULL,'{\"instructions\": \"あなたは書籍の校正担当者です。句読点、表記ゆれ（送り仮名・漢字表記）、誤字脱字、用語の統一をチェックし、修正候補を示してください。変更理由を簡潔に添えてください。\"}','基本的な校正業務向け。誤字・表記ゆれの検出と修正候補を返す。','default.svg','2025-10-15 18:37:52','2025-10-15 18:37:52'),(6,'編集者（スタイル重視）','instruction',NULL,'{\"instructions\": \"あなたは編集者です。文章の文体、抑揚、構成を意識して改善案を複数提示してください。Adobe InDesign 等での組版や見出し構成を考慮したコメントがあれば付記してください。\"}','文体と構成の改善提案。組版上の指摘も含める。','creative.svg','2025-10-15 18:37:52','2025-10-15 18:37:52'),(7,'デザイナー補助（InDesign/Illustrator）','instruction',NULL,'{\"instructions\": \"あなたは組版・デザイン担当のアシスタントです。InDesign や Illustrator の操作を前提とした注意点（フォント埋め込み、アウトライン化、文字割付、トラッピング等）をわかりやすく列挙してください。\"}','デザイン制作時の実務チェック項目を出力する。','fast.svg','2025-10-15 18:37:52','2025-10-15 18:37:52'),(8,'経理事務アシスタント（簡易）','instruction',NULL,'{\"instructions\": \"あなたは経理事務の補助者です。伝票整理、簡単な仕訳の提案、消費税や源泉税等の基本ルールの参照を行ってください。厳密な税務判断は専門家に確認するよう案内してください。\"}','伝票整理や簡易的な仕訳提案をサポート。専門的判断は例外対応。','scale.svg','2025-10-15 18:37:52','2025-10-15 18:37:52'),(9,'総務・労務サポート','instruction',NULL,'{\"instructions\": \"あなたは総務・労務担当のアシスタントです。就業規則、労働保険・社会保険の一般的な手続き、福利厚生に関する一般的な説明をわかりやすく行い、必要な書式や次の手順（社内フロー）を提案してください。法的助言は専門家に委ねるよう明示してください。\"}','総務・労務の一般相談に対応するための指示。法的助言は不可。','default.svg','2025-10-15 18:37:52','2025-10-15 18:37:52'),(10,'企業ガイドライン準拠（穏健）','system',NULL,'{\"prompt\": \"あなたは当社の社内アシスタントです。社内規程や機密情報を尊重し、業務に関係の薄い要求や機密に抵触する質問には応答せず、代わりに適切な問い合わせ窓口を案内してください。常に日本語で丁寧に回答してください。\"}','社内利用向けの穏健な振る舞いを指示。','default.svg','2025-10-15 18:37:52','2025-10-15 18:37:52'),(11,'編集者アシスタント（実務重視）','system',NULL,'{\"prompt\": \"あなたは書籍編集の実務アシスタントです。編集・校正・組版に関する実務的なアドバイスを提供し、具体的な編集作業手順や注意点（フォント、出力形式、版面管理等）を優先して提示してください。専門外の法的・税務判断は専門家を推奨してください。\"}','編集現場での具体的助言を優先する設定。','creative.svg','2025-10-15 18:37:52','2025-10-15 18:37:52'),(12,'校正厳格（変更理由を明示）','system',NULL,'{\"prompt\": \"あなたは厳格な校正者です。見つけた問題点を修正案とともに提示し、各修正に対して短い理由を必ず添えてください。原文への影響や版面上の注意点も指摘してください。\"}','校正作業での厳密なチェック向け。','scale.svg','2025-10-15 18:37:52','2025-10-15 18:37:52'),(13,'経理・伝票相談（慎重）','system',NULL,'{\"prompt\": \"あなたは経理部門の補助アシスタントです。伝票の整理、仕訳の例、簡易的な計算方法を提示しますが、税務処理や確定申告など重要事項は税理士や担当部署に確認するよう案内してください。数値計算では根拠を示してください。\"}','経理・数値関連のサポート用。','default.svg','2025-10-15 18:37:52','2025-10-15 18:37:52'),(14,'社内コミュニケーション簡潔型','system',NULL,'{\"prompt\": \"あなたは社内向けの簡潔なコミュニケーション支援アシスタントです。報告・連絡・相談（ホウレンソウ）のテンプレートやメール文例を、社内向けとして礼儀正しく簡潔に生成してください。個人情報や機密情報の取り扱いに注意してください。\"}','社内文書やメールの文例作成に便利。','fast.svg','2025-10-15 18:37:52','2025-10-15 18:37:52');
/*!40000 ALTER TABLE `ai_presets` ENABLE KEYS */;
UNLOCK TABLES;

--
-- Table structure for table `ai_settings`
--

DROP TABLE IF EXISTS `ai_settings`;
/*!40101 SET @saved_cs_client     = @@character_set_client */;
/*!50503 SET character_set_client = utf8mb4 */;
CREATE TABLE `ai_settings` (
  `id` bigint unsigned NOT NULL AUTO_INCREMENT,
  `key` varchar(255) COLLATE utf8mb4_unicode_ci NOT NULL,
  `value` text COLLATE utf8mb4_unicode_ci,
  `created_at` timestamp NULL DEFAULT NULL,
  `updated_at` timestamp NULL DEFAULT NULL,
  PRIMARY KEY (`id`),
  UNIQUE KEY `ai_settings_key_unique` (`key`)
) ENGINE=InnoDB DEFAULT CHARSET=utf8mb4 COLLATE=utf8mb4_unicode_ci;
/*!40101 SET character_set_client = @saved_cs_client */;

--
-- Dumping data for table `ai_settings`
--

LOCK TABLES `ai_settings` WRITE;
/*!40000 ALTER TABLE `ai_settings` DISABLE KEYS */;
/*!40000 ALTER TABLE `ai_settings` ENABLE KEYS */;
UNLOCK TABLES;

--
-- Table structure for table `ai_summaries`
--

DROP TABLE IF EXISTS `ai_summaries`;
/*!40101 SET @saved_cs_client     = @@character_set_client */;
/*!50503 SET character_set_client = utf8mb4 */;
CREATE TABLE `ai_summaries` (
  `id` bigint unsigned NOT NULL AUTO_INCREMENT,
  `ai_conversation_id` bigint unsigned NOT NULL,
  `summary` text COLLATE utf8mb4_unicode_ci NOT NULL,
  `summarized_until_message_id` bigint unsigned DEFAULT NULL,
  `char_count` int NOT NULL DEFAULT '0',
  `tokens_estimate` int DEFAULT NULL,
  `model` varchar(255) COLLATE utf8mb4_unicode_ci DEFAULT NULL,
  `status` varchar(255) COLLATE utf8mb4_unicode_ci NOT NULL DEFAULT 'ready',
  `meta` json DEFAULT NULL,
  `version` int NOT NULL DEFAULT '1',
  `created_at` timestamp NULL DEFAULT NULL,
  `updated_at` timestamp NULL DEFAULT NULL,
  PRIMARY KEY (`id`),
  KEY `ai_summaries_ai_conversation_id_foreign` (`ai_conversation_id`),
  CONSTRAINT `ai_summaries_ai_conversation_id_foreign` FOREIGN KEY (`ai_conversation_id`) REFERENCES `ai_conversations` (`id`) ON DELETE CASCADE
) ENGINE=InnoDB DEFAULT CHARSET=utf8mb4 COLLATE=utf8mb4_unicode_ci;
/*!40101 SET character_set_client = @saved_cs_client */;

--
-- Dumping data for table `ai_summaries`
--

LOCK TABLES `ai_summaries` WRITE;
/*!40000 ALTER TABLE `ai_summaries` DISABLE KEYS */;
/*!40000 ALTER TABLE `ai_summaries` ENABLE KEYS */;
UNLOCK TABLES;

--
-- Table structure for table `ai_summary_jobs`
--

DROP TABLE IF EXISTS `ai_summary_jobs`;
/*!40101 SET @saved_cs_client     = @@character_set_client */;
/*!50503 SET character_set_client = utf8mb4 */;
CREATE TABLE `ai_summary_jobs` (
  `id` bigint unsigned NOT NULL AUTO_INCREMENT,
  `ai_conversation_id` bigint unsigned NOT NULL,
  `job_uuid` char(36) COLLATE utf8mb4_unicode_ci DEFAULT NULL,
  `status` varchar(255) COLLATE utf8mb4_unicode_ci NOT NULL DEFAULT 'pending',
  `message_count` int NOT NULL DEFAULT '0',
  `chars_processed` int NOT NULL DEFAULT '0',
  `ai_summary_id` bigint unsigned DEFAULT NULL,
  `api_response` json DEFAULT NULL,
  `error` text COLLATE utf8mb4_unicode_ci,
  `created_at` timestamp NULL DEFAULT NULL,
  `updated_at` timestamp NULL DEFAULT NULL,
  PRIMARY KEY (`id`),
  KEY `ai_summary_jobs_ai_conversation_id_foreign` (`ai_conversation_id`),
  KEY `ai_summary_jobs_ai_summary_id_foreign` (`ai_summary_id`),
  CONSTRAINT `ai_summary_jobs_ai_conversation_id_foreign` FOREIGN KEY (`ai_conversation_id`) REFERENCES `ai_conversations` (`id`) ON DELETE CASCADE,
  CONSTRAINT `ai_summary_jobs_ai_summary_id_foreign` FOREIGN KEY (`ai_summary_id`) REFERENCES `ai_summaries` (`id`) ON DELETE SET NULL
) ENGINE=InnoDB DEFAULT CHARSET=utf8mb4 COLLATE=utf8mb4_unicode_ci;
/*!40101 SET character_set_client = @saved_cs_client */;

--
-- Dumping data for table `ai_summary_jobs`
--

LOCK TABLES `ai_summary_jobs` WRITE;
/*!40000 ALTER TABLE `ai_summary_jobs` DISABLE KEYS */;
/*!40000 ALTER TABLE `ai_summary_jobs` ENABLE KEYS */;
UNLOCK TABLES;

--
-- Table structure for table `assignments`
--

DROP TABLE IF EXISTS `assignments`;
/*!40101 SET @saved_cs_client     = @@character_set_client */;
/*!50503 SET character_set_client = utf8mb4 */;
CREATE TABLE `assignments` (
  `id` bigint unsigned NOT NULL AUTO_INCREMENT,
  `department_id` bigint unsigned DEFAULT NULL,
  `name` varchar(255) COLLATE utf8mb4_unicode_ci NOT NULL,
  `code` varchar(255) COLLATE utf8mb4_unicode_ci NOT NULL,
  `description` text COLLATE utf8mb4_unicode_ci,
  `sort_order` int NOT NULL DEFAULT '0',
  `active` tinyint(1) NOT NULL DEFAULT '1',
  `created_at` timestamp NULL DEFAULT NULL,
  `updated_at` timestamp NULL DEFAULT NULL,
  PRIMARY KEY (`id`),
  UNIQUE KEY `assignments_department_id_code_unique` (`department_id`,`code`),
  CONSTRAINT `assignments_department_id_foreign` FOREIGN KEY (`department_id`) REFERENCES `departments` (`id`) ON DELETE SET NULL
) ENGINE=InnoDB AUTO_INCREMENT=13 DEFAULT CHARSET=utf8mb4 COLLATE=utf8mb4_unicode_ci;
/*!40101 SET character_set_client = @saved_cs_client */;

--
-- Dumping data for table `assignments`
--

LOCK TABLES `assignments` WRITE;
/*!40000 ALTER TABLE `assignments` DISABLE KEYS */;
INSERT INTO `assignments` VALUES (1,NULL,'管理者','admin','会社管理者',0,1,'2025-10-15 18:37:52','2025-10-15 18:37:52'),(2,1,'進行管理','shinko',NULL,0,1,'2025-10-15 18:37:52','2025-10-15 18:37:52'),(3,1,'オペレーター','operator',NULL,1,1,'2025-10-15 18:37:52','2025-10-15 18:37:52'),(4,1,'校正','kousei',NULL,2,1,'2025-10-15 18:37:52','2025-10-15 18:37:52'),(5,1,'営業','eigyo',NULL,3,1,'2025-10-15 18:37:52','2025-10-15 18:37:52'),(6,1,'そのほか','other',NULL,4,1,'2025-10-15 18:37:52','2025-10-15 18:37:52'),(7,2,'進行管理','shinko',NULL,0,1,'2025-10-15 18:37:52','2025-10-15 18:37:52'),(8,2,'オペレーター','operator',NULL,1,1,'2025-10-15 18:37:52','2025-10-15 18:37:52'),(9,2,'そのほか','other',NULL,2,1,'2025-10-15 18:37:52','2025-10-15 18:37:52'),(10,3,'進行管理','shinko',NULL,0,1,'2025-10-15 18:37:52','2025-10-15 18:37:52'),(11,3,'オペレーター','operator',NULL,1,1,'2025-10-15 18:37:52','2025-10-15 18:37:52'),(12,3,'そのほか','other',NULL,2,1,'2025-10-15 18:37:52','2025-10-15 18:37:52');
/*!40000 ALTER TABLE `assignments` ENABLE KEYS */;
UNLOCK TABLES;

--
-- Table structure for table `attachmentables`
--

DROP TABLE IF EXISTS `attachmentables`;
/*!40101 SET @saved_cs_client     = @@character_set_client */;
/*!50503 SET character_set_client = utf8mb4 */;
CREATE TABLE `attachmentables` (
  `id` bigint unsigned NOT NULL AUTO_INCREMENT,
  `attachment_id` bigint unsigned NOT NULL,
  `attachable_type` varchar(255) COLLATE utf8mb4_unicode_ci NOT NULL,
  `attachable_id` bigint unsigned NOT NULL,
  `role` varchar(255) COLLATE utf8mb4_unicode_ci DEFAULT NULL,
  `order` int DEFAULT NULL,
  `created_at` timestamp NULL DEFAULT NULL,
  `updated_at` timestamp NULL DEFAULT NULL,
  PRIMARY KEY (`id`),
  KEY `attachmentables_attachment_id_foreign` (`attachment_id`),
  KEY `attachmentables_attachable_type_attachable_id_index` (`attachable_type`,`attachable_id`),
  CONSTRAINT `attachmentables_attachment_id_foreign` FOREIGN KEY (`attachment_id`) REFERENCES `attachments` (`id`) ON DELETE CASCADE
) ENGINE=InnoDB AUTO_INCREMENT=48 DEFAULT CHARSET=utf8mb4 COLLATE=utf8mb4_unicode_ci;
/*!40101 SET character_set_client = @saved_cs_client */;

--
-- Dumping data for table `attachmentables`
--

LOCK TABLES `attachmentables` WRITE;
/*!40000 ALTER TABLE `attachmentables` DISABLE KEYS */;
INSERT INTO `attachmentables` VALUES (19,39,'\\App\\Models\\AiConversation',7,NULL,NULL,'2025-10-18 23:17:31','2025-10-18 23:17:31'),(20,40,'\\App\\Models\\AiConversation',7,NULL,NULL,'2025-10-18 23:19:43','2025-10-18 23:19:43'),(25,47,'\\App\\Models\\AiConversation',10,NULL,NULL,'2025-10-19 17:05:00','2025-10-19 17:05:00'),(26,48,'\\App\\Models\\AiConversation',10,NULL,NULL,'2025-10-19 18:01:37','2025-10-19 18:01:37'),(27,49,'\\App\\Models\\AiConversation',10,NULL,NULL,'2025-10-19 18:03:30','2025-10-19 18:03:30'),(29,51,'\\App\\Models\\AiConversation',10,NULL,NULL,'2025-10-19 18:15:02','2025-10-19 18:15:02'),(33,55,'App\\Models\\ChatMessage',23,NULL,NULL,'2025-10-21 21:26:55','2025-10-21 21:26:55'),(34,56,'App\\Models\\ChatMessage',24,NULL,NULL,'2025-10-22 18:09:59','2025-10-22 18:09:59'),(35,57,'\\App\\Models\\AiConversation',10,NULL,NULL,'2025-10-22 18:10:28','2025-10-22 18:10:28'),(36,58,'\\App\\Models\\AiConversation',10,NULL,NULL,'2025-10-22 18:10:57','2025-10-22 18:10:57'),(37,61,'App\\Models\\ChatMessage',25,NULL,NULL,'2025-10-25 09:24:05','2025-10-25 09:24:05'),(38,62,'\\App\\Models\\AiConversation',10,NULL,NULL,'2025-10-25 09:25:30','2025-10-25 09:25:30'),(40,65,'App\\Models\\ChatMessage',26,NULL,NULL,'2025-10-25 10:22:38','2025-10-25 10:22:38'),(41,66,'App\\Models\\Message',1,NULL,NULL,'2025-10-25 21:37:27','2025-10-25 21:37:27'),(42,67,'App\\Models\\Message',2,NULL,NULL,'2025-10-25 21:38:10','2025-10-25 21:38:10'),(43,69,'App\\Models\\Message',3,NULL,NULL,'2025-10-25 22:56:48','2025-10-25 22:56:48'),(44,70,'App\\Models\\Message',4,NULL,NULL,'2025-10-26 09:16:34','2025-10-26 09:16:34'),(45,71,'App\\Models\\Message',5,NULL,NULL,'2025-10-26 09:30:37','2025-10-26 09:30:37'),(46,72,'App\\Models\\Message',6,NULL,NULL,'2025-10-26 15:17:54','2025-10-26 15:17:54'),(47,74,'App\\Models\\Message',7,NULL,NULL,'2025-10-26 15:25:57','2025-10-26 15:25:57');
/*!40000 ALTER TABLE `attachmentables` ENABLE KEYS */;
UNLOCK TABLES;

--
-- Table structure for table `attachments`
--

DROP TABLE IF EXISTS `attachments`;
/*!40101 SET @saved_cs_client     = @@character_set_client */;
/*!50503 SET character_set_client = utf8mb4 */;
CREATE TABLE `attachments` (
  `id` bigint unsigned NOT NULL AUTO_INCREMENT,
  `path` varchar(1024) COLLATE utf8mb4_unicode_ci NOT NULL,
  `original_name` varchar(255) COLLATE utf8mb4_unicode_ci DEFAULT NULL,
  `mime_type` varchar(255) COLLATE utf8mb4_unicode_ci DEFAULT NULL,
  `user_id` bigint unsigned DEFAULT NULL,
  `created_by` bigint unsigned DEFAULT NULL,
  `status` varchar(32) COLLATE utf8mb4_unicode_ci DEFAULT NULL,
  `size` bigint DEFAULT NULL,
  `created_at` timestamp NULL DEFAULT NULL,
  `updated_at` timestamp NULL DEFAULT NULL,
  PRIMARY KEY (`id`)
) ENGINE=InnoDB AUTO_INCREMENT=75 DEFAULT CHARSET=utf8mb4 COLLATE=utf8mb4_unicode_ci;
/*!40101 SET character_set_client = @saved_cs_client */;

--
-- Dumping data for table `attachments`
--

LOCK TABLES `attachments` WRITE;
/*!40000 ALTER TABLE `attachments` DISABLE KEYS */;
INSERT INTO `attachments` VALUES (2,'attachments/68ef94397dfb8_awHa9oaes5thXCO2JsMM3HueKCEOJh70iZ0ik9iR.txt','AIエージェント用プロンプト.txt','text/plain',14,NULL,'ready',2294,'2025-10-15 21:31:53','2025-10-15 21:31:53'),(3,'attachments/68efa0d210796_k0Vl7SjOZZnow13NNkarapLuNO5AyhXwj9FtU3OQ.txt','AIエージェント用プロンプト.txt','text/plain',14,NULL,'ready',2294,'2025-10-15 22:25:37','2025-10-15 22:25:38'),(4,'attachments/68efa13487467_Jb9sgof8ZbwqKvUCSq2R3BLQNWdskAyX8S2LDMqh.txt','AIエージェント用プロンプト.txt','text/plain',14,NULL,'ready',2294,'2025-10-15 22:27:16','2025-10-15 22:27:16'),(5,'attachments/68efa1aa70b3b_9uT7dG8SEgTb9SfArZieayk4olOgzkKcTU5NBOgH.txt','AIエージェント用プロンプト.txt','text/plain',14,NULL,'ready',2294,'2025-10-15 22:29:14','2025-10-15 22:29:14'),(6,'attachments/68efa1ff30f8e_SMsn3pjp6XChiiINuElxbev5OIg1ZNoo1pJB11IL.png','105F2024QRi19.png','image/png',14,NULL,'ready',36557,'2025-10-15 22:30:39','2025-10-15 22:30:39'),(7,'attachments/68efa21ca5690_9ey0IHYPi8bifJdiuJhRlOaycDYGPr6BQ5JXksGu.png','105F2024QRi19.png','image/png',14,NULL,'ready',36557,'2025-10-15 22:31:08','2025-10-15 22:31:08'),(8,'attachments/68efa3f972e5e_x45BlGsTBA2nm751nvJAKphgCXgyFRU03o58VRGc.png','105F2024QRi19.png','image/png',14,NULL,'ready',36557,'2025-10-15 22:39:05','2025-10-15 22:39:05'),(9,'attachments/68efa431eddfe_nnLnEJkpB6p0GsahoSzp1knKywllBtFJFVpKJX4D.png','105F2024QRi19.png','image/png',14,NULL,'ready',36557,'2025-10-15 22:40:01','2025-10-15 22:40:01'),(10,'attachments/68efa4eee17f2_9o7KCGW0BYuMicZlD47YvIsdbSSqLSXVfbGPRbSh.png','105F2024QRi19.png','image/png',14,NULL,'ready',36557,'2025-10-15 22:43:10','2025-10-15 22:43:10'),(11,'attachments/68efa50acd76f_F7TZAbfU3Ugwdp5wtLElZxVDzXpgKxZDEocRPqZT.png','105F2024QRi19.png','image/png',14,NULL,'ready',36557,'2025-10-15 22:43:38','2025-10-15 22:43:38'),(13,'attachments/68f3198967545_iJq5wvXDpazB9SiDMVHpdxPk9aqjJqhlKG2z4j2z.png','サンプル画像.png','image/png',1,NULL,'ready',36557,'2025-10-18 13:37:29','2025-10-18 13:37:29'),(29,'attachments/b825cc2e-6612-4f29-bd3f-0fd547eccd48_サンプル画像 - コピー.png','サンプル画像 - コピー.png','image/png',1,NULL,'ready',37347,'2025-10-18 18:33:50','2025-10-18 18:33:50'),(30,'attachments/baf81ba8-5170-4c42-9584-a98e5f916d02_サンプル画像 - コピー.png','サンプル画像 - コピー.png','image/png',1,NULL,'ready',37347,'2025-10-18 18:33:53','2025-10-18 18:33:53'),(31,'attachments/eb2c4aa7-d71d-4a99-80e1-fb0c53fc4fa0_サンプル画像.png','サンプル画像.png','image/png',1,NULL,'ready',37347,'2025-10-18 18:34:13','2025-10-18 18:34:13'),(32,'attachments/b6d64181-7c10-473e-8a69-cc1e6cfa9904_サンプル画像 - コピー.png','サンプル画像 - コピー.png','image/png',1,NULL,'ready',37347,'2025-10-18 18:48:52','2025-10-18 18:48:52'),(33,'attachments/eb6d8a13-c580-4b19-af81-049edcc9a8a0_サンプル画像 - コピー.png','サンプル画像 - コピー.png','image/png',1,NULL,'ready',37347,'2025-10-18 18:49:01','2025-10-18 18:49:01'),(35,'attachments/1f80d21d-70af-48e4-b15c-bc487839792b_sample.csv','sample.csv','text/csv',1,NULL,'ready',268,'2025-10-18 22:44:58','2025-10-18 22:44:58'),(36,'attachments/19880020-9653-4f4c-bcb2-de7e1712e91d_AIエージェント用プロンプト.txt','AIエージェント用プロンプト.txt','text/plain',1,NULL,'ready',2294,'2025-10-18 22:52:05','2025-10-18 22:52:05'),(38,'attachments/1e1c28bb-bc1d-4729-aeb6-7b83543083f9_スクリーンショット 2025-07-15 091535.png','スクリーンショット 2025-07-15 091535.png','image/png',1,NULL,'ready',463658,'2025-10-18 23:15:49','2025-10-18 23:15:49'),(39,'attachments/cb18ece2-bb43-409e-83a1-32f25dc3ed0b_AIエージェント用プロンプト.txt','AIエージェント用プロンプト.txt','text/plain',1,NULL,'ready',2294,'2025-10-18 23:17:31','2025-10-18 23:17:31'),(40,'attachments/6b7afff4-3e10-46ae-b5d4-bad2623a7720_sample.csv','sample.csv','text/csv',1,NULL,'ready',268,'2025-10-18 23:19:43','2025-10-18 23:19:43'),(41,'attachments/1903a6e6-8267-4337-bc66-1567ce3db0b1_サンプル画像.png','サンプル画像.png','image/png',1,NULL,'ready',37347,'2025-10-19 14:21:12','2025-10-19 14:21:12'),(42,'attachments/e2ad5d10-7963-4380-94d6-9baa1db3eeca_サンプル画像 - コピー.png','サンプル画像 - コピー.png','image/png',1,NULL,'ready',37347,'2025-10-19 14:21:22','2025-10-19 14:21:22'),(47,'attachments/4bc66840-13a7-472c-bd2a-d4aba1733bbf_サンプル画像 - コピー.png','サンプル画像 - コピー.png','image/png',1,NULL,'ready',37347,'2025-10-19 17:05:00','2025-10-19 17:05:00'),(48,'attachments/56b1b58d-a8d6-4a73-b6df-5f1adaacb2cf_スクリーンショット 2025-07-15 091535.png','スクリーンショット 2025-07-15 091535.png','image/png',1,NULL,'ready',463658,'2025-10-19 18:01:37','2025-10-19 18:01:37'),(49,'attachments/f9457d7f-e760-400d-bf1e-5fda0a4ac80d_スクリーンショット 2025-09-03 145448.png','スクリーンショット 2025-09-03 145448.png','image/png',1,NULL,'ready',34035,'2025-10-19 18:03:30','2025-10-19 18:03:30'),(51,'attachments/8d225ef3-b4c4-4030-9089-5f0d036596f1_スクリーンショット 2025-09-03 145448.png','スクリーンショット 2025-09-03 145448.png','image/png',1,NULL,'ready',34035,'2025-10-19 18:15:02','2025-10-19 18:15:02'),(55,'attachments/3e545a92-b63c-48e4-ac2c-a693f75b2b54_サンプル画像.png','サンプル画像.png','image/png',1,NULL,'1',37347,'2025-10-21 21:26:55','2025-10-21 21:26:55'),(56,'attachments/424c0d29-9d0c-494f-8a2f-278429053a3a_サンプル画像 - コピー.png','サンプル画像 - コピー.png','image/png',1,NULL,'1',37347,'2025-10-22 18:09:59','2025-10-22 18:09:59'),(57,'attachments/e4644973-9df5-42a1-a963-28f985e67d6f_AIエージェント用プロンプト.txt','AIエージェント用プロンプト.txt','text/plain',1,NULL,'ready',2294,'2025-10-22 18:10:28','2025-10-22 18:10:28'),(58,'attachments/3910f19b-4e61-433b-a171-985b12d4e513_スクリーンショット 2025-09-03 145448.png','スクリーンショット 2025-09-03 145448.png','image/png',1,NULL,'ready',34035,'2025-10-22 18:10:57','2025-10-22 18:10:57'),(59,'attachments/68fc164943adc_VX6Crs9KsUTbp5aO9CNEqpD33Hh13FiDG1bosbbI.png','105F2024QRi25.png','image/png',1,NULL,'ready',24338,'2025-10-25 09:14:01','2025-10-25 09:14:01'),(60,'attachments/68fc16e80ca94_l7s6a3lcE54VcmwYqZcxfePQqUhKpuFMLq86VaRO.png','105F2024QRi18.png','image/png',1,NULL,'ready',91548,'2025-10-25 09:16:40','2025-10-25 09:16:40'),(61,'attachments/24a9bc58-1cfa-47d6-af5c-5e2b6b49be67_105F2024QRi20_23.png','105F2024QRi20_23.png','image/png',1,NULL,'1',67330,'2025-10-25 09:24:05','2025-10-25 09:24:05'),(62,'attachments/a0117f6e-42af-4a02-9997-89e5d58dea85_105F2024QRi20_23.png','105F2024QRi20_23.png','image/png',1,NULL,'ready',67330,'2025-10-25 09:25:30','2025-10-25 09:25:30'),(64,'attachments/68fc1943ad7ff_q53veLDlOyEGnMJVmfX7Pyy9c8K0EQd0Q6sN4PoQ.png','スクリーンショット 2025-07-15 091535.png','image/png',1,NULL,'ready',186082,'2025-10-25 09:26:43','2025-10-25 09:26:43'),(65,'attachments/53f7661f-db8c-413c-a71d-2511bb156ecb_105F2024QRi25.png','105F2024QRi25.png','image/png',1,NULL,'1',25377,'2025-10-25 10:22:38','2025-10-25 10:22:38'),(66,'attachments/68fcc47f26815_OnjI4LlCodSZBB1qqKFcCZmGff5HqGFRka2W45rc.txt','AIエージェント用プロンプト.txt','text/plain',1,NULL,'ready',2294,'2025-10-25 21:37:19','2025-10-25 21:37:19'),(67,'attachments/68fcc4ae220d9_BI2PcFxR3dfcaFo6Im2njT6KiKiRADmxZxlQ7qQo.png','105F2024QRi20_23.png','image/png',1,NULL,'ready',48592,'2025-10-25 21:38:06','2025-10-25 21:38:06'),(68,'attachments/68fcc4e721bde_cEq2N7v3yGLID1S3omz2sTdXK5e3Ryjvb4wSJOg4.png','105F2024QRi25.png','image/png',14,NULL,'ready',24338,'2025-10-25 21:39:03','2025-10-25 21:39:03'),(69,'attachments/68fcd71d53c4f_CbazffoB394rsfygz4wsDBrFe9G9sVJ7Q8Exjqav.png','105F2024QRi18.png','image/png',1,NULL,'ready',91548,'2025-10-25 22:56:45','2025-10-25 22:56:45'),(70,'attachments/89372761-7bf5-408b-a863-61ff3d6ac365_qJw3koLGMWHLm3hZwzYeitRDXH7I9QccZE6n3aHi.png','105F2024QRi02.png','image/png',1,NULL,'ready',11006,'2025-10-26 09:16:29','2025-10-26 09:16:29'),(71,'attachments/0af9af02-331d-4725-aee5-0bca677fd4d7_oLcCdGBS9FgAG7LHPWwjUwgupBcDjM0W4dKHRCsm.png','105F2024QRi03.png','image/png',1,NULL,'ready',10509,'2025-10-26 09:30:34','2025-10-26 09:30:34'),(72,'attachments/59f8fea0-ca90-472a-8a9f-5e7ad364cf0a_37r4a1y4IBDJ8gvgKA6BusSkG90BcpQnY0Z8zsbl.png','105F2024QRi04.png','image/png',1,NULL,'ready',66309,'2025-10-26 15:17:47','2025-10-26 15:17:47'),(73,'attachments/2e7e45c6-d312-4ed5-993d-9b32c1e7bfc6_105F2024QRi04.png','105F2024QRi04.png','application/octet-stream',NULL,NULL,'ready',1,'2025-10-26 15:23:33','2025-10-26 15:23:33'),(74,'attachments/d13c1c6d-475c-47f8-beea-1da2aee76090_105F2024QRi04.png','105F2024QRi04.png','image/png',1,NULL,'ready',66309,'2025-10-26 15:25:56','2025-10-26 15:25:56');
/*!40000 ALTER TABLE `attachments` ENABLE KEYS */;
UNLOCK TABLES;

--
-- Table structure for table `cache`
--

DROP TABLE IF EXISTS `cache`;
/*!40101 SET @saved_cs_client     = @@character_set_client */;
/*!50503 SET character_set_client = utf8mb4 */;
CREATE TABLE `cache` (
  `key` varchar(255) COLLATE utf8mb4_unicode_ci NOT NULL,
  `value` text COLLATE utf8mb4_unicode_ci NOT NULL,
  `expiration` int DEFAULT NULL,
  UNIQUE KEY `cache_key_unique` (`key`)
) ENGINE=InnoDB DEFAULT CHARSET=utf8mb4 COLLATE=utf8mb4_unicode_ci;
/*!40101 SET character_set_client = @saved_cs_client */;

--
-- Dumping data for table `cache`
--

LOCK TABLES `cache` WRITE;
/*!40000 ALTER TABLE `cache` DISABLE KEYS */;
/*!40000 ALTER TABLE `cache` ENABLE KEYS */;
UNLOCK TABLES;

--
-- Table structure for table `chat_message_reads`
--

DROP TABLE IF EXISTS `chat_message_reads`;
/*!40101 SET @saved_cs_client     = @@character_set_client */;
/*!50503 SET character_set_client = utf8mb4 */;
CREATE TABLE `chat_message_reads` (
  `id` bigint unsigned NOT NULL AUTO_INCREMENT,
  `chat_message_id` bigint unsigned NOT NULL,
  `user_id` bigint unsigned NOT NULL,
  `read_at` timestamp NULL DEFAULT NULL,
  `created_at` timestamp NULL DEFAULT NULL,
  `updated_at` timestamp NULL DEFAULT NULL,
  PRIMARY KEY (`id`),
  UNIQUE KEY `chat_message_reads_chat_message_id_user_id_unique` (`chat_message_id`,`user_id`),
  KEY `chat_message_reads_user_id_foreign` (`user_id`),
  CONSTRAINT `chat_message_reads_chat_message_id_foreign` FOREIGN KEY (`chat_message_id`) REFERENCES `chat_messages` (`id`) ON DELETE CASCADE,
  CONSTRAINT `chat_message_reads_user_id_foreign` FOREIGN KEY (`user_id`) REFERENCES `users` (`id`) ON DELETE CASCADE
) ENGINE=InnoDB AUTO_INCREMENT=31 DEFAULT CHARSET=utf8mb4 COLLATE=utf8mb4_unicode_ci;
/*!40101 SET character_set_client = @saved_cs_client */;

--
-- Dumping data for table `chat_message_reads`
--

LOCK TABLES `chat_message_reads` WRITE;
/*!40000 ALTER TABLE `chat_message_reads` DISABLE KEYS */;
INSERT INTO `chat_message_reads` VALUES (1,1,14,'2025-10-15 18:49:11','2025-10-15 18:49:11','2025-10-15 18:49:11'),(2,2,1,'2025-10-15 18:49:23','2025-10-15 18:49:23','2025-10-15 18:49:23'),(23,23,1,'2025-10-21 21:27:00','2025-10-21 21:27:00','2025-10-21 21:27:00'),(24,24,1,'2025-10-22 18:10:04','2025-10-22 18:10:04','2025-10-22 18:10:04'),(25,25,1,'2025-10-25 09:24:10','2025-10-25 09:24:10','2025-10-25 09:24:10'),(26,26,1,'2025-10-25 10:22:43','2025-10-25 10:22:43','2025-10-25 10:22:43'),(28,23,14,'2025-10-25 21:50:11','2025-10-25 21:50:11','2025-10-25 21:50:11'),(29,24,14,'2025-10-25 21:50:11','2025-10-25 21:50:11','2025-10-25 21:50:11'),(30,25,14,'2025-10-25 21:50:11','2025-10-25 21:50:11','2025-10-25 21:50:11');
/*!40000 ALTER TABLE `chat_message_reads` ENABLE KEYS */;
UNLOCK TABLES;

--
-- Table structure for table `chat_messages`
--

DROP TABLE IF EXISTS `chat_messages`;
/*!40101 SET @saved_cs_client     = @@character_set_client */;
/*!50503 SET character_set_client = utf8mb4 */;
CREATE TABLE `chat_messages` (
  `id` bigint unsigned NOT NULL AUTO_INCREMENT,
  `chat_room_id` bigint unsigned DEFAULT NULL,
  `user_id` bigint unsigned DEFAULT NULL,
  `body` text COLLATE utf8mb4_unicode_ci,
  `message` text COLLATE utf8mb4_unicode_ci,
  `type` varchar(255) COLLATE utf8mb4_unicode_ci DEFAULT NULL,
  `read_at` timestamp NULL DEFAULT NULL,
  `created_at` timestamp NULL DEFAULT NULL,
  `updated_at` timestamp NULL DEFAULT NULL,
  PRIMARY KEY (`id`)
) ENGINE=InnoDB AUTO_INCREMENT=27 DEFAULT CHARSET=utf8mb4 COLLATE=utf8mb4_unicode_ci;
/*!40101 SET character_set_client = @saved_cs_client */;

--
-- Dumping data for table `chat_messages`
--

LOCK TABLES `chat_messages` WRITE;
/*!40000 ALTER TABLE `chat_messages` DISABLE KEYS */;
INSERT INTO `chat_messages` VALUES (1,1,1,'こんにちはわ。',NULL,'text',NULL,'2025-10-15 18:49:06','2025-10-15 18:49:06'),(2,1,14,'ファイル送ってください。',NULL,'text',NULL,'2025-10-15 18:49:18','2025-10-15 18:49:18'),(23,1,1,'{\"url\":\"\\/storage\\/attachments\\/3e545a92-b63c-48e4-ac2c-a693f75b2b54_\\u30b5\\u30f3\\u30d7\\u30eb\\u753b\\u50cf.png\",\"original_name\":\"\\u30b5\\u30f3\\u30d7\\u30eb\\u753b\\u50cf.png\",\"mime\":\"image\\/png\",\"size\":37347,\"path\":\"attachments\\/3e545a92-b63c-48e4-ac2c-a693f75b2b54_\\u30b5\\u30f3\\u30d7\\u30eb\\u753b\\u50cf.png\",\"thumb_path\":\"attachments\\/thumbs\\/3e545a92-b63c-48e4-ac2c-a693f75b2b54_\\u30b5\\u30f3\\u30d7\\u30eb\\u753b\\u50cf.png\",\"thumb_url\":\"\\/storage\\/attachments\\/thumbs\\/3e545a92-b63c-48e4-ac2c-a693f75b2b54_\\u30b5\\u30f3\\u30d7\\u30eb\\u753b\\u50cf.png\",\"attachment_id\":55}',NULL,'file',NULL,'2025-10-21 21:26:55','2025-10-21 21:26:55'),(24,1,1,'{\"url\":\"\\/storage\\/attachments\\/424c0d29-9d0c-494f-8a2f-278429053a3a_\\u30b5\\u30f3\\u30d7\\u30eb\\u753b\\u50cf - \\u30b3\\u30d4\\u30fc.png\",\"original_name\":\"\\u30b5\\u30f3\\u30d7\\u30eb\\u753b\\u50cf - \\u30b3\\u30d4\\u30fc.png\",\"mime\":\"image\\/png\",\"size\":37347,\"path\":\"attachments\\/424c0d29-9d0c-494f-8a2f-278429053a3a_\\u30b5\\u30f3\\u30d7\\u30eb\\u753b\\u50cf - \\u30b3\\u30d4\\u30fc.png\",\"thumb_path\":\"attachments\\/thumbs\\/424c0d29-9d0c-494f-8a2f-278429053a3a_\\u30b5\\u30f3\\u30d7\\u30eb\\u753b\\u50cf - \\u30b3\\u30d4\\u30fc.png\",\"thumb_url\":\"\\/storage\\/attachments\\/thumbs\\/424c0d29-9d0c-494f-8a2f-278429053a3a_\\u30b5\\u30f3\\u30d7\\u30eb\\u753b\\u50cf - \\u30b3\\u30d4\\u30fc.png\",\"attachment_id\":56}',NULL,'file',NULL,'2025-10-22 18:09:59','2025-10-22 18:09:59'),(25,1,1,'{\"url\":\"\\/storage\\/attachments\\/24a9bc58-1cfa-47d6-af5c-5e2b6b49be67_105F2024QRi20_23.png\",\"original_name\":\"105F2024QRi20_23.png\",\"mime\":\"image\\/png\",\"size\":67330,\"path\":\"attachments\\/24a9bc58-1cfa-47d6-af5c-5e2b6b49be67_105F2024QRi20_23.png\",\"thumb_path\":\"attachments\\/thumbs\\/24a9bc58-1cfa-47d6-af5c-5e2b6b49be67_105F2024QRi20_23.png\",\"thumb_url\":\"\\/storage\\/attachments\\/thumbs\\/24a9bc58-1cfa-47d6-af5c-5e2b6b49be67_105F2024QRi20_23.png\",\"attachment_id\":61}',NULL,'file',NULL,'2025-10-25 09:24:05','2025-10-25 09:24:05'),(26,2,1,'{\"url\":\"\\/storage\\/attachments\\/53f7661f-db8c-413c-a71d-2511bb156ecb_105F2024QRi25.png\",\"original_name\":\"105F2024QRi25.png\",\"mime\":\"image\\/png\",\"size\":25377,\"path\":\"attachments\\/53f7661f-db8c-413c-a71d-2511bb156ecb_105F2024QRi25.png\",\"thumb_path\":\"attachments\\/thumbs\\/53f7661f-db8c-413c-a71d-2511bb156ecb_105F2024QRi25.png\",\"thumb_url\":\"\\/storage\\/attachments\\/thumbs\\/53f7661f-db8c-413c-a71d-2511bb156ecb_105F2024QRi25.png\",\"attachment_id\":65}',NULL,'file',NULL,'2025-10-25 10:22:38','2025-10-25 10:22:38');
/*!40000 ALTER TABLE `chat_messages` ENABLE KEYS */;
UNLOCK TABLES;

--
-- Table structure for table `chat_room_user`
--

DROP TABLE IF EXISTS `chat_room_user`;
/*!40101 SET @saved_cs_client     = @@character_set_client */;
/*!50503 SET character_set_client = utf8mb4 */;
CREATE TABLE `chat_room_user` (
  `id` bigint unsigned NOT NULL AUTO_INCREMENT,
  `chat_room_id` bigint unsigned NOT NULL,
  `user_id` bigint unsigned NOT NULL,
  `role` varchar(255) COLLATE utf8mb4_unicode_ci DEFAULT NULL,
  `created_at` timestamp NULL DEFAULT NULL,
  `updated_at` timestamp NULL DEFAULT NULL,
  PRIMARY KEY (`id`),
  UNIQUE KEY `chat_room_user_chat_room_id_user_id_unique` (`chat_room_id`,`user_id`),
  KEY `chat_room_user_user_id_foreign` (`user_id`),
  CONSTRAINT `chat_room_user_chat_room_id_foreign` FOREIGN KEY (`chat_room_id`) REFERENCES `chat_rooms` (`id`) ON DELETE CASCADE,
  CONSTRAINT `chat_room_user_user_id_foreign` FOREIGN KEY (`user_id`) REFERENCES `users` (`id`) ON DELETE CASCADE
) ENGINE=InnoDB AUTO_INCREMENT=5 DEFAULT CHARSET=utf8mb4 COLLATE=utf8mb4_unicode_ci;
/*!40101 SET character_set_client = @saved_cs_client */;

--
-- Dumping data for table `chat_room_user`
--

LOCK TABLES `chat_room_user` WRITE;
/*!40000 ALTER TABLE `chat_room_user` DISABLE KEYS */;
INSERT INTO `chat_room_user` VALUES (1,1,1,NULL,'2025-10-15 18:48:42','2025-10-15 18:48:42'),(2,1,14,NULL,'2025-10-15 18:48:42','2025-10-15 18:48:42'),(3,2,1,NULL,'2025-10-25 10:22:30','2025-10-25 10:22:30'),(4,2,2,NULL,'2025-10-25 10:22:30','2025-10-25 10:22:30');
/*!40000 ALTER TABLE `chat_room_user` ENABLE KEYS */;
UNLOCK TABLES;

--
-- Table structure for table `chat_rooms`
--

DROP TABLE IF EXISTS `chat_rooms`;
/*!40101 SET @saved_cs_client     = @@character_set_client */;
/*!50503 SET character_set_client = utf8mb4 */;
CREATE TABLE `chat_rooms` (
  `id` bigint unsigned NOT NULL AUTO_INCREMENT,
  `name` varchar(255) COLLATE utf8mb4_unicode_ci DEFAULT NULL,
  `type` varchar(255) COLLATE utf8mb4_unicode_ci NOT NULL DEFAULT 'private',
  `created_at` timestamp NULL DEFAULT NULL,
  `updated_at` timestamp NULL DEFAULT NULL,
  PRIMARY KEY (`id`)
) ENGINE=InnoDB AUTO_INCREMENT=3 DEFAULT CHARSET=utf8mb4 COLLATE=utf8mb4_unicode_ci;
/*!40101 SET character_set_client = @saved_cs_client */;

--
-- Dumping data for table `chat_rooms`
--

LOCK TABLES `chat_rooms` WRITE;
/*!40000 ALTER TABLE `chat_rooms` DISABLE KEYS */;
INSERT INTO `chat_rooms` VALUES (1,NULL,'private','2025-10-15 18:48:42','2025-10-15 18:48:42'),(2,NULL,'private','2025-10-25 10:22:30','2025-10-25 10:22:30');
/*!40000 ALTER TABLE `chat_rooms` ENABLE KEYS */;
UNLOCK TABLES;

--
-- Table structure for table `clients`
--

DROP TABLE IF EXISTS `clients`;
/*!40101 SET @saved_cs_client     = @@character_set_client */;
/*!50503 SET character_set_client = utf8mb4 */;
CREATE TABLE `clients` (
  `id` bigint unsigned NOT NULL AUTO_INCREMENT,
  `company_id` bigint unsigned DEFAULT NULL,
  `name` varchar(255) COLLATE utf8mb4_unicode_ci NOT NULL,
  `notes` text COLLATE utf8mb4_unicode_ci,
  `created_at` timestamp NULL DEFAULT NULL,
  `updated_at` timestamp NULL DEFAULT NULL,
  PRIMARY KEY (`id`)
) ENGINE=InnoDB AUTO_INCREMENT=4 DEFAULT CHARSET=utf8mb4 COLLATE=utf8mb4_unicode_ci;
/*!40101 SET character_set_client = @saved_cs_client */;

--
-- Dumping data for table `clients`
--

LOCK TABLES `clients` WRITE;
/*!40000 ALTER TABLE `clients` DISABLE KEYS */;
INSERT INTO `clients` VALUES (1,2,'朝日デザイン株式会社','主要クライアントの一つ。','2025-10-15 18:38:10','2025-10-15 18:38:10'),(2,2,'富士プロダクション','外注案件中心。','2025-10-15 18:38:10','2025-10-15 18:38:10'),(3,2,'みどり商事','小規模案件が多い。','2025-10-15 18:38:10','2025-10-15 18:38:10');
/*!40000 ALTER TABLE `clients` ENABLE KEYS */;
UNLOCK TABLES;

--
-- Table structure for table `companies`
--

DROP TABLE IF EXISTS `companies`;
/*!40101 SET @saved_cs_client     = @@character_set_client */;
/*!50503 SET character_set_client = utf8mb4 */;
CREATE TABLE `companies` (
  `id` bigint unsigned NOT NULL AUTO_INCREMENT,
  `name` varchar(255) COLLATE utf8mb4_unicode_ci NOT NULL,
  `code` varchar(255) COLLATE utf8mb4_unicode_ci NOT NULL,
  `description` text COLLATE utf8mb4_unicode_ci,
  `active` tinyint(1) NOT NULL DEFAULT '1',
  `created_at` timestamp NULL DEFAULT NULL,
  `updated_at` timestamp NULL DEFAULT NULL,
  PRIMARY KEY (`id`),
  UNIQUE KEY `companies_code_unique` (`code`)
) ENGINE=InnoDB AUTO_INCREMENT=3 DEFAULT CHARSET=utf8mb4 COLLATE=utf8mb4_unicode_ci;
/*!40101 SET character_set_client = @saved_cs_client */;

--
-- Dumping data for table `companies`
--

LOCK TABLES `companies` WRITE;
/*!40000 ALTER TABLE `companies` DISABLE KEYS */;
INSERT INTO `companies` VALUES (1,'Superadmin Company','SUPERADMIN','Auto-created company for superadmin user',1,'2025-10-15 18:37:51','2025-10-15 18:37:51'),(2,'株式会社サン・ブレーン','SUNBRAIN','サン・ブレーン本社',1,'2025-10-15 18:37:52','2025-10-15 18:37:52');
/*!40000 ALTER TABLE `companies` ENABLE KEYS */;
UNLOCK TABLES;

--
-- Table structure for table `departments`
--

DROP TABLE IF EXISTS `departments`;
/*!40101 SET @saved_cs_client     = @@character_set_client */;
/*!50503 SET character_set_client = utf8mb4 */;
CREATE TABLE `departments` (
  `id` bigint unsigned NOT NULL AUTO_INCREMENT,
  `company_id` bigint unsigned NOT NULL,
  `name` varchar(255) COLLATE utf8mb4_unicode_ci NOT NULL,
  `code` varchar(255) COLLATE utf8mb4_unicode_ci NOT NULL,
  `description` text COLLATE utf8mb4_unicode_ci,
  `sort_order` int NOT NULL DEFAULT '0',
  `active` tinyint(1) NOT NULL DEFAULT '1',
  `created_at` timestamp NULL DEFAULT NULL,
  `updated_at` timestamp NULL DEFAULT NULL,
  PRIMARY KEY (`id`),
  UNIQUE KEY `departments_company_id_code_unique` (`company_id`,`code`),
  CONSTRAINT `departments_company_id_foreign` FOREIGN KEY (`company_id`) REFERENCES `companies` (`id`) ON DELETE CASCADE
) ENGINE=InnoDB AUTO_INCREMENT=4 DEFAULT CHARSET=utf8mb4 COLLATE=utf8mb4_unicode_ci;
/*!40101 SET character_set_client = @saved_cs_client */;

--
-- Dumping data for table `departments`
--

LOCK TABLES `departments` WRITE;
/*!40000 ALTER TABLE `departments` DISABLE KEYS */;
INSERT INTO `departments` VALUES (1,2,'情報出版','INFO','情報出版部門',0,1,'2025-10-15 18:37:52','2025-10-15 18:37:52'),(2,2,'製版','SEIHAN','製版部門',1,1,'2025-10-15 18:37:52','2025-10-15 18:37:52'),(3,2,'オンデマンド','ONDEMAND','オンデマンド部門',2,1,'2025-10-15 18:37:52','2025-10-15 18:37:52');
/*!40000 ALTER TABLE `departments` ENABLE KEYS */;
UNLOCK TABLES;

--
-- Table structure for table `diaries`
--

DROP TABLE IF EXISTS `diaries`;
/*!40101 SET @saved_cs_client     = @@character_set_client */;
/*!50503 SET character_set_client = utf8mb4 */;
CREATE TABLE `diaries` (
  `id` bigint unsigned NOT NULL AUTO_INCREMENT,
  `user_id` bigint unsigned NOT NULL,
  `date` date NOT NULL,
  `content` text COLLATE utf8mb4_unicode_ci NOT NULL,
  `read_by` json DEFAULT NULL COMMENT 'JSON array of user ids who have read this diary',
  `created_at` timestamp NULL DEFAULT NULL,
  `updated_at` timestamp NULL DEFAULT NULL,
  PRIMARY KEY (`id`),
  UNIQUE KEY `diaries_user_id_date_unique` (`user_id`,`date`),
  KEY `diaries_date_index` (`date`),
  CONSTRAINT `diaries_user_id_foreign` FOREIGN KEY (`user_id`) REFERENCES `users` (`id`) ON DELETE CASCADE
) ENGINE=InnoDB AUTO_INCREMENT=1988 DEFAULT CHARSET=utf8mb4 COLLATE=utf8mb4_unicode_ci;
/*!40101 SET character_set_client = @saved_cs_client */;

--
-- Dumping data for table `diaries`
--

LOCK TABLES `diaries` WRITE;
/*!40000 ALTER TABLE `diaries` DISABLE KEYS */;
INSERT INTO `diaries` VALUES (1,8,'2025-07-01','今日は重要な会議があり、プロジェクトの進捗について詳細に議論しました。いくつかの課題が見つかり、対応方針を決定しました。引き続きフォローします。',NULL,'2025-07-01 09:00:00','2025-10-15 18:38:02'),(2,8,'2025-07-02','今日は重要な会議があり、プロジェクトの進捗について詳細に議論しました。いくつかの課題が見つかり、対応方針を決定しました。引き続きフォローします。',NULL,'2025-07-02 09:00:00','2025-10-15 18:38:02'),(3,8,'2025-07-03','今日は重要な会議があり、プロジェクトの進捗について詳細に議論しました。いくつかの課題が見つかり、対応方針を決定しました。引き続きフォローします。',NULL,'2025-07-03 09:00:00','2025-10-15 18:38:02'),(4,8,'2025-07-04','今日は重要な会議があり、プロジェクトの進捗について詳細に議論しました。いくつかの課題が見つかり、対応方針を決定しました。引き続きフォローします。',NULL,'2025-07-04 09:00:00','2025-10-15 18:38:02'),(5,8,'2025-07-07','今日は重要な会議があり、プロジェクトの進捗について詳細に議論しました。いくつかの課題が見つかり、対応方針を決定しました。引き続きフォローします。',NULL,'2025-07-07 09:00:00','2025-10-15 18:38:02'),(6,8,'2025-07-08','今日は重要な会議があり、プロジェクトの進捗について詳細に議論しました。いくつかの課題が見つかり、対応方針を決定しました。引き続きフォローします。',NULL,'2025-07-08 09:00:00','2025-10-15 18:38:02'),(7,8,'2025-07-09','今日は重要な会議があり、プロジェクトの進捗について詳細に議論しました。いくつかの課題が見つかり、対応方針を決定しました。引き続きフォローします。',NULL,'2025-07-09 09:00:00','2025-10-15 18:38:02'),(8,8,'2025-07-10','今日は重要な会議があり、プロジェクトの進捗について詳細に議論しました。いくつかの課題が見つかり、対応方針を決定しました。引き続きフォローします。',NULL,'2025-07-10 09:00:00','2025-10-15 18:38:02'),(9,8,'2025-07-11','今日は重要な会議があり、プロジェクトの進捗について詳細に議論しました。いくつかの課題が見つかり、対応方針を決定しました。引き続きフォローします。',NULL,'2025-07-11 09:00:00','2025-10-15 18:38:02'),(10,8,'2025-07-14','今日は重要な会議があり、プロジェクトの進捗について詳細に議論しました。いくつかの課題が見つかり、対応方針を決定しました。引き続きフォローします。',NULL,'2025-07-14 09:00:00','2025-10-15 18:38:02'),(11,8,'2025-07-15','今日は重要な会議があり、プロジェクトの進捗について詳細に議論しました。いくつかの課題が見つかり、対応方針を決定しました。引き続きフォローします。',NULL,'2025-07-15 09:00:00','2025-10-15 18:38:02'),(12,8,'2025-07-16','今日は重要な会議があり、プロジェクトの進捗について詳細に議論しました。いくつかの課題が見つかり、対応方針を決定しました。引き続きフォローします。',NULL,'2025-07-16 09:00:00','2025-10-15 18:38:02'),(13,8,'2025-07-17','今日は重要な会議があり、プロジェクトの進捗について詳細に議論しました。いくつかの課題が見つかり、対応方針を決定しました。引き続きフォローします。',NULL,'2025-07-17 09:00:00','2025-10-15 18:38:02'),(14,8,'2025-07-18','今日は重要な会議があり、プロジェクトの進捗について詳細に議論しました。いくつかの課題が見つかり、対応方針を決定しました。引き続きフォローします。',NULL,'2025-07-18 09:00:00','2025-10-15 18:38:02'),(15,8,'2025-07-21','今日は重要な会議があり、プロジェクトの進捗について詳細に議論しました。いくつかの課題が見つかり、対応方針を決定しました。引き続きフォローします。',NULL,'2025-07-21 09:00:00','2025-10-15 18:38:02'),(16,8,'2025-07-22','今日は重要な会議があり、プロジェクトの進捗について詳細に議論しました。いくつかの課題が見つかり、対応方針を決定しました。引き続きフォローします。',NULL,'2025-07-22 09:00:00','2025-10-15 18:38:02'),(17,8,'2025-07-23','今日は重要な会議があり、プロジェクトの進捗について詳細に議論しました。いくつかの課題が見つかり、対応方針を決定しました。引き続きフォローします。',NULL,'2025-07-23 09:00:00','2025-10-15 18:38:02'),(18,8,'2025-07-24','今日は重要な会議があり、プロジェクトの進捗について詳細に議論しました。いくつかの課題が見つかり、対応方針を決定しました。引き続きフォローします。',NULL,'2025-07-24 09:00:00','2025-10-15 18:38:02'),(19,8,'2025-07-25','今日は重要な会議があり、プロジェクトの進捗について詳細に議論しました。いくつかの課題が見つかり、対応方針を決定しました。引き続きフォローします。',NULL,'2025-07-25 09:00:00','2025-10-15 18:38:02'),(20,8,'2025-07-28','今日は重要な会議があり、プロジェクトの進捗について詳細に議論しました。いくつかの課題が見つかり、対応方針を決定しました。引き続きフォローします。',NULL,'2025-07-28 09:00:00','2025-10-15 18:38:02'),(21,8,'2025-07-29','今日は重要な会議があり、プロジェクトの進捗について詳細に議論しました。いくつかの課題が見つかり、対応方針を決定しました。引き続きフォローします。',NULL,'2025-07-29 09:00:00','2025-10-15 18:38:02'),(22,8,'2025-07-30','今日は重要な会議があり、プロジェクトの進捗について詳細に議論しました。いくつかの課題が見つかり、対応方針を決定しました。引き続きフォローします。',NULL,'2025-07-30 09:00:00','2025-10-15 18:38:02'),(23,8,'2025-07-31','今日は重要な会議があり、プロジェクトの進捗について詳細に議論しました。いくつかの課題が見つかり、対応方針を決定しました。引き続きフォローします。',NULL,'2025-07-31 09:00:00','2025-10-15 18:38:02'),(24,8,'2025-08-01','今日は重要な会議があり、プロジェクトの進捗について詳細に議論しました。いくつかの課題が見つかり、対応方針を決定しました。引き続きフォローします。',NULL,'2025-08-01 09:00:00','2025-10-15 18:38:02'),(25,8,'2025-08-04','今日は重要な会議があり、プロジェクトの進捗について詳細に議論しました。いくつかの課題が見つかり、対応方針を決定しました。引き続きフォローします。',NULL,'2025-08-04 09:00:00','2025-10-15 18:38:02'),(26,8,'2025-08-05','今日は重要な会議があり、プロジェクトの進捗について詳細に議論しました。いくつかの課題が見つかり、対応方針を決定しました。引き続きフォローします。',NULL,'2025-08-05 09:00:00','2025-10-15 18:38:02'),(27,8,'2025-08-06','今日は重要な会議があり、プロジェクトの進捗について詳細に議論しました。いくつかの課題が見つかり、対応方針を決定しました。引き続きフォローします。',NULL,'2025-08-06 09:00:00','2025-10-15 18:38:02'),(28,8,'2025-08-07','今日は重要な会議があり、プロジェクトの進捗について詳細に議論しました。いくつかの課題が見つかり、対応方針を決定しました。引き続きフォローします。',NULL,'2025-08-07 09:00:00','2025-10-15 18:38:02'),(29,8,'2025-08-08','今日は重要な会議があり、プロジェクトの進捗について詳細に議論しました。いくつかの課題が見つかり、対応方針を決定しました。引き続きフォローします。',NULL,'2025-08-08 09:00:00','2025-10-15 18:38:02'),(30,8,'2025-08-11','今日は重要な会議があり、プロジェクトの進捗について詳細に議論しました。いくつかの課題が見つかり、対応方針を決定しました。引き続きフォローします。',NULL,'2025-08-11 09:00:00','2025-10-15 18:38:02'),(31,8,'2025-08-12','今日は重要な会議があり、プロジェクトの進捗について詳細に議論しました。いくつかの課題が見つかり、対応方針を決定しました。引き続きフォローします。',NULL,'2025-08-12 09:00:00','2025-10-15 18:38:02'),(32,8,'2025-08-13','今日は重要な会議があり、プロジェクトの進捗について詳細に議論しました。いくつかの課題が見つかり、対応方針を決定しました。引き続きフォローします。',NULL,'2025-08-13 09:00:00','2025-10-15 18:38:02'),(33,8,'2025-08-14','今日は重要な会議があり、プロジェクトの進捗について詳細に議論しました。いくつかの課題が見つかり、対応方針を決定しました。引き続きフォローします。',NULL,'2025-08-14 09:00:00','2025-10-15 18:38:02'),(34,8,'2025-08-15','今日は重要な会議があり、プロジェクトの進捗について詳細に議論しました。いくつかの課題が見つかり、対応方針を決定しました。引き続きフォローします。',NULL,'2025-08-15 09:00:00','2025-10-15 18:38:02'),(35,8,'2025-08-18','今日は重要な会議があり、プロジェクトの進捗について詳細に議論しました。いくつかの課題が見つかり、対応方針を決定しました。引き続きフォローします。',NULL,'2025-08-18 09:00:00','2025-10-15 18:38:02'),(36,8,'2025-08-19','今日は重要な会議があり、プロジェクトの進捗について詳細に議論しました。いくつかの課題が見つかり、対応方針を決定しました。引き続きフォローします。',NULL,'2025-08-19 09:00:00','2025-10-15 18:38:02'),(37,8,'2025-08-20','今日は重要な会議があり、プロジェクトの進捗について詳細に議論しました。いくつかの課題が見つかり、対応方針を決定しました。引き続きフォローします。',NULL,'2025-08-20 09:00:00','2025-10-15 18:38:02'),(38,8,'2025-08-21','今日は重要な会議があり、プロジェクトの進捗について詳細に議論しました。いくつかの課題が見つかり、対応方針を決定しました。引き続きフォローします。',NULL,'2025-08-21 09:00:00','2025-10-15 18:38:02'),(39,8,'2025-08-22','今日は重要な会議があり、プロジェクトの進捗について詳細に議論しました。いくつかの課題が見つかり、対応方針を決定しました。引き続きフォローします。',NULL,'2025-08-22 09:00:00','2025-10-15 18:38:02'),(40,8,'2025-08-25','今日は重要な会議があり、プロジェクトの進捗について詳細に議論しました。いくつかの課題が見つかり、対応方針を決定しました。引き続きフォローします。',NULL,'2025-08-25 09:00:00','2025-10-15 18:38:02'),(41,8,'2025-08-26','今日は重要な会議があり、プロジェクトの進捗について詳細に議論しました。いくつかの課題が見つかり、対応方針を決定しました。引き続きフォローします。',NULL,'2025-08-26 09:00:00','2025-10-15 18:38:02'),(42,8,'2025-08-27','今日は重要な会議があり、プロジェクトの進捗について詳細に議論しました。いくつかの課題が見つかり、対応方針を決定しました。引き続きフォローします。',NULL,'2025-08-27 09:00:00','2025-10-15 18:38:02'),(43,8,'2025-08-28','今日は重要な会議があり、プロジェクトの進捗について詳細に議論しました。いくつかの課題が見つかり、対応方針を決定しました。引き続きフォローします。',NULL,'2025-08-28 09:00:00','2025-10-15 18:38:02'),(44,8,'2025-08-29','今日は重要な会議があり、プロジェクトの進捗について詳細に議論しました。いくつかの課題が見つかり、対応方針を決定しました。引き続きフォローします。',NULL,'2025-08-29 09:00:00','2025-10-15 18:38:02'),(45,8,'2025-09-01','今日は重要な会議があり、プロジェクトの進捗について詳細に議論しました。いくつかの課題が見つかり、対応方針を決定しました。引き続きフォローします。',NULL,'2025-09-01 09:00:00','2025-10-15 18:38:02'),(46,8,'2025-09-02','今日は重要な会議があり、プロジェクトの進捗について詳細に議論しました。いくつかの課題が見つかり、対応方針を決定しました。引き続きフォローします。',NULL,'2025-09-02 09:00:00','2025-10-15 18:38:02'),(47,8,'2025-09-03','今日は重要な会議があり、プロジェクトの進捗について詳細に議論しました。いくつかの課題が見つかり、対応方針を決定しました。引き続きフォローします。',NULL,'2025-09-03 09:00:00','2025-10-15 18:38:02'),(48,8,'2025-09-04','今日は重要な会議があり、プロジェクトの進捗について詳細に議論しました。いくつかの課題が見つかり、対応方針を決定しました。引き続きフォローします。',NULL,'2025-09-04 09:00:00','2025-10-15 18:38:02'),(49,8,'2025-09-05','今日は重要な会議があり、プロジェクトの進捗について詳細に議論しました。いくつかの課題が見つかり、対応方針を決定しました。引き続きフォローします。',NULL,'2025-09-05 09:00:00','2025-10-15 18:38:02'),(50,8,'2025-09-08','今日は重要な会議があり、プロジェクトの進捗について詳細に議論しました。いくつかの課題が見つかり、対応方針を決定しました。引き続きフォローします。',NULL,'2025-09-08 09:00:00','2025-10-15 18:38:02'),(51,8,'2025-09-09','今日は重要な会議があり、プロジェクトの進捗について詳細に議論しました。いくつかの課題が見つかり、対応方針を決定しました。引き続きフォローします。',NULL,'2025-09-09 09:00:00','2025-10-15 18:38:02'),(52,8,'2025-09-10','今日は重要な会議があり、プロジェクトの進捗について詳細に議論しました。いくつかの課題が見つかり、対応方針を決定しました。引き続きフォローします。',NULL,'2025-09-10 09:00:00','2025-10-15 18:38:02'),(53,8,'2025-09-11','今日は重要な会議があり、プロジェクトの進捗について詳細に議論しました。いくつかの課題が見つかり、対応方針を決定しました。引き続きフォローします。',NULL,'2025-09-11 09:00:00','2025-10-15 18:38:02'),(54,8,'2025-09-12','今日は重要な会議があり、プロジェクトの進捗について詳細に議論しました。いくつかの課題が見つかり、対応方針を決定しました。引き続きフォローします。',NULL,'2025-09-12 09:00:00','2025-10-15 18:38:02'),(55,8,'2025-09-15','今日は重要な会議があり、プロジェクトの進捗について詳細に議論しました。いくつかの課題が見つかり、対応方針を決定しました。引き続きフォローします。',NULL,'2025-09-15 09:00:00','2025-10-15 18:38:02'),(56,8,'2025-09-16','今日は重要な会議があり、プロジェクトの進捗について詳細に議論しました。いくつかの課題が見つかり、対応方針を決定しました。引き続きフォローします。',NULL,'2025-09-16 09:00:00','2025-10-15 18:38:02'),(57,8,'2025-09-17','今日は重要な会議があり、プロジェクトの進捗について詳細に議論しました。いくつかの課題が見つかり、対応方針を決定しました。引き続きフォローします。',NULL,'2025-09-17 09:00:00','2025-10-15 18:38:02'),(58,8,'2025-09-18','今日は重要な会議があり、プロジェクトの進捗について詳細に議論しました。いくつかの課題が見つかり、対応方針を決定しました。引き続きフォローします。',NULL,'2025-09-18 09:00:00','2025-10-15 18:38:02'),(59,8,'2025-09-19','今日は重要な会議があり、プロジェクトの進捗について詳細に議論しました。いくつかの課題が見つかり、対応方針を決定しました。引き続きフォローします。',NULL,'2025-09-19 09:00:00','2025-10-15 18:38:02'),(60,8,'2025-09-22','今日は重要な会議があり、プロジェクトの進捗について詳細に議論しました。いくつかの課題が見つかり、対応方針を決定しました。引き続きフォローします。',NULL,'2025-09-22 09:00:00','2025-10-15 18:38:02'),(61,8,'2025-09-23','今日は重要な会議があり、プロジェクトの進捗について詳細に議論しました。いくつかの課題が見つかり、対応方針を決定しました。引き続きフォローします。',NULL,'2025-09-23 09:00:00','2025-10-15 18:38:02'),(62,8,'2025-09-24','今日は重要な会議があり、プロジェクトの進捗について詳細に議論しました。いくつかの課題が見つかり、対応方針を決定しました。引き続きフォローします。',NULL,'2025-09-24 09:00:00','2025-10-15 18:38:02'),(63,8,'2025-09-25','今日は重要な会議があり、プロジェクトの進捗について詳細に議論しました。いくつかの課題が見つかり、対応方針を決定しました。引き続きフォローします。',NULL,'2025-09-25 09:00:00','2025-10-15 18:38:02'),(64,8,'2025-09-26','今日は重要な会議があり、プロジェクトの進捗について詳細に議論しました。いくつかの課題が見つかり、対応方針を決定しました。引き続きフォローします。',NULL,'2025-09-26 09:00:00','2025-10-15 18:38:02'),(65,8,'2025-09-29','今日は重要な会議があり、プロジェクトの進捗について詳細に議論しました。いくつかの課題が見つかり、対応方針を決定しました。引き続きフォローします。',NULL,'2025-09-29 09:00:00','2025-10-15 18:38:02'),(66,8,'2025-09-30','今日は重要な会議があり、プロジェクトの進捗について詳細に議論しました。いくつかの課題が見つかり、対応方針を決定しました。引き続きフォローします。','[1]','2025-09-30 09:00:00','2025-10-15 18:48:03'),(67,30,'2025-07-01','今日は重要な会議があり、プロジェクトの進捗について詳細に議論しました。いくつかの課題が見つかり、対応方針を決定しました。引き続きフォローします。',NULL,'2025-07-01 09:00:00','2025-10-15 18:38:02'),(68,30,'2025-07-02','今日は重要な会議があり、プロジェクトの進捗について詳細に議論しました。いくつかの課題が見つかり、対応方針を決定しました。引き続きフォローします。',NULL,'2025-07-02 09:00:00','2025-10-15 18:38:02'),(69,30,'2025-07-03','今日は重要な会議があり、プロジェクトの進捗について詳細に議論しました。いくつかの課題が見つかり、対応方針を決定しました。引き続きフォローします。',NULL,'2025-07-03 09:00:00','2025-10-15 18:38:02'),(70,30,'2025-07-04','今日は重要な会議があり、プロジェクトの進捗について詳細に議論しました。いくつかの課題が見つかり、対応方針を決定しました。引き続きフォローします。',NULL,'2025-07-04 09:00:00','2025-10-15 18:38:02'),(71,30,'2025-07-07','今日は重要な会議があり、プロジェクトの進捗について詳細に議論しました。いくつかの課題が見つかり、対応方針を決定しました。引き続きフォローします。',NULL,'2025-07-07 09:00:00','2025-10-15 18:38:02'),(72,30,'2025-07-08','今日は重要な会議があり、プロジェクトの進捗について詳細に議論しました。いくつかの課題が見つかり、対応方針を決定しました。引き続きフォローします。',NULL,'2025-07-08 09:00:00','2025-10-15 18:38:02'),(73,30,'2025-07-09','今日は重要な会議があり、プロジェクトの進捗について詳細に議論しました。いくつかの課題が見つかり、対応方針を決定しました。引き続きフォローします。',NULL,'2025-07-09 09:00:00','2025-10-15 18:38:02'),(74,30,'2025-07-10','今日は重要な会議があり、プロジェクトの進捗について詳細に議論しました。いくつかの課題が見つかり、対応方針を決定しました。引き続きフォローします。',NULL,'2025-07-10 09:00:00','2025-10-15 18:38:02'),(75,30,'2025-07-11','今日は重要な会議があり、プロジェクトの進捗について詳細に議論しました。いくつかの課題が見つかり、対応方針を決定しました。引き続きフォローします。',NULL,'2025-07-11 09:00:00','2025-10-15 18:38:02'),(76,30,'2025-07-14','今日は重要な会議があり、プロジェクトの進捗について詳細に議論しました。いくつかの課題が見つかり、対応方針を決定しました。引き続きフォローします。',NULL,'2025-07-14 09:00:00','2025-10-15 18:38:02'),(77,30,'2025-07-15','今日は重要な会議があり、プロジェクトの進捗について詳細に議論しました。いくつかの課題が見つかり、対応方針を決定しました。引き続きフォローします。',NULL,'2025-07-15 09:00:00','2025-10-15 18:38:02'),(78,30,'2025-07-16','今日は重要な会議があり、プロジェクトの進捗について詳細に議論しました。いくつかの課題が見つかり、対応方針を決定しました。引き続きフォローします。',NULL,'2025-07-16 09:00:00','2025-10-15 18:38:02'),(79,30,'2025-07-17','今日は重要な会議があり、プロジェクトの進捗について詳細に議論しました。いくつかの課題が見つかり、対応方針を決定しました。引き続きフォローします。',NULL,'2025-07-17 09:00:00','2025-10-15 18:38:02'),(80,30,'2025-07-18','今日は重要な会議があり、プロジェクトの進捗について詳細に議論しました。いくつかの課題が見つかり、対応方針を決定しました。引き続きフォローします。',NULL,'2025-07-18 09:00:00','2025-10-15 18:38:02'),(81,30,'2025-07-21','今日は重要な会議があり、プロジェクトの進捗について詳細に議論しました。いくつかの課題が見つかり、対応方針を決定しました。引き続きフォローします。',NULL,'2025-07-21 09:00:00','2025-10-15 18:38:02'),(82,30,'2025-07-22','今日は重要な会議があり、プロジェクトの進捗について詳細に議論しました。いくつかの課題が見つかり、対応方針を決定しました。引き続きフォローします。',NULL,'2025-07-22 09:00:00','2025-10-15 18:38:02'),(83,30,'2025-07-23','今日は重要な会議があり、プロジェクトの進捗について詳細に議論しました。いくつかの課題が見つかり、対応方針を決定しました。引き続きフォローします。',NULL,'2025-07-23 09:00:00','2025-10-15 18:38:02'),(84,30,'2025-07-24','今日は重要な会議があり、プロジェクトの進捗について詳細に議論しました。いくつかの課題が見つかり、対応方針を決定しました。引き続きフォローします。',NULL,'2025-07-24 09:00:00','2025-10-15 18:38:02'),(85,30,'2025-07-25','今日は重要な会議があり、プロジェクトの進捗について詳細に議論しました。いくつかの課題が見つかり、対応方針を決定しました。引き続きフォローします。',NULL,'2025-07-25 09:00:00','2025-10-15 18:38:02'),(86,30,'2025-07-28','今日は重要な会議があり、プロジェクトの進捗について詳細に議論しました。いくつかの課題が見つかり、対応方針を決定しました。引き続きフォローします。',NULL,'2025-07-28 09:00:00','2025-10-15 18:38:02'),(87,30,'2025-07-29','今日は重要な会議があり、プロジェクトの進捗について詳細に議論しました。いくつかの課題が見つかり、対応方針を決定しました。引き続きフォローします。',NULL,'2025-07-29 09:00:00','2025-10-15 18:38:02'),(88,30,'2025-07-30','今日は重要な会議があり、プロジェクトの進捗について詳細に議論しました。いくつかの課題が見つかり、対応方針を決定しました。引き続きフォローします。',NULL,'2025-07-30 09:00:00','2025-10-15 18:38:02'),(89,30,'2025-07-31','今日は重要な会議があり、プロジェクトの進捗について詳細に議論しました。いくつかの課題が見つかり、対応方針を決定しました。引き続きフォローします。',NULL,'2025-07-31 09:00:00','2025-10-15 18:38:02'),(90,30,'2025-08-01','今日は重要な会議があり、プロジェクトの進捗について詳細に議論しました。いくつかの課題が見つかり、対応方針を決定しました。引き続きフォローします。',NULL,'2025-08-01 09:00:00','2025-10-15 18:38:02'),(91,30,'2025-08-04','今日は重要な会議があり、プロジェクトの進捗について詳細に議論しました。いくつかの課題が見つかり、対応方針を決定しました。引き続きフォローします。',NULL,'2025-08-04 09:00:00','2025-10-15 18:38:02'),(92,30,'2025-08-05','今日は重要な会議があり、プロジェクトの進捗について詳細に議論しました。いくつかの課題が見つかり、対応方針を決定しました。引き続きフォローします。',NULL,'2025-08-05 09:00:00','2025-10-15 18:38:02'),(93,30,'2025-08-06','今日は重要な会議があり、プロジェクトの進捗について詳細に議論しました。いくつかの課題が見つかり、対応方針を決定しました。引き続きフォローします。',NULL,'2025-08-06 09:00:00','2025-10-15 18:38:02'),(94,30,'2025-08-07','今日は重要な会議があり、プロジェクトの進捗について詳細に議論しました。いくつかの課題が見つかり、対応方針を決定しました。引き続きフォローします。',NULL,'2025-08-07 09:00:00','2025-10-15 18:38:02'),(95,30,'2025-08-08','今日は重要な会議があり、プロジェクトの進捗について詳細に議論しました。いくつかの課題が見つかり、対応方針を決定しました。引き続きフォローします。',NULL,'2025-08-08 09:00:00','2025-10-15 18:38:02'),(96,30,'2025-08-11','今日は重要な会議があり、プロジェクトの進捗について詳細に議論しました。いくつかの課題が見つかり、対応方針を決定しました。引き続きフォローします。',NULL,'2025-08-11 09:00:00','2025-10-15 18:38:02'),(97,30,'2025-08-12','今日は重要な会議があり、プロジェクトの進捗について詳細に議論しました。いくつかの課題が見つかり、対応方針を決定しました。引き続きフォローします。',NULL,'2025-08-12 09:00:00','2025-10-15 18:38:02'),(98,30,'2025-08-13','今日は重要な会議があり、プロジェクトの進捗について詳細に議論しました。いくつかの課題が見つかり、対応方針を決定しました。引き続きフォローします。',NULL,'2025-08-13 09:00:00','2025-10-15 18:38:02'),(99,30,'2025-08-14','今日は重要な会議があり、プロジェクトの進捗について詳細に議論しました。いくつかの課題が見つかり、対応方針を決定しました。引き続きフォローします。',NULL,'2025-08-14 09:00:00','2025-10-15 18:38:02'),(100,30,'2025-08-15','今日は重要な会議があり、プロジェクトの進捗について詳細に議論しました。いくつかの課題が見つかり、対応方針を決定しました。引き続きフォローします。',NULL,'2025-08-15 09:00:00','2025-10-15 18:38:02'),(101,30,'2025-08-18','今日は重要な会議があり、プロジェクトの進捗について詳細に議論しました。いくつかの課題が見つかり、対応方針を決定しました。引き続きフォローします。',NULL,'2025-08-18 09:00:00','2025-10-15 18:38:02'),(102,30,'2025-08-19','今日は重要な会議があり、プロジェクトの進捗について詳細に議論しました。いくつかの課題が見つかり、対応方針を決定しました。引き続きフォローします。',NULL,'2025-08-19 09:00:00','2025-10-15 18:38:02'),(103,30,'2025-08-20','今日は重要な会議があり、プロジェクトの進捗について詳細に議論しました。いくつかの課題が見つかり、対応方針を決定しました。引き続きフォローします。',NULL,'2025-08-20 09:00:00','2025-10-15 18:38:02'),(104,30,'2025-08-21','今日は重要な会議があり、プロジェクトの進捗について詳細に議論しました。いくつかの課題が見つかり、対応方針を決定しました。引き続きフォローします。',NULL,'2025-08-21 09:00:00','2025-10-15 18:38:02'),(105,30,'2025-08-22','今日は重要な会議があり、プロジェクトの進捗について詳細に議論しました。いくつかの課題が見つかり、対応方針を決定しました。引き続きフォローします。',NULL,'2025-08-22 09:00:00','2025-10-15 18:38:02'),(106,30,'2025-08-25','今日は重要な会議があり、プロジェクトの進捗について詳細に議論しました。いくつかの課題が見つかり、対応方針を決定しました。引き続きフォローします。',NULL,'2025-08-25 09:00:00','2025-10-15 18:38:02'),(107,30,'2025-08-26','今日は重要な会議があり、プロジェクトの進捗について詳細に議論しました。いくつかの課題が見つかり、対応方針を決定しました。引き続きフォローします。',NULL,'2025-08-26 09:00:00','2025-10-15 18:38:02'),(108,30,'2025-08-27','今日は重要な会議があり、プロジェクトの進捗について詳細に議論しました。いくつかの課題が見つかり、対応方針を決定しました。引き続きフォローします。',NULL,'2025-08-27 09:00:00','2025-10-15 18:38:02'),(109,30,'2025-08-28','今日は重要な会議があり、プロジェクトの進捗について詳細に議論しました。いくつかの課題が見つかり、対応方針を決定しました。引き続きフォローします。',NULL,'2025-08-28 09:00:00','2025-10-15 18:38:02'),(110,30,'2025-08-29','今日は重要な会議があり、プロジェクトの進捗について詳細に議論しました。いくつかの課題が見つかり、対応方針を決定しました。引き続きフォローします。',NULL,'2025-08-29 09:00:00','2025-10-15 18:38:02'),(111,30,'2025-09-01','今日は重要な会議があり、プロジェクトの進捗について詳細に議論しました。いくつかの課題が見つかり、対応方針を決定しました。引き続きフォローします。',NULL,'2025-09-01 09:00:00','2025-10-15 18:38:02'),(112,30,'2025-09-02','今日は重要な会議があり、プロジェクトの進捗について詳細に議論しました。いくつかの課題が見つかり、対応方針を決定しました。引き続きフォローします。',NULL,'2025-09-02 09:00:00','2025-10-15 18:38:02'),(113,30,'2025-09-03','今日は重要な会議があり、プロジェクトの進捗について詳細に議論しました。いくつかの課題が見つかり、対応方針を決定しました。引き続きフォローします。',NULL,'2025-09-03 09:00:00','2025-10-15 18:38:02'),(114,30,'2025-09-04','今日は重要な会議があり、プロジェクトの進捗について詳細に議論しました。いくつかの課題が見つかり、対応方針を決定しました。引き続きフォローします。',NULL,'2025-09-04 09:00:00','2025-10-15 18:38:02'),(115,30,'2025-09-05','今日は重要な会議があり、プロジェクトの進捗について詳細に議論しました。いくつかの課題が見つかり、対応方針を決定しました。引き続きフォローします。',NULL,'2025-09-05 09:00:00','2025-10-15 18:38:02'),(116,30,'2025-09-08','今日は重要な会議があり、プロジェクトの進捗について詳細に議論しました。いくつかの課題が見つかり、対応方針を決定しました。引き続きフォローします。',NULL,'2025-09-08 09:00:00','2025-10-15 18:38:02'),(117,30,'2025-09-09','今日は重要な会議があり、プロジェクトの進捗について詳細に議論しました。いくつかの課題が見つかり、対応方針を決定しました。引き続きフォローします。',NULL,'2025-09-09 09:00:00','2025-10-15 18:38:02'),(118,30,'2025-09-10','今日は重要な会議があり、プロジェクトの進捗について詳細に議論しました。いくつかの課題が見つかり、対応方針を決定しました。引き続きフォローします。',NULL,'2025-09-10 09:00:00','2025-10-15 18:38:02'),(119,30,'2025-09-11','今日は重要な会議があり、プロジェクトの進捗について詳細に議論しました。いくつかの課題が見つかり、対応方針を決定しました。引き続きフォローします。',NULL,'2025-09-11 09:00:00','2025-10-15 18:38:02'),(120,30,'2025-09-12','今日は重要な会議があり、プロジェクトの進捗について詳細に議論しました。いくつかの課題が見つかり、対応方針を決定しました。引き続きフォローします。',NULL,'2025-09-12 09:00:00','2025-10-15 18:38:02'),(121,30,'2025-09-15','今日は重要な会議があり、プロジェクトの進捗について詳細に議論しました。いくつかの課題が見つかり、対応方針を決定しました。引き続きフォローします。',NULL,'2025-09-15 09:00:00','2025-10-15 18:38:02'),(122,30,'2025-09-16','今日は重要な会議があり、プロジェクトの進捗について詳細に議論しました。いくつかの課題が見つかり、対応方針を決定しました。引き続きフォローします。',NULL,'2025-09-16 09:00:00','2025-10-15 18:38:02'),(123,30,'2025-09-17','今日は重要な会議があり、プロジェクトの進捗について詳細に議論しました。いくつかの課題が見つかり、対応方針を決定しました。引き続きフォローします。',NULL,'2025-09-17 09:00:00','2025-10-15 18:38:02'),(124,30,'2025-09-18','今日は重要な会議があり、プロジェクトの進捗について詳細に議論しました。いくつかの課題が見つかり、対応方針を決定しました。引き続きフォローします。',NULL,'2025-09-18 09:00:00','2025-10-15 18:38:02'),(125,30,'2025-09-19','今日は重要な会議があり、プロジェクトの進捗について詳細に議論しました。いくつかの課題が見つかり、対応方針を決定しました。引き続きフォローします。',NULL,'2025-09-19 09:00:00','2025-10-15 18:38:02'),(126,30,'2025-09-22','今日は重要な会議があり、プロジェクトの進捗について詳細に議論しました。いくつかの課題が見つかり、対応方針を決定しました。引き続きフォローします。',NULL,'2025-09-22 09:00:00','2025-10-15 18:38:02'),(127,30,'2025-09-23','今日は重要な会議があり、プロジェクトの進捗について詳細に議論しました。いくつかの課題が見つかり、対応方針を決定しました。引き続きフォローします。',NULL,'2025-09-23 09:00:00','2025-10-15 18:38:02'),(128,30,'2025-09-24','今日は重要な会議があり、プロジェクトの進捗について詳細に議論しました。いくつかの課題が見つかり、対応方針を決定しました。引き続きフォローします。',NULL,'2025-09-24 09:00:00','2025-10-15 18:38:02'),(129,30,'2025-09-25','今日は重要な会議があり、プロジェクトの進捗について詳細に議論しました。いくつかの課題が見つかり、対応方針を決定しました。引き続きフォローします。',NULL,'2025-09-25 09:00:00','2025-10-15 18:38:02'),(130,30,'2025-09-26','今日は重要な会議があり、プロジェクトの進捗について詳細に議論しました。いくつかの課題が見つかり、対応方針を決定しました。引き続きフォローします。',NULL,'2025-09-26 09:00:00','2025-10-15 18:38:02'),(131,30,'2025-09-29','今日は重要な会議があり、プロジェクトの進捗について詳細に議論しました。いくつかの課題が見つかり、対応方針を決定しました。引き続きフォローします。',NULL,'2025-09-29 09:00:00','2025-10-15 18:38:02'),(132,30,'2025-09-30','今日は重要な会議があり、プロジェクトの進捗について詳細に議論しました。いくつかの課題が見つかり、対応方針を決定しました。引き続きフォローします。','[1]','2025-09-30 09:00:00','2025-10-15 18:48:03'),(133,29,'2025-07-01','今日は重要な会議があり、プロジェクトの進捗について詳細に議論しました。いくつかの課題が見つかり、対応方針を決定しました。引き続きフォローします。',NULL,'2025-07-01 09:00:00','2025-10-15 18:38:02'),(134,29,'2025-07-02','今日は重要な会議があり、プロジェクトの進捗について詳細に議論しました。いくつかの課題が見つかり、対応方針を決定しました。引き続きフォローします。',NULL,'2025-07-02 09:00:00','2025-10-15 18:38:02'),(135,29,'2025-07-03','今日は重要な会議があり、プロジェクトの進捗について詳細に議論しました。いくつかの課題が見つかり、対応方針を決定しました。引き続きフォローします。',NULL,'2025-07-03 09:00:00','2025-10-15 18:38:02'),(136,29,'2025-07-04','今日は重要な会議があり、プロジェクトの進捗について詳細に議論しました。いくつかの課題が見つかり、対応方針を決定しました。引き続きフォローします。',NULL,'2025-07-04 09:00:00','2025-10-15 18:38:02'),(137,29,'2025-07-07','今日は重要な会議があり、プロジェクトの進捗について詳細に議論しました。いくつかの課題が見つかり、対応方針を決定しました。引き続きフォローします。',NULL,'2025-07-07 09:00:00','2025-10-15 18:38:02'),(138,29,'2025-07-08','今日は重要な会議があり、プロジェクトの進捗について詳細に議論しました。いくつかの課題が見つかり、対応方針を決定しました。引き続きフォローします。',NULL,'2025-07-08 09:00:00','2025-10-15 18:38:02'),(139,29,'2025-07-09','今日は重要な会議があり、プロジェクトの進捗について詳細に議論しました。いくつかの課題が見つかり、対応方針を決定しました。引き続きフォローします。',NULL,'2025-07-09 09:00:00','2025-10-15 18:38:02'),(140,29,'2025-07-10','今日は重要な会議があり、プロジェクトの進捗について詳細に議論しました。いくつかの課題が見つかり、対応方針を決定しました。引き続きフォローします。',NULL,'2025-07-10 09:00:00','2025-10-15 18:38:02'),(141,29,'2025-07-11','今日は重要な会議があり、プロジェクトの進捗について詳細に議論しました。いくつかの課題が見つかり、対応方針を決定しました。引き続きフォローします。',NULL,'2025-07-11 09:00:00','2025-10-15 18:38:02'),(142,29,'2025-07-14','今日は重要な会議があり、プロジェクトの進捗について詳細に議論しました。いくつかの課題が見つかり、対応方針を決定しました。引き続きフォローします。',NULL,'2025-07-14 09:00:00','2025-10-15 18:38:02'),(143,29,'2025-07-15','今日は重要な会議があり、プロジェクトの進捗について詳細に議論しました。いくつかの課題が見つかり、対応方針を決定しました。引き続きフォローします。',NULL,'2025-07-15 09:00:00','2025-10-15 18:38:02'),(144,29,'2025-07-16','今日は重要な会議があり、プロジェクトの進捗について詳細に議論しました。いくつかの課題が見つかり、対応方針を決定しました。引き続きフォローします。',NULL,'2025-07-16 09:00:00','2025-10-15 18:38:02'),(145,29,'2025-07-17','今日は重要な会議があり、プロジェクトの進捗について詳細に議論しました。いくつかの課題が見つかり、対応方針を決定しました。引き続きフォローします。',NULL,'2025-07-17 09:00:00','2025-10-15 18:38:02'),(146,29,'2025-07-18','今日は重要な会議があり、プロジェクトの進捗について詳細に議論しました。いくつかの課題が見つかり、対応方針を決定しました。引き続きフォローします。',NULL,'2025-07-18 09:00:00','2025-10-15 18:38:02'),(147,29,'2025-07-21','今日は重要な会議があり、プロジェクトの進捗について詳細に議論しました。いくつかの課題が見つかり、対応方針を決定しました。引き続きフォローします。',NULL,'2025-07-21 09:00:00','2025-10-15 18:38:02'),(148,29,'2025-07-22','今日は重要な会議があり、プロジェクトの進捗について詳細に議論しました。いくつかの課題が見つかり、対応方針を決定しました。引き続きフォローします。',NULL,'2025-07-22 09:00:00','2025-10-15 18:38:02'),(149,29,'2025-07-23','今日は重要な会議があり、プロジェクトの進捗について詳細に議論しました。いくつかの課題が見つかり、対応方針を決定しました。引き続きフォローします。',NULL,'2025-07-23 09:00:00','2025-10-15 18:38:02'),(150,29,'2025-07-24','今日は重要な会議があり、プロジェクトの進捗について詳細に議論しました。いくつかの課題が見つかり、対応方針を決定しました。引き続きフォローします。',NULL,'2025-07-24 09:00:00','2025-10-15 18:38:02'),(151,29,'2025-07-25','今日は重要な会議があり、プロジェクトの進捗について詳細に議論しました。いくつかの課題が見つかり、対応方針を決定しました。引き続きフォローします。',NULL,'2025-07-25 09:00:00','2025-10-15 18:38:02'),(152,29,'2025-07-28','今日は重要な会議があり、プロジェクトの進捗について詳細に議論しました。いくつかの課題が見つかり、対応方針を決定しました。引き続きフォローします。',NULL,'2025-07-28 09:00:00','2025-10-15 18:38:02'),(153,29,'2025-07-29','今日は重要な会議があり、プロジェクトの進捗について詳細に議論しました。いくつかの課題が見つかり、対応方針を決定しました。引き続きフォローします。',NULL,'2025-07-29 09:00:00','2025-10-15 18:38:02'),(154,29,'2025-07-30','今日は重要な会議があり、プロジェクトの進捗について詳細に議論しました。いくつかの課題が見つかり、対応方針を決定しました。引き続きフォローします。',NULL,'2025-07-30 09:00:00','2025-10-15 18:38:02'),(155,29,'2025-07-31','今日は重要な会議があり、プロジェクトの進捗について詳細に議論しました。いくつかの課題が見つかり、対応方針を決定しました。引き続きフォローします。',NULL,'2025-07-31 09:00:00','2025-10-15 18:38:02'),(156,29,'2025-08-01','今日は重要な会議があり、プロジェクトの進捗について詳細に議論しました。いくつかの課題が見つかり、対応方針を決定しました。引き続きフォローします。',NULL,'2025-08-01 09:00:00','2025-10-15 18:38:02'),(157,29,'2025-08-04','今日は重要な会議があり、プロジェクトの進捗について詳細に議論しました。いくつかの課題が見つかり、対応方針を決定しました。引き続きフォローします。',NULL,'2025-08-04 09:00:00','2025-10-15 18:38:02'),(158,29,'2025-08-05','今日は重要な会議があり、プロジェクトの進捗について詳細に議論しました。いくつかの課題が見つかり、対応方針を決定しました。引き続きフォローします。',NULL,'2025-08-05 09:00:00','2025-10-15 18:38:02'),(159,29,'2025-08-06','今日は重要な会議があり、プロジェクトの進捗について詳細に議論しました。いくつかの課題が見つかり、対応方針を決定しました。引き続きフォローします。',NULL,'2025-08-06 09:00:00','2025-10-15 18:38:02'),(160,29,'2025-08-07','今日は重要な会議があり、プロジェクトの進捗について詳細に議論しました。いくつかの課題が見つかり、対応方針を決定しました。引き続きフォローします。',NULL,'2025-08-07 09:00:00','2025-10-15 18:38:02'),(161,29,'2025-08-08','今日は重要な会議があり、プロジェクトの進捗について詳細に議論しました。いくつかの課題が見つかり、対応方針を決定しました。引き続きフォローします。',NULL,'2025-08-08 09:00:00','2025-10-15 18:38:02'),(162,29,'2025-08-11','今日は重要な会議があり、プロジェクトの進捗について詳細に議論しました。いくつかの課題が見つかり、対応方針を決定しました。引き続きフォローします。',NULL,'2025-08-11 09:00:00','2025-10-15 18:38:02'),(163,29,'2025-08-12','今日は重要な会議があり、プロジェクトの進捗について詳細に議論しました。いくつかの課題が見つかり、対応方針を決定しました。引き続きフォローします。',NULL,'2025-08-12 09:00:00','2025-10-15 18:38:02'),(164,29,'2025-08-13','今日は重要な会議があり、プロジェクトの進捗について詳細に議論しました。いくつかの課題が見つかり、対応方針を決定しました。引き続きフォローします。',NULL,'2025-08-13 09:00:00','2025-10-15 18:38:02'),(165,29,'2025-08-14','今日は重要な会議があり、プロジェクトの進捗について詳細に議論しました。いくつかの課題が見つかり、対応方針を決定しました。引き続きフォローします。',NULL,'2025-08-14 09:00:00','2025-10-15 18:38:02'),(166,29,'2025-08-15','今日は重要な会議があり、プロジェクトの進捗について詳細に議論しました。いくつかの課題が見つかり、対応方針を決定しました。引き続きフォローします。',NULL,'2025-08-15 09:00:00','2025-10-15 18:38:02'),(167,29,'2025-08-18','今日は重要な会議があり、プロジェクトの進捗について詳細に議論しました。いくつかの課題が見つかり、対応方針を決定しました。引き続きフォローします。',NULL,'2025-08-18 09:00:00','2025-10-15 18:38:02'),(168,29,'2025-08-19','今日は重要な会議があり、プロジェクトの進捗について詳細に議論しました。いくつかの課題が見つかり、対応方針を決定しました。引き続きフォローします。',NULL,'2025-08-19 09:00:00','2025-10-15 18:38:02'),(169,29,'2025-08-20','今日は重要な会議があり、プロジェクトの進捗について詳細に議論しました。いくつかの課題が見つかり、対応方針を決定しました。引き続きフォローします。',NULL,'2025-08-20 09:00:00','2025-10-15 18:38:02'),(170,29,'2025-08-21','今日は重要な会議があり、プロジェクトの進捗について詳細に議論しました。いくつかの課題が見つかり、対応方針を決定しました。引き続きフォローします。',NULL,'2025-08-21 09:00:00','2025-10-15 18:38:02'),(171,29,'2025-08-22','今日は重要な会議があり、プロジェクトの進捗について詳細に議論しました。いくつかの課題が見つかり、対応方針を決定しました。引き続きフォローします。',NULL,'2025-08-22 09:00:00','2025-10-15 18:38:02'),(172,29,'2025-08-25','今日は重要な会議があり、プロジェクトの進捗について詳細に議論しました。いくつかの課題が見つかり、対応方針を決定しました。引き続きフォローします。',NULL,'2025-08-25 09:00:00','2025-10-15 18:38:02'),(173,29,'2025-08-26','今日は重要な会議があり、プロジェクトの進捗について詳細に議論しました。いくつかの課題が見つかり、対応方針を決定しました。引き続きフォローします。',NULL,'2025-08-26 09:00:00','2025-10-15 18:38:02'),(174,29,'2025-08-27','今日は重要な会議があり、プロジェクトの進捗について詳細に議論しました。いくつかの課題が見つかり、対応方針を決定しました。引き続きフォローします。',NULL,'2025-08-27 09:00:00','2025-10-15 18:38:02'),(175,29,'2025-08-28','今日は重要な会議があり、プロジェクトの進捗について詳細に議論しました。いくつかの課題が見つかり、対応方針を決定しました。引き続きフォローします。',NULL,'2025-08-28 09:00:00','2025-10-15 18:38:02'),(176,29,'2025-08-29','今日は重要な会議があり、プロジェクトの進捗について詳細に議論しました。いくつかの課題が見つかり、対応方針を決定しました。引き続きフォローします。',NULL,'2025-08-29 09:00:00','2025-10-15 18:38:02'),(177,29,'2025-09-01','今日は重要な会議があり、プロジェクトの進捗について詳細に議論しました。いくつかの課題が見つかり、対応方針を決定しました。引き続きフォローします。',NULL,'2025-09-01 09:00:00','2025-10-15 18:38:02'),(178,29,'2025-09-02','今日は重要な会議があり、プロジェクトの進捗について詳細に議論しました。いくつかの課題が見つかり、対応方針を決定しました。引き続きフォローします。',NULL,'2025-09-02 09:00:00','2025-10-15 18:38:02'),(179,29,'2025-09-03','今日は重要な会議があり、プロジェクトの進捗について詳細に議論しました。いくつかの課題が見つかり、対応方針を決定しました。引き続きフォローします。',NULL,'2025-09-03 09:00:00','2025-10-15 18:38:02'),(180,29,'2025-09-04','今日は重要な会議があり、プロジェクトの進捗について詳細に議論しました。いくつかの課題が見つかり、対応方針を決定しました。引き続きフォローします。',NULL,'2025-09-04 09:00:00','2025-10-15 18:38:02'),(181,29,'2025-09-05','今日は重要な会議があり、プロジェクトの進捗について詳細に議論しました。いくつかの課題が見つかり、対応方針を決定しました。引き続きフォローします。',NULL,'2025-09-05 09:00:00','2025-10-15 18:38:02'),(182,29,'2025-09-08','今日は重要な会議があり、プロジェクトの進捗について詳細に議論しました。いくつかの課題が見つかり、対応方針を決定しました。引き続きフォローします。',NULL,'2025-09-08 09:00:00','2025-10-15 18:38:02'),(183,29,'2025-09-09','今日は重要な会議があり、プロジェクトの進捗について詳細に議論しました。いくつかの課題が見つかり、対応方針を決定しました。引き続きフォローします。',NULL,'2025-09-09 09:00:00','2025-10-15 18:38:02'),(184,29,'2025-09-10','今日は重要な会議があり、プロジェクトの進捗について詳細に議論しました。いくつかの課題が見つかり、対応方針を決定しました。引き続きフォローします。',NULL,'2025-09-10 09:00:00','2025-10-15 18:38:02'),(185,29,'2025-09-11','今日は重要な会議があり、プロジェクトの進捗について詳細に議論しました。いくつかの課題が見つかり、対応方針を決定しました。引き続きフォローします。',NULL,'2025-09-11 09:00:00','2025-10-15 18:38:02'),(186,29,'2025-09-12','今日は重要な会議があり、プロジェクトの進捗について詳細に議論しました。いくつかの課題が見つかり、対応方針を決定しました。引き続きフォローします。',NULL,'2025-09-12 09:00:00','2025-10-15 18:38:02'),(187,29,'2025-09-15','今日は重要な会議があり、プロジェクトの進捗について詳細に議論しました。いくつかの課題が見つかり、対応方針を決定しました。引き続きフォローします。',NULL,'2025-09-15 09:00:00','2025-10-15 18:38:02'),(188,29,'2025-09-16','今日は重要な会議があり、プロジェクトの進捗について詳細に議論しました。いくつかの課題が見つかり、対応方針を決定しました。引き続きフォローします。',NULL,'2025-09-16 09:00:00','2025-10-15 18:38:02'),(189,29,'2025-09-17','今日は重要な会議があり、プロジェクトの進捗について詳細に議論しました。いくつかの課題が見つかり、対応方針を決定しました。引き続きフォローします。',NULL,'2025-09-17 09:00:00','2025-10-15 18:38:02'),(190,29,'2025-09-18','今日は重要な会議があり、プロジェクトの進捗について詳細に議論しました。いくつかの課題が見つかり、対応方針を決定しました。引き続きフォローします。',NULL,'2025-09-18 09:00:00','2025-10-15 18:38:02'),(191,29,'2025-09-19','今日は重要な会議があり、プロジェクトの進捗について詳細に議論しました。いくつかの課題が見つかり、対応方針を決定しました。引き続きフォローします。',NULL,'2025-09-19 09:00:00','2025-10-15 18:38:02'),(192,29,'2025-09-22','今日は重要な会議があり、プロジェクトの進捗について詳細に議論しました。いくつかの課題が見つかり、対応方針を決定しました。引き続きフォローします。',NULL,'2025-09-22 09:00:00','2025-10-15 18:38:02'),(193,29,'2025-09-23','今日は重要な会議があり、プロジェクトの進捗について詳細に議論しました。いくつかの課題が見つかり、対応方針を決定しました。引き続きフォローします。',NULL,'2025-09-23 09:00:00','2025-10-15 18:38:02'),(194,29,'2025-09-24','今日は重要な会議があり、プロジェクトの進捗について詳細に議論しました。いくつかの課題が見つかり、対応方針を決定しました。引き続きフォローします。',NULL,'2025-09-24 09:00:00','2025-10-15 18:38:02'),(195,29,'2025-09-25','今日は重要な会議があり、プロジェクトの進捗について詳細に議論しました。いくつかの課題が見つかり、対応方針を決定しました。引き続きフォローします。',NULL,'2025-09-25 09:00:00','2025-10-15 18:38:02'),(196,29,'2025-09-26','今日は重要な会議があり、プロジェクトの進捗について詳細に議論しました。いくつかの課題が見つかり、対応方針を決定しました。引き続きフォローします。',NULL,'2025-09-26 09:00:00','2025-10-15 18:38:02'),(197,29,'2025-09-29','今日は重要な会議があり、プロジェクトの進捗について詳細に議論しました。いくつかの課題が見つかり、対応方針を決定しました。引き続きフォローします。',NULL,'2025-09-29 09:00:00','2025-10-15 18:38:02'),(198,29,'2025-09-30','今日は重要な会議があり、プロジェクトの進捗について詳細に議論しました。いくつかの課題が見つかり、対応方針を決定しました。引き続きフォローします。','[1]','2025-09-30 09:00:00','2025-10-15 18:48:03'),(199,25,'2025-07-01','今日は重要な会議があり、プロジェクトの進捗について詳細に議論しました。いくつかの課題が見つかり、対応方針を決定しました。引き続きフォローします。',NULL,'2025-07-01 09:00:00','2025-10-15 18:38:02'),(200,25,'2025-07-02','今日は重要な会議があり、プロジェクトの進捗について詳細に議論しました。いくつかの課題が見つかり、対応方針を決定しました。引き続きフォローします。',NULL,'2025-07-02 09:00:00','2025-10-15 18:38:02'),(201,25,'2025-07-03','今日は重要な会議があり、プロジェクトの進捗について詳細に議論しました。いくつかの課題が見つかり、対応方針を決定しました。引き続きフォローします。',NULL,'2025-07-03 09:00:00','2025-10-15 18:38:02'),(202,25,'2025-07-04','今日は重要な会議があり、プロジェクトの進捗について詳細に議論しました。いくつかの課題が見つかり、対応方針を決定しました。引き続きフォローします。',NULL,'2025-07-04 09:00:00','2025-10-15 18:38:02'),(203,25,'2025-07-07','今日は重要な会議があり、プロジェクトの進捗について詳細に議論しました。いくつかの課題が見つかり、対応方針を決定しました。引き続きフォローします。',NULL,'2025-07-07 09:00:00','2025-10-15 18:38:02'),(204,25,'2025-07-08','今日は重要な会議があり、プロジェクトの進捗について詳細に議論しました。いくつかの課題が見つかり、対応方針を決定しました。引き続きフォローします。',NULL,'2025-07-08 09:00:00','2025-10-15 18:38:02'),(205,25,'2025-07-09','今日は重要な会議があり、プロジェクトの進捗について詳細に議論しました。いくつかの課題が見つかり、対応方針を決定しました。引き続きフォローします。',NULL,'2025-07-09 09:00:00','2025-10-15 18:38:02'),(206,25,'2025-07-10','今日は重要な会議があり、プロジェクトの進捗について詳細に議論しました。いくつかの課題が見つかり、対応方針を決定しました。引き続きフォローします。',NULL,'2025-07-10 09:00:00','2025-10-15 18:38:02'),(207,25,'2025-07-11','今日は重要な会議があり、プロジェクトの進捗について詳細に議論しました。いくつかの課題が見つかり、対応方針を決定しました。引き続きフォローします。',NULL,'2025-07-11 09:00:00','2025-10-15 18:38:02'),(208,25,'2025-07-14','今日は重要な会議があり、プロジェクトの進捗について詳細に議論しました。いくつかの課題が見つかり、対応方針を決定しました。引き続きフォローします。',NULL,'2025-07-14 09:00:00','2025-10-15 18:38:02'),(209,25,'2025-07-15','今日は重要な会議があり、プロジェクトの進捗について詳細に議論しました。いくつかの課題が見つかり、対応方針を決定しました。引き続きフォローします。',NULL,'2025-07-15 09:00:00','2025-10-15 18:38:02'),(210,25,'2025-07-16','今日は重要な会議があり、プロジェクトの進捗について詳細に議論しました。いくつかの課題が見つかり、対応方針を決定しました。引き続きフォローします。',NULL,'2025-07-16 09:00:00','2025-10-15 18:38:02'),(211,25,'2025-07-17','今日は重要な会議があり、プロジェクトの進捗について詳細に議論しました。いくつかの課題が見つかり、対応方針を決定しました。引き続きフォローします。',NULL,'2025-07-17 09:00:00','2025-10-15 18:38:02'),(212,25,'2025-07-18','今日は重要な会議があり、プロジェクトの進捗について詳細に議論しました。いくつかの課題が見つかり、対応方針を決定しました。引き続きフォローします。',NULL,'2025-07-18 09:00:00','2025-10-15 18:38:02'),(213,25,'2025-07-21','今日は重要な会議があり、プロジェクトの進捗について詳細に議論しました。いくつかの課題が見つかり、対応方針を決定しました。引き続きフォローします。',NULL,'2025-07-21 09:00:00','2025-10-15 18:38:02'),(214,25,'2025-07-22','今日は重要な会議があり、プロジェクトの進捗について詳細に議論しました。いくつかの課題が見つかり、対応方針を決定しました。引き続きフォローします。',NULL,'2025-07-22 09:00:00','2025-10-15 18:38:02'),(215,25,'2025-07-23','今日は重要な会議があり、プロジェクトの進捗について詳細に議論しました。いくつかの課題が見つかり、対応方針を決定しました。引き続きフォローします。',NULL,'2025-07-23 09:00:00','2025-10-15 18:38:02'),(216,25,'2025-07-24','今日は重要な会議があり、プロジェクトの進捗について詳細に議論しました。いくつかの課題が見つかり、対応方針を決定しました。引き続きフォローします。',NULL,'2025-07-24 09:00:00','2025-10-15 18:38:02'),(217,25,'2025-07-25','今日は重要な会議があり、プロジェクトの進捗について詳細に議論しました。いくつかの課題が見つかり、対応方針を決定しました。引き続きフォローします。',NULL,'2025-07-25 09:00:00','2025-10-15 18:38:02'),(218,25,'2025-07-28','今日は重要な会議があり、プロジェクトの進捗について詳細に議論しました。いくつかの課題が見つかり、対応方針を決定しました。引き続きフォローします。',NULL,'2025-07-28 09:00:00','2025-10-15 18:38:02'),(219,25,'2025-07-29','今日は重要な会議があり、プロジェクトの進捗について詳細に議論しました。いくつかの課題が見つかり、対応方針を決定しました。引き続きフォローします。',NULL,'2025-07-29 09:00:00','2025-10-15 18:38:02'),(220,25,'2025-07-30','今日は重要な会議があり、プロジェクトの進捗について詳細に議論しました。いくつかの課題が見つかり、対応方針を決定しました。引き続きフォローします。',NULL,'2025-07-30 09:00:00','2025-10-15 18:38:02'),(221,25,'2025-07-31','今日は重要な会議があり、プロジェクトの進捗について詳細に議論しました。いくつかの課題が見つかり、対応方針を決定しました。引き続きフォローします。',NULL,'2025-07-31 09:00:00','2025-10-15 18:38:02'),(222,25,'2025-08-01','今日は重要な会議があり、プロジェクトの進捗について詳細に議論しました。いくつかの課題が見つかり、対応方針を決定しました。引き続きフォローします。',NULL,'2025-08-01 09:00:00','2025-10-15 18:38:02'),(223,25,'2025-08-04','今日は重要な会議があり、プロジェクトの進捗について詳細に議論しました。いくつかの課題が見つかり、対応方針を決定しました。引き続きフォローします。',NULL,'2025-08-04 09:00:00','2025-10-15 18:38:02'),(224,25,'2025-08-05','今日は重要な会議があり、プロジェクトの進捗について詳細に議論しました。いくつかの課題が見つかり、対応方針を決定しました。引き続きフォローします。',NULL,'2025-08-05 09:00:00','2025-10-15 18:38:02'),(225,25,'2025-08-06','今日は重要な会議があり、プロジェクトの進捗について詳細に議論しました。いくつかの課題が見つかり、対応方針を決定しました。引き続きフォローします。',NULL,'2025-08-06 09:00:00','2025-10-15 18:38:02'),(226,25,'2025-08-07','今日は重要な会議があり、プロジェクトの進捗について詳細に議論しました。いくつかの課題が見つかり、対応方針を決定しました。引き続きフォローします。',NULL,'2025-08-07 09:00:00','2025-10-15 18:38:02'),(227,25,'2025-08-08','今日は重要な会議があり、プロジェクトの進捗について詳細に議論しました。いくつかの課題が見つかり、対応方針を決定しました。引き続きフォローします。',NULL,'2025-08-08 09:00:00','2025-10-15 18:38:02'),(228,25,'2025-08-11','今日は重要な会議があり、プロジェクトの進捗について詳細に議論しました。いくつかの課題が見つかり、対応方針を決定しました。引き続きフォローします。',NULL,'2025-08-11 09:00:00','2025-10-15 18:38:02'),(229,25,'2025-08-12','今日は重要な会議があり、プロジェクトの進捗について詳細に議論しました。いくつかの課題が見つかり、対応方針を決定しました。引き続きフォローします。',NULL,'2025-08-12 09:00:00','2025-10-15 18:38:02'),(230,25,'2025-08-13','今日は重要な会議があり、プロジェクトの進捗について詳細に議論しました。いくつかの課題が見つかり、対応方針を決定しました。引き続きフォローします。',NULL,'2025-08-13 09:00:00','2025-10-15 18:38:02'),(231,25,'2025-08-14','今日は重要な会議があり、プロジェクトの進捗について詳細に議論しました。いくつかの課題が見つかり、対応方針を決定しました。引き続きフォローします。',NULL,'2025-08-14 09:00:00','2025-10-15 18:38:02'),(232,25,'2025-08-15','今日は重要な会議があり、プロジェクトの進捗について詳細に議論しました。いくつかの課題が見つかり、対応方針を決定しました。引き続きフォローします。',NULL,'2025-08-15 09:00:00','2025-10-15 18:38:02'),(233,25,'2025-08-18','今日は重要な会議があり、プロジェクトの進捗について詳細に議論しました。いくつかの課題が見つかり、対応方針を決定しました。引き続きフォローします。',NULL,'2025-08-18 09:00:00','2025-10-15 18:38:02'),(234,25,'2025-08-19','今日は重要な会議があり、プロジェクトの進捗について詳細に議論しました。いくつかの課題が見つかり、対応方針を決定しました。引き続きフォローします。',NULL,'2025-08-19 09:00:00','2025-10-15 18:38:02'),(235,25,'2025-08-20','今日は重要な会議があり、プロジェクトの進捗について詳細に議論しました。いくつかの課題が見つかり、対応方針を決定しました。引き続きフォローします。',NULL,'2025-08-20 09:00:00','2025-10-15 18:38:02'),(236,25,'2025-08-21','今日は重要な会議があり、プロジェクトの進捗について詳細に議論しました。いくつかの課題が見つかり、対応方針を決定しました。引き続きフォローします。',NULL,'2025-08-21 09:00:00','2025-10-15 18:38:02'),(237,25,'2025-08-22','今日は重要な会議があり、プロジェクトの進捗について詳細に議論しました。いくつかの課題が見つかり、対応方針を決定しました。引き続きフォローします。',NULL,'2025-08-22 09:00:00','2025-10-15 18:38:02'),(238,25,'2025-08-25','今日は重要な会議があり、プロジェクトの進捗について詳細に議論しました。いくつかの課題が見つかり、対応方針を決定しました。引き続きフォローします。',NULL,'2025-08-25 09:00:00','2025-10-15 18:38:02'),(239,25,'2025-08-26','今日は重要な会議があり、プロジェクトの進捗について詳細に議論しました。いくつかの課題が見つかり、対応方針を決定しました。引き続きフォローします。',NULL,'2025-08-26 09:00:00','2025-10-15 18:38:02'),(240,25,'2025-08-27','今日は重要な会議があり、プロジェクトの進捗について詳細に議論しました。いくつかの課題が見つかり、対応方針を決定しました。引き続きフォローします。',NULL,'2025-08-27 09:00:00','2025-10-15 18:38:02'),(241,25,'2025-08-28','今日は重要な会議があり、プロジェクトの進捗について詳細に議論しました。いくつかの課題が見つかり、対応方針を決定しました。引き続きフォローします。',NULL,'2025-08-28 09:00:00','2025-10-15 18:38:02'),(242,25,'2025-08-29','今日は重要な会議があり、プロジェクトの進捗について詳細に議論しました。いくつかの課題が見つかり、対応方針を決定しました。引き続きフォローします。',NULL,'2025-08-29 09:00:00','2025-10-15 18:38:02'),(243,25,'2025-09-01','今日は重要な会議があり、プロジェクトの進捗について詳細に議論しました。いくつかの課題が見つかり、対応方針を決定しました。引き続きフォローします。',NULL,'2025-09-01 09:00:00','2025-10-15 18:38:02'),(244,25,'2025-09-02','今日は重要な会議があり、プロジェクトの進捗について詳細に議論しました。いくつかの課題が見つかり、対応方針を決定しました。引き続きフォローします。',NULL,'2025-09-02 09:00:00','2025-10-15 18:38:02'),(245,25,'2025-09-03','今日は重要な会議があり、プロジェクトの進捗について詳細に議論しました。いくつかの課題が見つかり、対応方針を決定しました。引き続きフォローします。',NULL,'2025-09-03 09:00:00','2025-10-15 18:38:02'),(246,25,'2025-09-04','今日は重要な会議があり、プロジェクトの進捗について詳細に議論しました。いくつかの課題が見つかり、対応方針を決定しました。引き続きフォローします。',NULL,'2025-09-04 09:00:00','2025-10-15 18:38:02'),(247,25,'2025-09-05','今日は重要な会議があり、プロジェクトの進捗について詳細に議論しました。いくつかの課題が見つかり、対応方針を決定しました。引き続きフォローします。',NULL,'2025-09-05 09:00:00','2025-10-15 18:38:02'),(248,25,'2025-09-08','今日は重要な会議があり、プロジェクトの進捗について詳細に議論しました。いくつかの課題が見つかり、対応方針を決定しました。引き続きフォローします。',NULL,'2025-09-08 09:00:00','2025-10-15 18:38:02'),(249,25,'2025-09-09','今日は重要な会議があり、プロジェクトの進捗について詳細に議論しました。いくつかの課題が見つかり、対応方針を決定しました。引き続きフォローします。',NULL,'2025-09-09 09:00:00','2025-10-15 18:38:02'),(250,25,'2025-09-10','今日は重要な会議があり、プロジェクトの進捗について詳細に議論しました。いくつかの課題が見つかり、対応方針を決定しました。引き続きフォローします。',NULL,'2025-09-10 09:00:00','2025-10-15 18:38:02'),(251,25,'2025-09-11','今日は重要な会議があり、プロジェクトの進捗について詳細に議論しました。いくつかの課題が見つかり、対応方針を決定しました。引き続きフォローします。',NULL,'2025-09-11 09:00:00','2025-10-15 18:38:02'),(252,25,'2025-09-12','今日は重要な会議があり、プロジェクトの進捗について詳細に議論しました。いくつかの課題が見つかり、対応方針を決定しました。引き続きフォローします。',NULL,'2025-09-12 09:00:00','2025-10-15 18:38:02'),(253,25,'2025-09-15','今日は重要な会議があり、プロジェクトの進捗について詳細に議論しました。いくつかの課題が見つかり、対応方針を決定しました。引き続きフォローします。',NULL,'2025-09-15 09:00:00','2025-10-15 18:38:02'),(254,25,'2025-09-16','今日は重要な会議があり、プロジェクトの進捗について詳細に議論しました。いくつかの課題が見つかり、対応方針を決定しました。引き続きフォローします。',NULL,'2025-09-16 09:00:00','2025-10-15 18:38:02'),(255,25,'2025-09-17','今日は重要な会議があり、プロジェクトの進捗について詳細に議論しました。いくつかの課題が見つかり、対応方針を決定しました。引き続きフォローします。',NULL,'2025-09-17 09:00:00','2025-10-15 18:38:02'),(256,25,'2025-09-18','今日は重要な会議があり、プロジェクトの進捗について詳細に議論しました。いくつかの課題が見つかり、対応方針を決定しました。引き続きフォローします。',NULL,'2025-09-18 09:00:00','2025-10-15 18:38:02'),(257,25,'2025-09-19','今日は重要な会議があり、プロジェクトの進捗について詳細に議論しました。いくつかの課題が見つかり、対応方針を決定しました。引き続きフォローします。',NULL,'2025-09-19 09:00:00','2025-10-15 18:38:02'),(258,25,'2025-09-22','今日は重要な会議があり、プロジェクトの進捗について詳細に議論しました。いくつかの課題が見つかり、対応方針を決定しました。引き続きフォローします。',NULL,'2025-09-22 09:00:00','2025-10-15 18:38:02'),(259,25,'2025-09-23','今日は重要な会議があり、プロジェクトの進捗について詳細に議論しました。いくつかの課題が見つかり、対応方針を決定しました。引き続きフォローします。',NULL,'2025-09-23 09:00:00','2025-10-15 18:38:02'),(260,25,'2025-09-24','今日は重要な会議があり、プロジェクトの進捗について詳細に議論しました。いくつかの課題が見つかり、対応方針を決定しました。引き続きフォローします。',NULL,'2025-09-24 09:00:00','2025-10-15 18:38:02'),(261,25,'2025-09-25','今日は重要な会議があり、プロジェクトの進捗について詳細に議論しました。いくつかの課題が見つかり、対応方針を決定しました。引き続きフォローします。',NULL,'2025-09-25 09:00:00','2025-10-15 18:38:02'),(262,25,'2025-09-26','今日は重要な会議があり、プロジェクトの進捗について詳細に議論しました。いくつかの課題が見つかり、対応方針を決定しました。引き続きフォローします。',NULL,'2025-09-26 09:00:00','2025-10-15 18:38:02'),(263,25,'2025-09-29','今日は重要な会議があり、プロジェクトの進捗について詳細に議論しました。いくつかの課題が見つかり、対応方針を決定しました。引き続きフォローします。',NULL,'2025-09-29 09:00:00','2025-10-15 18:38:02'),(264,25,'2025-09-30','今日は重要な会議があり、プロジェクトの進捗について詳細に議論しました。いくつかの課題が見つかり、対応方針を決定しました。引き続きフォローします。','[1]','2025-09-30 09:00:00','2025-10-15 18:48:03'),(265,15,'2025-07-01','今日は重要な会議があり、プロジェクトの進捗について詳細に議論しました。いくつかの課題が見つかり、対応方針を決定しました。引き続きフォローします。',NULL,'2025-07-01 09:00:00','2025-10-15 18:38:02'),(266,15,'2025-07-02','今日は重要な会議があり、プロジェクトの進捗について詳細に議論しました。いくつかの課題が見つかり、対応方針を決定しました。引き続きフォローします。',NULL,'2025-07-02 09:00:00','2025-10-15 18:38:02'),(267,15,'2025-07-03','今日は重要な会議があり、プロジェクトの進捗について詳細に議論しました。いくつかの課題が見つかり、対応方針を決定しました。引き続きフォローします。',NULL,'2025-07-03 09:00:00','2025-10-15 18:38:02'),(268,15,'2025-07-04','今日は重要な会議があり、プロジェクトの進捗について詳細に議論しました。いくつかの課題が見つかり、対応方針を決定しました。引き続きフォローします。',NULL,'2025-07-04 09:00:00','2025-10-15 18:38:02'),(269,15,'2025-07-07','今日は重要な会議があり、プロジェクトの進捗について詳細に議論しました。いくつかの課題が見つかり、対応方針を決定しました。引き続きフォローします。',NULL,'2025-07-07 09:00:00','2025-10-15 18:38:02'),(270,15,'2025-07-08','今日は重要な会議があり、プロジェクトの進捗について詳細に議論しました。いくつかの課題が見つかり、対応方針を決定しました。引き続きフォローします。',NULL,'2025-07-08 09:00:00','2025-10-15 18:38:02'),(271,15,'2025-07-09','今日は重要な会議があり、プロジェクトの進捗について詳細に議論しました。いくつかの課題が見つかり、対応方針を決定しました。引き続きフォローします。',NULL,'2025-07-09 09:00:00','2025-10-15 18:38:02'),(272,15,'2025-07-10','今日は重要な会議があり、プロジェクトの進捗について詳細に議論しました。いくつかの課題が見つかり、対応方針を決定しました。引き続きフォローします。',NULL,'2025-07-10 09:00:00','2025-10-15 18:38:02'),(273,15,'2025-07-11','今日は重要な会議があり、プロジェクトの進捗について詳細に議論しました。いくつかの課題が見つかり、対応方針を決定しました。引き続きフォローします。',NULL,'2025-07-11 09:00:00','2025-10-15 18:38:02'),(274,15,'2025-07-14','今日は重要な会議があり、プロジェクトの進捗について詳細に議論しました。いくつかの課題が見つかり、対応方針を決定しました。引き続きフォローします。',NULL,'2025-07-14 09:00:00','2025-10-15 18:38:02'),(275,15,'2025-07-15','今日は重要な会議があり、プロジェクトの進捗について詳細に議論しました。いくつかの課題が見つかり、対応方針を決定しました。引き続きフォローします。',NULL,'2025-07-15 09:00:00','2025-10-15 18:38:02'),(276,15,'2025-07-16','今日は重要な会議があり、プロジェクトの進捗について詳細に議論しました。いくつかの課題が見つかり、対応方針を決定しました。引き続きフォローします。',NULL,'2025-07-16 09:00:00','2025-10-15 18:38:02'),(277,15,'2025-07-17','今日は重要な会議があり、プロジェクトの進捗について詳細に議論しました。いくつかの課題が見つかり、対応方針を決定しました。引き続きフォローします。',NULL,'2025-07-17 09:00:00','2025-10-15 18:38:02'),(278,15,'2025-07-18','今日は重要な会議があり、プロジェクトの進捗について詳細に議論しました。いくつかの課題が見つかり、対応方針を決定しました。引き続きフォローします。',NULL,'2025-07-18 09:00:00','2025-10-15 18:38:02'),(279,15,'2025-07-21','今日は重要な会議があり、プロジェクトの進捗について詳細に議論しました。いくつかの課題が見つかり、対応方針を決定しました。引き続きフォローします。',NULL,'2025-07-21 09:00:00','2025-10-15 18:38:02'),(280,15,'2025-07-22','今日は重要な会議があり、プロジェクトの進捗について詳細に議論しました。いくつかの課題が見つかり、対応方針を決定しました。引き続きフォローします。',NULL,'2025-07-22 09:00:00','2025-10-15 18:38:02'),(281,15,'2025-07-23','今日は重要な会議があり、プロジェクトの進捗について詳細に議論しました。いくつかの課題が見つかり、対応方針を決定しました。引き続きフォローします。',NULL,'2025-07-23 09:00:00','2025-10-15 18:38:02'),(282,15,'2025-07-24','今日は重要な会議があり、プロジェクトの進捗について詳細に議論しました。いくつかの課題が見つかり、対応方針を決定しました。引き続きフォローします。',NULL,'2025-07-24 09:00:00','2025-10-15 18:38:02'),(283,15,'2025-07-25','今日は重要な会議があり、プロジェクトの進捗について詳細に議論しました。いくつかの課題が見つかり、対応方針を決定しました。引き続きフォローします。',NULL,'2025-07-25 09:00:00','2025-10-15 18:38:02'),(284,15,'2025-07-28','今日は重要な会議があり、プロジェクトの進捗について詳細に議論しました。いくつかの課題が見つかり、対応方針を決定しました。引き続きフォローします。',NULL,'2025-07-28 09:00:00','2025-10-15 18:38:02'),(285,15,'2025-07-29','今日は重要な会議があり、プロジェクトの進捗について詳細に議論しました。いくつかの課題が見つかり、対応方針を決定しました。引き続きフォローします。',NULL,'2025-07-29 09:00:00','2025-10-15 18:38:02'),(286,15,'2025-07-30','今日は重要な会議があり、プロジェクトの進捗について詳細に議論しました。いくつかの課題が見つかり、対応方針を決定しました。引き続きフォローします。',NULL,'2025-07-30 09:00:00','2025-10-15 18:38:02'),(287,15,'2025-07-31','今日は重要な会議があり、プロジェクトの進捗について詳細に議論しました。いくつかの課題が見つかり、対応方針を決定しました。引き続きフォローします。',NULL,'2025-07-31 09:00:00','2025-10-15 18:38:02'),(288,15,'2025-08-01','今日は重要な会議があり、プロジェクトの進捗について詳細に議論しました。いくつかの課題が見つかり、対応方針を決定しました。引き続きフォローします。',NULL,'2025-08-01 09:00:00','2025-10-15 18:38:02'),(289,15,'2025-08-04','今日は重要な会議があり、プロジェクトの進捗について詳細に議論しました。いくつかの課題が見つかり、対応方針を決定しました。引き続きフォローします。',NULL,'2025-08-04 09:00:00','2025-10-15 18:38:02'),(290,15,'2025-08-05','今日は重要な会議があり、プロジェクトの進捗について詳細に議論しました。いくつかの課題が見つかり、対応方針を決定しました。引き続きフォローします。',NULL,'2025-08-05 09:00:00','2025-10-15 18:38:02'),(291,15,'2025-08-06','今日は重要な会議があり、プロジェクトの進捗について詳細に議論しました。いくつかの課題が見つかり、対応方針を決定しました。引き続きフォローします。',NULL,'2025-08-06 09:00:00','2025-10-15 18:38:02'),(292,15,'2025-08-07','今日は重要な会議があり、プロジェクトの進捗について詳細に議論しました。いくつかの課題が見つかり、対応方針を決定しました。引き続きフォローします。',NULL,'2025-08-07 09:00:00','2025-10-15 18:38:02'),(293,15,'2025-08-08','今日は重要な会議があり、プロジェクトの進捗について詳細に議論しました。いくつかの課題が見つかり、対応方針を決定しました。引き続きフォローします。',NULL,'2025-08-08 09:00:00','2025-10-15 18:38:02'),(294,15,'2025-08-11','今日は重要な会議があり、プロジェクトの進捗について詳細に議論しました。いくつかの課題が見つかり、対応方針を決定しました。引き続きフォローします。',NULL,'2025-08-11 09:00:00','2025-10-15 18:38:02'),(295,15,'2025-08-12','今日は重要な会議があり、プロジェクトの進捗について詳細に議論しました。いくつかの課題が見つかり、対応方針を決定しました。引き続きフォローします。',NULL,'2025-08-12 09:00:00','2025-10-15 18:38:02'),(296,15,'2025-08-13','今日は重要な会議があり、プロジェクトの進捗について詳細に議論しました。いくつかの課題が見つかり、対応方針を決定しました。引き続きフォローします。',NULL,'2025-08-13 09:00:00','2025-10-15 18:38:02'),(297,15,'2025-08-14','今日は重要な会議があり、プロジェクトの進捗について詳細に議論しました。いくつかの課題が見つかり、対応方針を決定しました。引き続きフォローします。',NULL,'2025-08-14 09:00:00','2025-10-15 18:38:02'),(298,15,'2025-08-15','今日は重要な会議があり、プロジェクトの進捗について詳細に議論しました。いくつかの課題が見つかり、対応方針を決定しました。引き続きフォローします。',NULL,'2025-08-15 09:00:00','2025-10-15 18:38:02'),(299,15,'2025-08-18','今日は重要な会議があり、プロジェクトの進捗について詳細に議論しました。いくつかの課題が見つかり、対応方針を決定しました。引き続きフォローします。',NULL,'2025-08-18 09:00:00','2025-10-15 18:38:02'),(300,15,'2025-08-19','今日は重要な会議があり、プロジェクトの進捗について詳細に議論しました。いくつかの課題が見つかり、対応方針を決定しました。引き続きフォローします。',NULL,'2025-08-19 09:00:00','2025-10-15 18:38:02'),(301,15,'2025-08-20','今日は重要な会議があり、プロジェクトの進捗について詳細に議論しました。いくつかの課題が見つかり、対応方針を決定しました。引き続きフォローします。',NULL,'2025-08-20 09:00:00','2025-10-15 18:38:02'),(302,15,'2025-08-21','今日は重要な会議があり、プロジェクトの進捗について詳細に議論しました。いくつかの課題が見つかり、対応方針を決定しました。引き続きフォローします。',NULL,'2025-08-21 09:00:00','2025-10-15 18:38:02'),(303,15,'2025-08-22','今日は重要な会議があり、プロジェクトの進捗について詳細に議論しました。いくつかの課題が見つかり、対応方針を決定しました。引き続きフォローします。',NULL,'2025-08-22 09:00:00','2025-10-15 18:38:02'),(304,15,'2025-08-25','今日は重要な会議があり、プロジェクトの進捗について詳細に議論しました。いくつかの課題が見つかり、対応方針を決定しました。引き続きフォローします。',NULL,'2025-08-25 09:00:00','2025-10-15 18:38:02'),(305,15,'2025-08-26','今日は重要な会議があり、プロジェクトの進捗について詳細に議論しました。いくつかの課題が見つかり、対応方針を決定しました。引き続きフォローします。',NULL,'2025-08-26 09:00:00','2025-10-15 18:38:02'),(306,15,'2025-08-27','今日は重要な会議があり、プロジェクトの進捗について詳細に議論しました。いくつかの課題が見つかり、対応方針を決定しました。引き続きフォローします。',NULL,'2025-08-27 09:00:00','2025-10-15 18:38:02'),(307,15,'2025-08-28','今日は重要な会議があり、プロジェクトの進捗について詳細に議論しました。いくつかの課題が見つかり、対応方針を決定しました。引き続きフォローします。',NULL,'2025-08-28 09:00:00','2025-10-15 18:38:02'),(308,15,'2025-08-29','今日は重要な会議があり、プロジェクトの進捗について詳細に議論しました。いくつかの課題が見つかり、対応方針を決定しました。引き続きフォローします。',NULL,'2025-08-29 09:00:00','2025-10-15 18:38:02'),(309,15,'2025-09-01','今日は重要な会議があり、プロジェクトの進捗について詳細に議論しました。いくつかの課題が見つかり、対応方針を決定しました。引き続きフォローします。',NULL,'2025-09-01 09:00:00','2025-10-15 18:38:02'),(310,15,'2025-09-02','今日は重要な会議があり、プロジェクトの進捗について詳細に議論しました。いくつかの課題が見つかり、対応方針を決定しました。引き続きフォローします。',NULL,'2025-09-02 09:00:00','2025-10-15 18:38:02'),(311,15,'2025-09-03','今日は重要な会議があり、プロジェクトの進捗について詳細に議論しました。いくつかの課題が見つかり、対応方針を決定しました。引き続きフォローします。',NULL,'2025-09-03 09:00:00','2025-10-15 18:38:02'),(312,15,'2025-09-04','今日は重要な会議があり、プロジェクトの進捗について詳細に議論しました。いくつかの課題が見つかり、対応方針を決定しました。引き続きフォローします。',NULL,'2025-09-04 09:00:00','2025-10-15 18:38:02'),(313,15,'2025-09-05','今日は重要な会議があり、プロジェクトの進捗について詳細に議論しました。いくつかの課題が見つかり、対応方針を決定しました。引き続きフォローします。',NULL,'2025-09-05 09:00:00','2025-10-15 18:38:02'),(314,15,'2025-09-08','今日は重要な会議があり、プロジェクトの進捗について詳細に議論しました。いくつかの課題が見つかり、対応方針を決定しました。引き続きフォローします。',NULL,'2025-09-08 09:00:00','2025-10-15 18:38:02'),(315,15,'2025-09-09','今日は重要な会議があり、プロジェクトの進捗について詳細に議論しました。いくつかの課題が見つかり、対応方針を決定しました。引き続きフォローします。',NULL,'2025-09-09 09:00:00','2025-10-15 18:38:02'),(316,15,'2025-09-10','今日は重要な会議があり、プロジェクトの進捗について詳細に議論しました。いくつかの課題が見つかり、対応方針を決定しました。引き続きフォローします。',NULL,'2025-09-10 09:00:00','2025-10-15 18:38:02'),(317,15,'2025-09-11','今日は重要な会議があり、プロジェクトの進捗について詳細に議論しました。いくつかの課題が見つかり、対応方針を決定しました。引き続きフォローします。',NULL,'2025-09-11 09:00:00','2025-10-15 18:38:02'),(318,15,'2025-09-12','今日は重要な会議があり、プロジェクトの進捗について詳細に議論しました。いくつかの課題が見つかり、対応方針を決定しました。引き続きフォローします。',NULL,'2025-09-12 09:00:00','2025-10-15 18:38:02'),(319,15,'2025-09-15','今日は重要な会議があり、プロジェクトの進捗について詳細に議論しました。いくつかの課題が見つかり、対応方針を決定しました。引き続きフォローします。',NULL,'2025-09-15 09:00:00','2025-10-15 18:38:02'),(320,15,'2025-09-16','今日は重要な会議があり、プロジェクトの進捗について詳細に議論しました。いくつかの課題が見つかり、対応方針を決定しました。引き続きフォローします。',NULL,'2025-09-16 09:00:00','2025-10-15 18:38:02'),(321,15,'2025-09-17','今日は重要な会議があり、プロジェクトの進捗について詳細に議論しました。いくつかの課題が見つかり、対応方針を決定しました。引き続きフォローします。',NULL,'2025-09-17 09:00:00','2025-10-15 18:38:02'),(322,15,'2025-09-18','今日は重要な会議があり、プロジェクトの進捗について詳細に議論しました。いくつかの課題が見つかり、対応方針を決定しました。引き続きフォローします。',NULL,'2025-09-18 09:00:00','2025-10-15 18:38:02'),(323,15,'2025-09-19','今日は重要な会議があり、プロジェクトの進捗について詳細に議論しました。いくつかの課題が見つかり、対応方針を決定しました。引き続きフォローします。',NULL,'2025-09-19 09:00:00','2025-10-15 18:38:02'),(324,15,'2025-09-22','今日は重要な会議があり、プロジェクトの進捗について詳細に議論しました。いくつかの課題が見つかり、対応方針を決定しました。引き続きフォローします。',NULL,'2025-09-22 09:00:00','2025-10-15 18:38:02'),(325,15,'2025-09-23','今日は重要な会議があり、プロジェクトの進捗について詳細に議論しました。いくつかの課題が見つかり、対応方針を決定しました。引き続きフォローします。',NULL,'2025-09-23 09:00:00','2025-10-15 18:38:02'),(326,15,'2025-09-24','今日は重要な会議があり、プロジェクトの進捗について詳細に議論しました。いくつかの課題が見つかり、対応方針を決定しました。引き続きフォローします。',NULL,'2025-09-24 09:00:00','2025-10-15 18:38:02'),(327,15,'2025-09-25','今日は重要な会議があり、プロジェクトの進捗について詳細に議論しました。いくつかの課題が見つかり、対応方針を決定しました。引き続きフォローします。',NULL,'2025-09-25 09:00:00','2025-10-15 18:38:02'),(328,15,'2025-09-26','今日は重要な会議があり、プロジェクトの進捗について詳細に議論しました。いくつかの課題が見つかり、対応方針を決定しました。引き続きフォローします。',NULL,'2025-09-26 09:00:00','2025-10-15 18:38:02'),(329,15,'2025-09-29','今日は重要な会議があり、プロジェクトの進捗について詳細に議論しました。いくつかの課題が見つかり、対応方針を決定しました。引き続きフォローします。',NULL,'2025-09-29 09:00:00','2025-10-15 18:38:02'),(330,15,'2025-09-30','今日は重要な会議があり、プロジェクトの進捗について詳細に議論しました。いくつかの課題が見つかり、対応方針を決定しました。引き続きフォローします。','[1]','2025-09-30 09:00:00','2025-10-15 18:48:03'),(331,2,'2025-07-01','今日は重要な会議があり、プロジェクトの進捗について詳細に議論しました。いくつかの課題が見つかり、対応方針を決定しました。引き続きフォローします。',NULL,'2025-07-01 09:00:00','2025-10-15 18:38:02'),(332,2,'2025-07-02','今日は重要な会議があり、プロジェクトの進捗について詳細に議論しました。いくつかの課題が見つかり、対応方針を決定しました。引き続きフォローします。',NULL,'2025-07-02 09:00:00','2025-10-15 18:38:02'),(333,2,'2025-07-03','今日は重要な会議があり、プロジェクトの進捗について詳細に議論しました。いくつかの課題が見つかり、対応方針を決定しました。引き続きフォローします。',NULL,'2025-07-03 09:00:00','2025-10-15 18:38:02'),(334,2,'2025-07-04','今日は重要な会議があり、プロジェクトの進捗について詳細に議論しました。いくつかの課題が見つかり、対応方針を決定しました。引き続きフォローします。',NULL,'2025-07-04 09:00:00','2025-10-15 18:38:02'),(335,2,'2025-07-07','今日は重要な会議があり、プロジェクトの進捗について詳細に議論しました。いくつかの課題が見つかり、対応方針を決定しました。引き続きフォローします。',NULL,'2025-07-07 09:00:00','2025-10-15 18:38:02'),(336,2,'2025-07-08','今日は重要な会議があり、プロジェクトの進捗について詳細に議論しました。いくつかの課題が見つかり、対応方針を決定しました。引き続きフォローします。',NULL,'2025-07-08 09:00:00','2025-10-15 18:38:02'),(337,2,'2025-07-09','今日は重要な会議があり、プロジェクトの進捗について詳細に議論しました。いくつかの課題が見つかり、対応方針を決定しました。引き続きフォローします。',NULL,'2025-07-09 09:00:00','2025-10-15 18:38:02'),(338,2,'2025-07-10','今日は重要な会議があり、プロジェクトの進捗について詳細に議論しました。いくつかの課題が見つかり、対応方針を決定しました。引き続きフォローします。',NULL,'2025-07-10 09:00:00','2025-10-15 18:38:02'),(339,2,'2025-07-11','今日は重要な会議があり、プロジェクトの進捗について詳細に議論しました。いくつかの課題が見つかり、対応方針を決定しました。引き続きフォローします。',NULL,'2025-07-11 09:00:00','2025-10-15 18:38:02'),(340,2,'2025-07-14','今日は重要な会議があり、プロジェクトの進捗について詳細に議論しました。いくつかの課題が見つかり、対応方針を決定しました。引き続きフォローします。',NULL,'2025-07-14 09:00:00','2025-10-15 18:38:02'),(341,2,'2025-07-15','今日は重要な会議があり、プロジェクトの進捗について詳細に議論しました。いくつかの課題が見つかり、対応方針を決定しました。引き続きフォローします。',NULL,'2025-07-15 09:00:00','2025-10-15 18:38:02'),(342,2,'2025-07-16','今日は重要な会議があり、プロジェクトの進捗について詳細に議論しました。いくつかの課題が見つかり、対応方針を決定しました。引き続きフォローします。',NULL,'2025-07-16 09:00:00','2025-10-15 18:38:02'),(343,2,'2025-07-17','今日は重要な会議があり、プロジェクトの進捗について詳細に議論しました。いくつかの課題が見つかり、対応方針を決定しました。引き続きフォローします。',NULL,'2025-07-17 09:00:00','2025-10-15 18:38:02'),(344,2,'2025-07-18','今日は重要な会議があり、プロジェクトの進捗について詳細に議論しました。いくつかの課題が見つかり、対応方針を決定しました。引き続きフォローします。',NULL,'2025-07-18 09:00:00','2025-10-15 18:38:02'),(345,2,'2025-07-21','今日は重要な会議があり、プロジェクトの進捗について詳細に議論しました。いくつかの課題が見つかり、対応方針を決定しました。引き続きフォローします。',NULL,'2025-07-21 09:00:00','2025-10-15 18:38:02'),(346,2,'2025-07-22','今日は重要な会議があり、プロジェクトの進捗について詳細に議論しました。いくつかの課題が見つかり、対応方針を決定しました。引き続きフォローします。',NULL,'2025-07-22 09:00:00','2025-10-15 18:38:02'),(347,2,'2025-07-23','今日は重要な会議があり、プロジェクトの進捗について詳細に議論しました。いくつかの課題が見つかり、対応方針を決定しました。引き続きフォローします。',NULL,'2025-07-23 09:00:00','2025-10-15 18:38:02'),(348,2,'2025-07-24','今日は重要な会議があり、プロジェクトの進捗について詳細に議論しました。いくつかの課題が見つかり、対応方針を決定しました。引き続きフォローします。',NULL,'2025-07-24 09:00:00','2025-10-15 18:38:02'),(349,2,'2025-07-25','今日は重要な会議があり、プロジェクトの進捗について詳細に議論しました。いくつかの課題が見つかり、対応方針を決定しました。引き続きフォローします。',NULL,'2025-07-25 09:00:00','2025-10-15 18:38:02'),(350,2,'2025-07-28','今日は重要な会議があり、プロジェクトの進捗について詳細に議論しました。いくつかの課題が見つかり、対応方針を決定しました。引き続きフォローします。',NULL,'2025-07-28 09:00:00','2025-10-15 18:38:02'),(351,2,'2025-07-29','今日は重要な会議があり、プロジェクトの進捗について詳細に議論しました。いくつかの課題が見つかり、対応方針を決定しました。引き続きフォローします。',NULL,'2025-07-29 09:00:00','2025-10-15 18:38:02'),(352,2,'2025-07-30','今日は重要な会議があり、プロジェクトの進捗について詳細に議論しました。いくつかの課題が見つかり、対応方針を決定しました。引き続きフォローします。',NULL,'2025-07-30 09:00:00','2025-10-15 18:38:02'),(353,2,'2025-07-31','今日は重要な会議があり、プロジェクトの進捗について詳細に議論しました。いくつかの課題が見つかり、対応方針を決定しました。引き続きフォローします。',NULL,'2025-07-31 09:00:00','2025-10-15 18:38:02'),(354,2,'2025-08-01','今日は重要な会議があり、プロジェクトの進捗について詳細に議論しました。いくつかの課題が見つかり、対応方針を決定しました。引き続きフォローします。',NULL,'2025-08-01 09:00:00','2025-10-15 18:38:02'),(355,2,'2025-08-04','今日は重要な会議があり、プロジェクトの進捗について詳細に議論しました。いくつかの課題が見つかり、対応方針を決定しました。引き続きフォローします。',NULL,'2025-08-04 09:00:00','2025-10-15 18:38:02'),(356,2,'2025-08-05','今日は重要な会議があり、プロジェクトの進捗について詳細に議論しました。いくつかの課題が見つかり、対応方針を決定しました。引き続きフォローします。',NULL,'2025-08-05 09:00:00','2025-10-15 18:38:02'),(357,2,'2025-08-06','今日は重要な会議があり、プロジェクトの進捗について詳細に議論しました。いくつかの課題が見つかり、対応方針を決定しました。引き続きフォローします。',NULL,'2025-08-06 09:00:00','2025-10-15 18:38:02'),(358,2,'2025-08-07','今日は重要な会議があり、プロジェクトの進捗について詳細に議論しました。いくつかの課題が見つかり、対応方針を決定しました。引き続きフォローします。',NULL,'2025-08-07 09:00:00','2025-10-15 18:38:02'),(359,2,'2025-08-08','今日は重要な会議があり、プロジェクトの進捗について詳細に議論しました。いくつかの課題が見つかり、対応方針を決定しました。引き続きフォローします。',NULL,'2025-08-08 09:00:00','2025-10-15 18:38:02'),(360,2,'2025-08-11','今日は重要な会議があり、プロジェクトの進捗について詳細に議論しました。いくつかの課題が見つかり、対応方針を決定しました。引き続きフォローします。',NULL,'2025-08-11 09:00:00','2025-10-15 18:38:02'),(361,2,'2025-08-12','今日は重要な会議があり、プロジェクトの進捗について詳細に議論しました。いくつかの課題が見つかり、対応方針を決定しました。引き続きフォローします。',NULL,'2025-08-12 09:00:00','2025-10-15 18:38:02'),(362,2,'2025-08-13','今日は重要な会議があり、プロジェクトの進捗について詳細に議論しました。いくつかの課題が見つかり、対応方針を決定しました。引き続きフォローします。',NULL,'2025-08-13 09:00:00','2025-10-15 18:38:02'),(363,2,'2025-08-14','今日は重要な会議があり、プロジェクトの進捗について詳細に議論しました。いくつかの課題が見つかり、対応方針を決定しました。引き続きフォローします。',NULL,'2025-08-14 09:00:00','2025-10-15 18:38:02'),(364,2,'2025-08-15','今日は重要な会議があり、プロジェクトの進捗について詳細に議論しました。いくつかの課題が見つかり、対応方針を決定しました。引き続きフォローします。',NULL,'2025-08-15 09:00:00','2025-10-15 18:38:02'),(365,2,'2025-08-18','今日は重要な会議があり、プロジェクトの進捗について詳細に議論しました。いくつかの課題が見つかり、対応方針を決定しました。引き続きフォローします。',NULL,'2025-08-18 09:00:00','2025-10-15 18:38:02'),(366,2,'2025-08-19','今日は重要な会議があり、プロジェクトの進捗について詳細に議論しました。いくつかの課題が見つかり、対応方針を決定しました。引き続きフォローします。',NULL,'2025-08-19 09:00:00','2025-10-15 18:38:02'),(367,2,'2025-08-20','今日は重要な会議があり、プロジェクトの進捗について詳細に議論しました。いくつかの課題が見つかり、対応方針を決定しました。引き続きフォローします。',NULL,'2025-08-20 09:00:00','2025-10-15 18:38:02'),(368,2,'2025-08-21','今日は重要な会議があり、プロジェクトの進捗について詳細に議論しました。いくつかの課題が見つかり、対応方針を決定しました。引き続きフォローします。',NULL,'2025-08-21 09:00:00','2025-10-15 18:38:02'),(369,2,'2025-08-22','今日は重要な会議があり、プロジェクトの進捗について詳細に議論しました。いくつかの課題が見つかり、対応方針を決定しました。引き続きフォローします。',NULL,'2025-08-22 09:00:00','2025-10-15 18:38:02'),(370,2,'2025-08-25','今日は重要な会議があり、プロジェクトの進捗について詳細に議論しました。いくつかの課題が見つかり、対応方針を決定しました。引き続きフォローします。',NULL,'2025-08-25 09:00:00','2025-10-15 18:38:02'),(371,2,'2025-08-26','今日は重要な会議があり、プロジェクトの進捗について詳細に議論しました。いくつかの課題が見つかり、対応方針を決定しました。引き続きフォローします。',NULL,'2025-08-26 09:00:00','2025-10-15 18:38:02'),(372,2,'2025-08-27','今日は重要な会議があり、プロジェクトの進捗について詳細に議論しました。いくつかの課題が見つかり、対応方針を決定しました。引き続きフォローします。',NULL,'2025-08-27 09:00:00','2025-10-15 18:38:02'),(373,2,'2025-08-28','今日は重要な会議があり、プロジェクトの進捗について詳細に議論しました。いくつかの課題が見つかり、対応方針を決定しました。引き続きフォローします。',NULL,'2025-08-28 09:00:00','2025-10-15 18:38:02'),(374,2,'2025-08-29','今日は重要な会議があり、プロジェクトの進捗について詳細に議論しました。いくつかの課題が見つかり、対応方針を決定しました。引き続きフォローします。',NULL,'2025-08-29 09:00:00','2025-10-15 18:38:02'),(375,2,'2025-09-01','今日は重要な会議があり、プロジェクトの進捗について詳細に議論しました。いくつかの課題が見つかり、対応方針を決定しました。引き続きフォローします。',NULL,'2025-09-01 09:00:00','2025-10-15 18:38:02'),(376,2,'2025-09-02','今日は重要な会議があり、プロジェクトの進捗について詳細に議論しました。いくつかの課題が見つかり、対応方針を決定しました。引き続きフォローします。',NULL,'2025-09-02 09:00:00','2025-10-15 18:38:02'),(377,2,'2025-09-03','今日は重要な会議があり、プロジェクトの進捗について詳細に議論しました。いくつかの課題が見つかり、対応方針を決定しました。引き続きフォローします。',NULL,'2025-09-03 09:00:00','2025-10-15 18:38:02'),(378,2,'2025-09-04','今日は重要な会議があり、プロジェクトの進捗について詳細に議論しました。いくつかの課題が見つかり、対応方針を決定しました。引き続きフォローします。',NULL,'2025-09-04 09:00:00','2025-10-15 18:38:02'),(379,2,'2025-09-05','今日は重要な会議があり、プロジェクトの進捗について詳細に議論しました。いくつかの課題が見つかり、対応方針を決定しました。引き続きフォローします。',NULL,'2025-09-05 09:00:00','2025-10-15 18:38:02'),(380,2,'2025-09-08','今日は重要な会議があり、プロジェクトの進捗について詳細に議論しました。いくつかの課題が見つかり、対応方針を決定しました。引き続きフォローします。',NULL,'2025-09-08 09:00:00','2025-10-15 18:38:02'),(381,2,'2025-09-09','今日は重要な会議があり、プロジェクトの進捗について詳細に議論しました。いくつかの課題が見つかり、対応方針を決定しました。引き続きフォローします。',NULL,'2025-09-09 09:00:00','2025-10-15 18:38:02'),(382,2,'2025-09-10','今日は重要な会議があり、プロジェクトの進捗について詳細に議論しました。いくつかの課題が見つかり、対応方針を決定しました。引き続きフォローします。',NULL,'2025-09-10 09:00:00','2025-10-15 18:38:02'),(383,2,'2025-09-11','今日は重要な会議があり、プロジェクトの進捗について詳細に議論しました。いくつかの課題が見つかり、対応方針を決定しました。引き続きフォローします。',NULL,'2025-09-11 09:00:00','2025-10-15 18:38:02'),(384,2,'2025-09-12','今日は重要な会議があり、プロジェクトの進捗について詳細に議論しました。いくつかの課題が見つかり、対応方針を決定しました。引き続きフォローします。',NULL,'2025-09-12 09:00:00','2025-10-15 18:38:02'),(385,2,'2025-09-15','今日は重要な会議があり、プロジェクトの進捗について詳細に議論しました。いくつかの課題が見つかり、対応方針を決定しました。引き続きフォローします。',NULL,'2025-09-15 09:00:00','2025-10-15 18:38:02'),(386,2,'2025-09-16','今日は重要な会議があり、プロジェクトの進捗について詳細に議論しました。いくつかの課題が見つかり、対応方針を決定しました。引き続きフォローします。',NULL,'2025-09-16 09:00:00','2025-10-15 18:38:02'),(387,2,'2025-09-17','今日は重要な会議があり、プロジェクトの進捗について詳細に議論しました。いくつかの課題が見つかり、対応方針を決定しました。引き続きフォローします。',NULL,'2025-09-17 09:00:00','2025-10-15 18:38:02'),(388,2,'2025-09-18','今日は重要な会議があり、プロジェクトの進捗について詳細に議論しました。いくつかの課題が見つかり、対応方針を決定しました。引き続きフォローします。',NULL,'2025-09-18 09:00:00','2025-10-15 18:38:02'),(389,2,'2025-09-19','今日は重要な会議があり、プロジェクトの進捗について詳細に議論しました。いくつかの課題が見つかり、対応方針を決定しました。引き続きフォローします。',NULL,'2025-09-19 09:00:00','2025-10-15 18:38:02'),(390,2,'2025-09-22','今日は重要な会議があり、プロジェクトの進捗について詳細に議論しました。いくつかの課題が見つかり、対応方針を決定しました。引き続きフォローします。',NULL,'2025-09-22 09:00:00','2025-10-15 18:38:02'),(391,2,'2025-09-23','今日は重要な会議があり、プロジェクトの進捗について詳細に議論しました。いくつかの課題が見つかり、対応方針を決定しました。引き続きフォローします。',NULL,'2025-09-23 09:00:00','2025-10-15 18:38:02'),(392,2,'2025-09-24','今日は重要な会議があり、プロジェクトの進捗について詳細に議論しました。いくつかの課題が見つかり、対応方針を決定しました。引き続きフォローします。',NULL,'2025-09-24 09:00:00','2025-10-15 18:38:02'),(393,2,'2025-09-25','今日は重要な会議があり、プロジェクトの進捗について詳細に議論しました。いくつかの課題が見つかり、対応方針を決定しました。引き続きフォローします。',NULL,'2025-09-25 09:00:00','2025-10-15 18:38:02'),(394,2,'2025-09-26','今日は重要な会議があり、プロジェクトの進捗について詳細に議論しました。いくつかの課題が見つかり、対応方針を決定しました。引き続きフォローします。',NULL,'2025-09-26 09:00:00','2025-10-15 18:38:02'),(395,2,'2025-09-29','今日は重要な会議があり、プロジェクトの進捗について詳細に議論しました。いくつかの課題が見つかり、対応方針を決定しました。引き続きフォローします。',NULL,'2025-09-29 09:00:00','2025-10-15 18:38:02'),(396,2,'2025-09-30','今日は重要な会議があり、プロジェクトの進捗について詳細に議論しました。いくつかの課題が見つかり、対応方針を決定しました。引き続きフォローします。','[1]','2025-09-30 09:00:00','2025-10-15 18:48:03'),(397,4,'2025-07-01','今日は重要な会議があり、プロジェクトの進捗について詳細に議論しました。いくつかの課題が見つかり、対応方針を決定しました。引き続きフォローします。',NULL,'2025-07-01 09:00:00','2025-10-15 18:38:02'),(398,4,'2025-07-02','今日は重要な会議があり、プロジェクトの進捗について詳細に議論しました。いくつかの課題が見つかり、対応方針を決定しました。引き続きフォローします。',NULL,'2025-07-02 09:00:00','2025-10-15 18:38:02'),(399,4,'2025-07-03','今日は重要な会議があり、プロジェクトの進捗について詳細に議論しました。いくつかの課題が見つかり、対応方針を決定しました。引き続きフォローします。',NULL,'2025-07-03 09:00:00','2025-10-15 18:38:02'),(400,4,'2025-07-04','今日は重要な会議があり、プロジェクトの進捗について詳細に議論しました。いくつかの課題が見つかり、対応方針を決定しました。引き続きフォローします。',NULL,'2025-07-04 09:00:00','2025-10-15 18:38:02'),(401,4,'2025-07-07','今日は重要な会議があり、プロジェクトの進捗について詳細に議論しました。いくつかの課題が見つかり、対応方針を決定しました。引き続きフォローします。',NULL,'2025-07-07 09:00:00','2025-10-15 18:38:02'),(402,4,'2025-07-08','今日は重要な会議があり、プロジェクトの進捗について詳細に議論しました。いくつかの課題が見つかり、対応方針を決定しました。引き続きフォローします。',NULL,'2025-07-08 09:00:00','2025-10-15 18:38:02'),(403,4,'2025-07-09','今日は重要な会議があり、プロジェクトの進捗について詳細に議論しました。いくつかの課題が見つかり、対応方針を決定しました。引き続きフォローします。',NULL,'2025-07-09 09:00:00','2025-10-15 18:38:02'),(404,4,'2025-07-10','今日は重要な会議があり、プロジェクトの進捗について詳細に議論しました。いくつかの課題が見つかり、対応方針を決定しました。引き続きフォローします。',NULL,'2025-07-10 09:00:00','2025-10-15 18:38:02'),(405,4,'2025-07-11','今日は重要な会議があり、プロジェクトの進捗について詳細に議論しました。いくつかの課題が見つかり、対応方針を決定しました。引き続きフォローします。',NULL,'2025-07-11 09:00:00','2025-10-15 18:38:02'),(406,4,'2025-07-14','今日は重要な会議があり、プロジェクトの進捗について詳細に議論しました。いくつかの課題が見つかり、対応方針を決定しました。引き続きフォローします。',NULL,'2025-07-14 09:00:00','2025-10-15 18:38:02'),(407,4,'2025-07-15','今日は重要な会議があり、プロジェクトの進捗について詳細に議論しました。いくつかの課題が見つかり、対応方針を決定しました。引き続きフォローします。',NULL,'2025-07-15 09:00:00','2025-10-15 18:38:02'),(408,4,'2025-07-16','今日は重要な会議があり、プロジェクトの進捗について詳細に議論しました。いくつかの課題が見つかり、対応方針を決定しました。引き続きフォローします。',NULL,'2025-07-16 09:00:00','2025-10-15 18:38:02'),(409,4,'2025-07-17','今日は重要な会議があり、プロジェクトの進捗について詳細に議論しました。いくつかの課題が見つかり、対応方針を決定しました。引き続きフォローします。',NULL,'2025-07-17 09:00:00','2025-10-15 18:38:02'),(410,4,'2025-07-18','今日は重要な会議があり、プロジェクトの進捗について詳細に議論しました。いくつかの課題が見つかり、対応方針を決定しました。引き続きフォローします。',NULL,'2025-07-18 09:00:00','2025-10-15 18:38:02'),(411,4,'2025-07-21','今日は重要な会議があり、プロジェクトの進捗について詳細に議論しました。いくつかの課題が見つかり、対応方針を決定しました。引き続きフォローします。',NULL,'2025-07-21 09:00:00','2025-10-15 18:38:02'),(412,4,'2025-07-22','今日は重要な会議があり、プロジェクトの進捗について詳細に議論しました。いくつかの課題が見つかり、対応方針を決定しました。引き続きフォローします。',NULL,'2025-07-22 09:00:00','2025-10-15 18:38:02'),(413,4,'2025-07-23','今日は重要な会議があり、プロジェクトの進捗について詳細に議論しました。いくつかの課題が見つかり、対応方針を決定しました。引き続きフォローします。',NULL,'2025-07-23 09:00:00','2025-10-15 18:38:02'),(414,4,'2025-07-24','今日は重要な会議があり、プロジェクトの進捗について詳細に議論しました。いくつかの課題が見つかり、対応方針を決定しました。引き続きフォローします。',NULL,'2025-07-24 09:00:00','2025-10-15 18:38:02'),(415,4,'2025-07-25','今日は重要な会議があり、プロジェクトの進捗について詳細に議論しました。いくつかの課題が見つかり、対応方針を決定しました。引き続きフォローします。',NULL,'2025-07-25 09:00:00','2025-10-15 18:38:02'),(416,4,'2025-07-28','今日は重要な会議があり、プロジェクトの進捗について詳細に議論しました。いくつかの課題が見つかり、対応方針を決定しました。引き続きフォローします。',NULL,'2025-07-28 09:00:00','2025-10-15 18:38:02'),(417,4,'2025-07-29','今日は重要な会議があり、プロジェクトの進捗について詳細に議論しました。いくつかの課題が見つかり、対応方針を決定しました。引き続きフォローします。',NULL,'2025-07-29 09:00:00','2025-10-15 18:38:02'),(418,4,'2025-07-30','今日は重要な会議があり、プロジェクトの進捗について詳細に議論しました。いくつかの課題が見つかり、対応方針を決定しました。引き続きフォローします。',NULL,'2025-07-30 09:00:00','2025-10-15 18:38:02'),(419,4,'2025-07-31','今日は重要な会議があり、プロジェクトの進捗について詳細に議論しました。いくつかの課題が見つかり、対応方針を決定しました。引き続きフォローします。',NULL,'2025-07-31 09:00:00','2025-10-15 18:38:02'),(420,4,'2025-08-01','今日は重要な会議があり、プロジェクトの進捗について詳細に議論しました。いくつかの課題が見つかり、対応方針を決定しました。引き続きフォローします。',NULL,'2025-08-01 09:00:00','2025-10-15 18:38:02'),(421,4,'2025-08-04','今日は重要な会議があり、プロジェクトの進捗について詳細に議論しました。いくつかの課題が見つかり、対応方針を決定しました。引き続きフォローします。',NULL,'2025-08-04 09:00:00','2025-10-15 18:38:02'),(422,4,'2025-08-05','今日は重要な会議があり、プロジェクトの進捗について詳細に議論しました。いくつかの課題が見つかり、対応方針を決定しました。引き続きフォローします。',NULL,'2025-08-05 09:00:00','2025-10-15 18:38:02'),(423,4,'2025-08-06','今日は重要な会議があり、プロジェクトの進捗について詳細に議論しました。いくつかの課題が見つかり、対応方針を決定しました。引き続きフォローします。',NULL,'2025-08-06 09:00:00','2025-10-15 18:38:02'),(424,4,'2025-08-07','今日は重要な会議があり、プロジェクトの進捗について詳細に議論しました。いくつかの課題が見つかり、対応方針を決定しました。引き続きフォローします。',NULL,'2025-08-07 09:00:00','2025-10-15 18:38:02'),(425,4,'2025-08-08','今日は重要な会議があり、プロジェクトの進捗について詳細に議論しました。いくつかの課題が見つかり、対応方針を決定しました。引き続きフォローします。',NULL,'2025-08-08 09:00:00','2025-10-15 18:38:02'),(426,4,'2025-08-11','今日は重要な会議があり、プロジェクトの進捗について詳細に議論しました。いくつかの課題が見つかり、対応方針を決定しました。引き続きフォローします。',NULL,'2025-08-11 09:00:00','2025-10-15 18:38:02'),(427,4,'2025-08-12','今日は重要な会議があり、プロジェクトの進捗について詳細に議論しました。いくつかの課題が見つかり、対応方針を決定しました。引き続きフォローします。',NULL,'2025-08-12 09:00:00','2025-10-15 18:38:02'),(428,4,'2025-08-13','今日は重要な会議があり、プロジェクトの進捗について詳細に議論しました。いくつかの課題が見つかり、対応方針を決定しました。引き続きフォローします。',NULL,'2025-08-13 09:00:00','2025-10-15 18:38:02'),(429,4,'2025-08-14','今日は重要な会議があり、プロジェクトの進捗について詳細に議論しました。いくつかの課題が見つかり、対応方針を決定しました。引き続きフォローします。',NULL,'2025-08-14 09:00:00','2025-10-15 18:38:02'),(430,4,'2025-08-15','今日は重要な会議があり、プロジェクトの進捗について詳細に議論しました。いくつかの課題が見つかり、対応方針を決定しました。引き続きフォローします。',NULL,'2025-08-15 09:00:00','2025-10-15 18:38:02'),(431,4,'2025-08-18','今日は重要な会議があり、プロジェクトの進捗について詳細に議論しました。いくつかの課題が見つかり、対応方針を決定しました。引き続きフォローします。',NULL,'2025-08-18 09:00:00','2025-10-15 18:38:02'),(432,4,'2025-08-19','今日は重要な会議があり、プロジェクトの進捗について詳細に議論しました。いくつかの課題が見つかり、対応方針を決定しました。引き続きフォローします。',NULL,'2025-08-19 09:00:00','2025-10-15 18:38:02'),(433,4,'2025-08-20','今日は重要な会議があり、プロジェクトの進捗について詳細に議論しました。いくつかの課題が見つかり、対応方針を決定しました。引き続きフォローします。',NULL,'2025-08-20 09:00:00','2025-10-15 18:38:02'),(434,4,'2025-08-21','今日は重要な会議があり、プロジェクトの進捗について詳細に議論しました。いくつかの課題が見つかり、対応方針を決定しました。引き続きフォローします。',NULL,'2025-08-21 09:00:00','2025-10-15 18:38:02'),(435,4,'2025-08-22','今日は重要な会議があり、プロジェクトの進捗について詳細に議論しました。いくつかの課題が見つかり、対応方針を決定しました。引き続きフォローします。',NULL,'2025-08-22 09:00:00','2025-10-15 18:38:02'),(436,4,'2025-08-25','今日は重要な会議があり、プロジェクトの進捗について詳細に議論しました。いくつかの課題が見つかり、対応方針を決定しました。引き続きフォローします。',NULL,'2025-08-25 09:00:00','2025-10-15 18:38:02'),(437,4,'2025-08-26','今日は重要な会議があり、プロジェクトの進捗について詳細に議論しました。いくつかの課題が見つかり、対応方針を決定しました。引き続きフォローします。',NULL,'2025-08-26 09:00:00','2025-10-15 18:38:02'),(438,4,'2025-08-27','今日は重要な会議があり、プロジェクトの進捗について詳細に議論しました。いくつかの課題が見つかり、対応方針を決定しました。引き続きフォローします。',NULL,'2025-08-27 09:00:00','2025-10-15 18:38:02'),(439,4,'2025-08-28','今日は重要な会議があり、プロジェクトの進捗について詳細に議論しました。いくつかの課題が見つかり、対応方針を決定しました。引き続きフォローします。',NULL,'2025-08-28 09:00:00','2025-10-15 18:38:02'),(440,4,'2025-08-29','今日は重要な会議があり、プロジェクトの進捗について詳細に議論しました。いくつかの課題が見つかり、対応方針を決定しました。引き続きフォローします。',NULL,'2025-08-29 09:00:00','2025-10-15 18:38:02'),(441,4,'2025-09-01','今日は重要な会議があり、プロジェクトの進捗について詳細に議論しました。いくつかの課題が見つかり、対応方針を決定しました。引き続きフォローします。',NULL,'2025-09-01 09:00:00','2025-10-15 18:38:02'),(442,4,'2025-09-02','今日は重要な会議があり、プロジェクトの進捗について詳細に議論しました。いくつかの課題が見つかり、対応方針を決定しました。引き続きフォローします。',NULL,'2025-09-02 09:00:00','2025-10-15 18:38:02'),(443,4,'2025-09-03','今日は重要な会議があり、プロジェクトの進捗について詳細に議論しました。いくつかの課題が見つかり、対応方針を決定しました。引き続きフォローします。',NULL,'2025-09-03 09:00:00','2025-10-15 18:38:02'),(444,4,'2025-09-04','今日は重要な会議があり、プロジェクトの進捗について詳細に議論しました。いくつかの課題が見つかり、対応方針を決定しました。引き続きフォローします。',NULL,'2025-09-04 09:00:00','2025-10-15 18:38:02'),(445,4,'2025-09-05','今日は重要な会議があり、プロジェクトの進捗について詳細に議論しました。いくつかの課題が見つかり、対応方針を決定しました。引き続きフォローします。',NULL,'2025-09-05 09:00:00','2025-10-15 18:38:02'),(446,4,'2025-09-08','今日は重要な会議があり、プロジェクトの進捗について詳細に議論しました。いくつかの課題が見つかり、対応方針を決定しました。引き続きフォローします。',NULL,'2025-09-08 09:00:00','2025-10-15 18:38:02'),(447,4,'2025-09-09','今日は重要な会議があり、プロジェクトの進捗について詳細に議論しました。いくつかの課題が見つかり、対応方針を決定しました。引き続きフォローします。',NULL,'2025-09-09 09:00:00','2025-10-15 18:38:02'),(448,4,'2025-09-10','今日は重要な会議があり、プロジェクトの進捗について詳細に議論しました。いくつかの課題が見つかり、対応方針を決定しました。引き続きフォローします。',NULL,'2025-09-10 09:00:00','2025-10-15 18:38:02'),(449,4,'2025-09-11','今日は重要な会議があり、プロジェクトの進捗について詳細に議論しました。いくつかの課題が見つかり、対応方針を決定しました。引き続きフォローします。',NULL,'2025-09-11 09:00:00','2025-10-15 18:38:02'),(450,4,'2025-09-12','今日は重要な会議があり、プロジェクトの進捗について詳細に議論しました。いくつかの課題が見つかり、対応方針を決定しました。引き続きフォローします。',NULL,'2025-09-12 09:00:00','2025-10-15 18:38:02'),(451,4,'2025-09-15','今日は重要な会議があり、プロジェクトの進捗について詳細に議論しました。いくつかの課題が見つかり、対応方針を決定しました。引き続きフォローします。',NULL,'2025-09-15 09:00:00','2025-10-15 18:38:02'),(452,4,'2025-09-16','今日は重要な会議があり、プロジェクトの進捗について詳細に議論しました。いくつかの課題が見つかり、対応方針を決定しました。引き続きフォローします。',NULL,'2025-09-16 09:00:00','2025-10-15 18:38:02'),(453,4,'2025-09-17','今日は重要な会議があり、プロジェクトの進捗について詳細に議論しました。いくつかの課題が見つかり、対応方針を決定しました。引き続きフォローします。',NULL,'2025-09-17 09:00:00','2025-10-15 18:38:02'),(454,4,'2025-09-18','今日は重要な会議があり、プロジェクトの進捗について詳細に議論しました。いくつかの課題が見つかり、対応方針を決定しました。引き続きフォローします。',NULL,'2025-09-18 09:00:00','2025-10-15 18:38:02'),(455,4,'2025-09-19','今日は重要な会議があり、プロジェクトの進捗について詳細に議論しました。いくつかの課題が見つかり、対応方針を決定しました。引き続きフォローします。',NULL,'2025-09-19 09:00:00','2025-10-15 18:38:02'),(456,4,'2025-09-22','今日は重要な会議があり、プロジェクトの進捗について詳細に議論しました。いくつかの課題が見つかり、対応方針を決定しました。引き続きフォローします。',NULL,'2025-09-22 09:00:00','2025-10-15 18:38:02'),(457,4,'2025-09-23','今日は重要な会議があり、プロジェクトの進捗について詳細に議論しました。いくつかの課題が見つかり、対応方針を決定しました。引き続きフォローします。',NULL,'2025-09-23 09:00:00','2025-10-15 18:38:02'),(458,4,'2025-09-24','今日は重要な会議があり、プロジェクトの進捗について詳細に議論しました。いくつかの課題が見つかり、対応方針を決定しました。引き続きフォローします。',NULL,'2025-09-24 09:00:00','2025-10-15 18:38:02'),(459,4,'2025-09-25','今日は重要な会議があり、プロジェクトの進捗について詳細に議論しました。いくつかの課題が見つかり、対応方針を決定しました。引き続きフォローします。',NULL,'2025-09-25 09:00:00','2025-10-15 18:38:02'),(460,4,'2025-09-26','今日は重要な会議があり、プロジェクトの進捗について詳細に議論しました。いくつかの課題が見つかり、対応方針を決定しました。引き続きフォローします。',NULL,'2025-09-26 09:00:00','2025-10-15 18:38:02'),(461,4,'2025-09-29','今日は重要な会議があり、プロジェクトの進捗について詳細に議論しました。いくつかの課題が見つかり、対応方針を決定しました。引き続きフォローします。',NULL,'2025-09-29 09:00:00','2025-10-15 18:38:02'),(462,4,'2025-09-30','今日は重要な会議があり、プロジェクトの進捗について詳細に議論しました。いくつかの課題が見つかり、対応方針を決定しました。引き続きフォローします。','[1]','2025-09-30 09:00:00','2025-10-15 18:48:03'),(463,7,'2025-07-01','今日は重要な会議があり、プロジェクトの進捗について詳細に議論しました。いくつかの課題が見つかり、対応方針を決定しました。引き続きフォローします。',NULL,'2025-07-01 09:00:00','2025-10-15 18:38:02'),(464,7,'2025-07-02','今日は重要な会議があり、プロジェクトの進捗について詳細に議論しました。いくつかの課題が見つかり、対応方針を決定しました。引き続きフォローします。',NULL,'2025-07-02 09:00:00','2025-10-15 18:38:02'),(465,7,'2025-07-03','今日は重要な会議があり、プロジェクトの進捗について詳細に議論しました。いくつかの課題が見つかり、対応方針を決定しました。引き続きフォローします。',NULL,'2025-07-03 09:00:00','2025-10-15 18:38:02'),(466,7,'2025-07-04','今日は重要な会議があり、プロジェクトの進捗について詳細に議論しました。いくつかの課題が見つかり、対応方針を決定しました。引き続きフォローします。',NULL,'2025-07-04 09:00:00','2025-10-15 18:38:02'),(467,7,'2025-07-07','今日は重要な会議があり、プロジェクトの進捗について詳細に議論しました。いくつかの課題が見つかり、対応方針を決定しました。引き続きフォローします。',NULL,'2025-07-07 09:00:00','2025-10-15 18:38:02'),(468,7,'2025-07-08','今日は重要な会議があり、プロジェクトの進捗について詳細に議論しました。いくつかの課題が見つかり、対応方針を決定しました。引き続きフォローします。',NULL,'2025-07-08 09:00:00','2025-10-15 18:38:02'),(469,7,'2025-07-09','今日は重要な会議があり、プロジェクトの進捗について詳細に議論しました。いくつかの課題が見つかり、対応方針を決定しました。引き続きフォローします。',NULL,'2025-07-09 09:00:00','2025-10-15 18:38:02'),(470,7,'2025-07-10','今日は重要な会議があり、プロジェクトの進捗について詳細に議論しました。いくつかの課題が見つかり、対応方針を決定しました。引き続きフォローします。',NULL,'2025-07-10 09:00:00','2025-10-15 18:38:02'),(471,7,'2025-07-11','今日は重要な会議があり、プロジェクトの進捗について詳細に議論しました。いくつかの課題が見つかり、対応方針を決定しました。引き続きフォローします。',NULL,'2025-07-11 09:00:00','2025-10-15 18:38:02'),(472,7,'2025-07-14','今日は重要な会議があり、プロジェクトの進捗について詳細に議論しました。いくつかの課題が見つかり、対応方針を決定しました。引き続きフォローします。',NULL,'2025-07-14 09:00:00','2025-10-15 18:38:02'),(473,7,'2025-07-15','今日は重要な会議があり、プロジェクトの進捗について詳細に議論しました。いくつかの課題が見つかり、対応方針を決定しました。引き続きフォローします。',NULL,'2025-07-15 09:00:00','2025-10-15 18:38:02'),(474,7,'2025-07-16','今日は重要な会議があり、プロジェクトの進捗について詳細に議論しました。いくつかの課題が見つかり、対応方針を決定しました。引き続きフォローします。',NULL,'2025-07-16 09:00:00','2025-10-15 18:38:02'),(475,7,'2025-07-17','今日は重要な会議があり、プロジェクトの進捗について詳細に議論しました。いくつかの課題が見つかり、対応方針を決定しました。引き続きフォローします。',NULL,'2025-07-17 09:00:00','2025-10-15 18:38:02'),(476,7,'2025-07-18','今日は重要な会議があり、プロジェクトの進捗について詳細に議論しました。いくつかの課題が見つかり、対応方針を決定しました。引き続きフォローします。',NULL,'2025-07-18 09:00:00','2025-10-15 18:38:02'),(477,7,'2025-07-21','今日は重要な会議があり、プロジェクトの進捗について詳細に議論しました。いくつかの課題が見つかり、対応方針を決定しました。引き続きフォローします。',NULL,'2025-07-21 09:00:00','2025-10-15 18:38:02'),(478,7,'2025-07-22','今日は重要な会議があり、プロジェクトの進捗について詳細に議論しました。いくつかの課題が見つかり、対応方針を決定しました。引き続きフォローします。',NULL,'2025-07-22 09:00:00','2025-10-15 18:38:02'),(479,7,'2025-07-23','今日は重要な会議があり、プロジェクトの進捗について詳細に議論しました。いくつかの課題が見つかり、対応方針を決定しました。引き続きフォローします。',NULL,'2025-07-23 09:00:00','2025-10-15 18:38:02'),(480,7,'2025-07-24','今日は重要な会議があり、プロジェクトの進捗について詳細に議論しました。いくつかの課題が見つかり、対応方針を決定しました。引き続きフォローします。',NULL,'2025-07-24 09:00:00','2025-10-15 18:38:02'),(481,7,'2025-07-25','今日は重要な会議があり、プロジェクトの進捗について詳細に議論しました。いくつかの課題が見つかり、対応方針を決定しました。引き続きフォローします。',NULL,'2025-07-25 09:00:00','2025-10-15 18:38:02'),(482,7,'2025-07-28','今日は重要な会議があり、プロジェクトの進捗について詳細に議論しました。いくつかの課題が見つかり、対応方針を決定しました。引き続きフォローします。',NULL,'2025-07-28 09:00:00','2025-10-15 18:38:02'),(483,7,'2025-07-29','今日は重要な会議があり、プロジェクトの進捗について詳細に議論しました。いくつかの課題が見つかり、対応方針を決定しました。引き続きフォローします。',NULL,'2025-07-29 09:00:00','2025-10-15 18:38:02'),(484,7,'2025-07-30','今日は重要な会議があり、プロジェクトの進捗について詳細に議論しました。いくつかの課題が見つかり、対応方針を決定しました。引き続きフォローします。',NULL,'2025-07-30 09:00:00','2025-10-15 18:38:02'),(485,7,'2025-07-31','今日は重要な会議があり、プロジェクトの進捗について詳細に議論しました。いくつかの課題が見つかり、対応方針を決定しました。引き続きフォローします。',NULL,'2025-07-31 09:00:00','2025-10-15 18:38:02'),(486,7,'2025-08-01','今日は重要な会議があり、プロジェクトの進捗について詳細に議論しました。いくつかの課題が見つかり、対応方針を決定しました。引き続きフォローします。',NULL,'2025-08-01 09:00:00','2025-10-15 18:38:02'),(487,7,'2025-08-04','今日は重要な会議があり、プロジェクトの進捗について詳細に議論しました。いくつかの課題が見つかり、対応方針を決定しました。引き続きフォローします。',NULL,'2025-08-04 09:00:00','2025-10-15 18:38:02'),(488,7,'2025-08-05','今日は重要な会議があり、プロジェクトの進捗について詳細に議論しました。いくつかの課題が見つかり、対応方針を決定しました。引き続きフォローします。',NULL,'2025-08-05 09:00:00','2025-10-15 18:38:02'),(489,7,'2025-08-06','今日は重要な会議があり、プロジェクトの進捗について詳細に議論しました。いくつかの課題が見つかり、対応方針を決定しました。引き続きフォローします。',NULL,'2025-08-06 09:00:00','2025-10-15 18:38:02'),(490,7,'2025-08-07','今日は重要な会議があり、プロジェクトの進捗について詳細に議論しました。いくつかの課題が見つかり、対応方針を決定しました。引き続きフォローします。',NULL,'2025-08-07 09:00:00','2025-10-15 18:38:02'),(491,7,'2025-08-08','今日は重要な会議があり、プロジェクトの進捗について詳細に議論しました。いくつかの課題が見つかり、対応方針を決定しました。引き続きフォローします。',NULL,'2025-08-08 09:00:00','2025-10-15 18:38:02'),(492,7,'2025-08-11','今日は重要な会議があり、プロジェクトの進捗について詳細に議論しました。いくつかの課題が見つかり、対応方針を決定しました。引き続きフォローします。',NULL,'2025-08-11 09:00:00','2025-10-15 18:38:02'),(493,7,'2025-08-12','今日は重要な会議があり、プロジェクトの進捗について詳細に議論しました。いくつかの課題が見つかり、対応方針を決定しました。引き続きフォローします。',NULL,'2025-08-12 09:00:00','2025-10-15 18:38:02'),(494,7,'2025-08-13','今日は重要な会議があり、プロジェクトの進捗について詳細に議論しました。いくつかの課題が見つかり、対応方針を決定しました。引き続きフォローします。',NULL,'2025-08-13 09:00:00','2025-10-15 18:38:02'),(495,7,'2025-08-14','今日は重要な会議があり、プロジェクトの進捗について詳細に議論しました。いくつかの課題が見つかり、対応方針を決定しました。引き続きフォローします。',NULL,'2025-08-14 09:00:00','2025-10-15 18:38:02'),(496,7,'2025-08-15','今日は重要な会議があり、プロジェクトの進捗について詳細に議論しました。いくつかの課題が見つかり、対応方針を決定しました。引き続きフォローします。',NULL,'2025-08-15 09:00:00','2025-10-15 18:38:02'),(497,7,'2025-08-18','今日は重要な会議があり、プロジェクトの進捗について詳細に議論しました。いくつかの課題が見つかり、対応方針を決定しました。引き続きフォローします。',NULL,'2025-08-18 09:00:00','2025-10-15 18:38:02'),(498,7,'2025-08-19','今日は重要な会議があり、プロジェクトの進捗について詳細に議論しました。いくつかの課題が見つかり、対応方針を決定しました。引き続きフォローします。',NULL,'2025-08-19 09:00:00','2025-10-15 18:38:02'),(499,7,'2025-08-20','今日は重要な会議があり、プロジェクトの進捗について詳細に議論しました。いくつかの課題が見つかり、対応方針を決定しました。引き続きフォローします。',NULL,'2025-08-20 09:00:00','2025-10-15 18:38:02'),(500,7,'2025-08-21','今日は重要な会議があり、プロジェクトの進捗について詳細に議論しました。いくつかの課題が見つかり、対応方針を決定しました。引き続きフォローします。',NULL,'2025-08-21 09:00:00','2025-10-15 18:38:02'),(501,7,'2025-08-22','今日は重要な会議があり、プロジェクトの進捗について詳細に議論しました。いくつかの課題が見つかり、対応方針を決定しました。引き続きフォローします。',NULL,'2025-08-22 09:00:00','2025-10-15 18:38:02'),(502,7,'2025-08-25','今日は重要な会議があり、プロジェクトの進捗について詳細に議論しました。いくつかの課題が見つかり、対応方針を決定しました。引き続きフォローします。',NULL,'2025-08-25 09:00:00','2025-10-15 18:38:02'),(503,7,'2025-08-26','今日は重要な会議があり、プロジェクトの進捗について詳細に議論しました。いくつかの課題が見つかり、対応方針を決定しました。引き続きフォローします。',NULL,'2025-08-26 09:00:00','2025-10-15 18:38:02'),(504,7,'2025-08-27','今日は重要な会議があり、プロジェクトの進捗について詳細に議論しました。いくつかの課題が見つかり、対応方針を決定しました。引き続きフォローします。',NULL,'2025-08-27 09:00:00','2025-10-15 18:38:02'),(505,7,'2025-08-28','今日は重要な会議があり、プロジェクトの進捗について詳細に議論しました。いくつかの課題が見つかり、対応方針を決定しました。引き続きフォローします。',NULL,'2025-08-28 09:00:00','2025-10-15 18:38:02'),(506,7,'2025-08-29','今日は重要な会議があり、プロジェクトの進捗について詳細に議論しました。いくつかの課題が見つかり、対応方針を決定しました。引き続きフォローします。',NULL,'2025-08-29 09:00:00','2025-10-15 18:38:02'),(507,7,'2025-09-01','今日は重要な会議があり、プロジェクトの進捗について詳細に議論しました。いくつかの課題が見つかり、対応方針を決定しました。引き続きフォローします。',NULL,'2025-09-01 09:00:00','2025-10-15 18:38:02'),(508,7,'2025-09-02','今日は重要な会議があり、プロジェクトの進捗について詳細に議論しました。いくつかの課題が見つかり、対応方針を決定しました。引き続きフォローします。',NULL,'2025-09-02 09:00:00','2025-10-15 18:38:02'),(509,7,'2025-09-03','今日は重要な会議があり、プロジェクトの進捗について詳細に議論しました。いくつかの課題が見つかり、対応方針を決定しました。引き続きフォローします。',NULL,'2025-09-03 09:00:00','2025-10-15 18:38:02'),(510,7,'2025-09-04','今日は重要な会議があり、プロジェクトの進捗について詳細に議論しました。いくつかの課題が見つかり、対応方針を決定しました。引き続きフォローします。',NULL,'2025-09-04 09:00:00','2025-10-15 18:38:02'),(511,7,'2025-09-05','今日は重要な会議があり、プロジェクトの進捗について詳細に議論しました。いくつかの課題が見つかり、対応方針を決定しました。引き続きフォローします。',NULL,'2025-09-05 09:00:00','2025-10-15 18:38:02'),(512,7,'2025-09-08','今日は重要な会議があり、プロジェクトの進捗について詳細に議論しました。いくつかの課題が見つかり、対応方針を決定しました。引き続きフォローします。',NULL,'2025-09-08 09:00:00','2025-10-15 18:38:02'),(513,7,'2025-09-09','今日は重要な会議があり、プロジェクトの進捗について詳細に議論しました。いくつかの課題が見つかり、対応方針を決定しました。引き続きフォローします。',NULL,'2025-09-09 09:00:00','2025-10-15 18:38:02'),(514,7,'2025-09-10','今日は重要な会議があり、プロジェクトの進捗について詳細に議論しました。いくつかの課題が見つかり、対応方針を決定しました。引き続きフォローします。',NULL,'2025-09-10 09:00:00','2025-10-15 18:38:02'),(515,7,'2025-09-11','今日は重要な会議があり、プロジェクトの進捗について詳細に議論しました。いくつかの課題が見つかり、対応方針を決定しました。引き続きフォローします。',NULL,'2025-09-11 09:00:00','2025-10-15 18:38:02'),(516,7,'2025-09-12','今日は重要な会議があり、プロジェクトの進捗について詳細に議論しました。いくつかの課題が見つかり、対応方針を決定しました。引き続きフォローします。',NULL,'2025-09-12 09:00:00','2025-10-15 18:38:02'),(517,7,'2025-09-15','今日は重要な会議があり、プロジェクトの進捗について詳細に議論しました。いくつかの課題が見つかり、対応方針を決定しました。引き続きフォローします。',NULL,'2025-09-15 09:00:00','2025-10-15 18:38:02'),(518,7,'2025-09-16','今日は重要な会議があり、プロジェクトの進捗について詳細に議論しました。いくつかの課題が見つかり、対応方針を決定しました。引き続きフォローします。',NULL,'2025-09-16 09:00:00','2025-10-15 18:38:02'),(519,7,'2025-09-17','今日は重要な会議があり、プロジェクトの進捗について詳細に議論しました。いくつかの課題が見つかり、対応方針を決定しました。引き続きフォローします。',NULL,'2025-09-17 09:00:00','2025-10-15 18:38:02'),(520,7,'2025-09-18','今日は重要な会議があり、プロジェクトの進捗について詳細に議論しました。いくつかの課題が見つかり、対応方針を決定しました。引き続きフォローします。',NULL,'2025-09-18 09:00:00','2025-10-15 18:38:02'),(521,7,'2025-09-19','今日は重要な会議があり、プロジェクトの進捗について詳細に議論しました。いくつかの課題が見つかり、対応方針を決定しました。引き続きフォローします。',NULL,'2025-09-19 09:00:00','2025-10-15 18:38:02'),(522,7,'2025-09-22','今日は重要な会議があり、プロジェクトの進捗について詳細に議論しました。いくつかの課題が見つかり、対応方針を決定しました。引き続きフォローします。',NULL,'2025-09-22 09:00:00','2025-10-15 18:38:02'),(523,7,'2025-09-23','今日は重要な会議があり、プロジェクトの進捗について詳細に議論しました。いくつかの課題が見つかり、対応方針を決定しました。引き続きフォローします。',NULL,'2025-09-23 09:00:00','2025-10-15 18:38:02'),(524,7,'2025-09-24','今日は重要な会議があり、プロジェクトの進捗について詳細に議論しました。いくつかの課題が見つかり、対応方針を決定しました。引き続きフォローします。',NULL,'2025-09-24 09:00:00','2025-10-15 18:38:02'),(525,7,'2025-09-25','今日は重要な会議があり、プロジェクトの進捗について詳細に議論しました。いくつかの課題が見つかり、対応方針を決定しました。引き続きフォローします。',NULL,'2025-09-25 09:00:00','2025-10-15 18:38:02'),(526,7,'2025-09-26','今日は重要な会議があり、プロジェクトの進捗について詳細に議論しました。いくつかの課題が見つかり、対応方針を決定しました。引き続きフォローします。',NULL,'2025-09-26 09:00:00','2025-10-15 18:38:02'),(527,7,'2025-09-29','今日は重要な会議があり、プロジェクトの進捗について詳細に議論しました。いくつかの課題が見つかり、対応方針を決定しました。引き続きフォローします。',NULL,'2025-09-29 09:00:00','2025-10-15 18:38:02'),(528,7,'2025-09-30','今日は重要な会議があり、プロジェクトの進捗について詳細に議論しました。いくつかの課題が見つかり、対応方針を決定しました。引き続きフォローします。','[1]','2025-09-30 09:00:00','2025-10-15 18:48:03'),(529,18,'2025-07-01','今日は重要な会議があり、プロジェクトの進捗について詳細に議論しました。いくつかの課題が見つかり、対応方針を決定しました。引き続きフォローします。',NULL,'2025-07-01 09:00:00','2025-10-15 18:38:02'),(530,18,'2025-07-02','今日は重要な会議があり、プロジェクトの進捗について詳細に議論しました。いくつかの課題が見つかり、対応方針を決定しました。引き続きフォローします。',NULL,'2025-07-02 09:00:00','2025-10-15 18:38:02'),(531,18,'2025-07-03','今日は重要な会議があり、プロジェクトの進捗について詳細に議論しました。いくつかの課題が見つかり、対応方針を決定しました。引き続きフォローします。',NULL,'2025-07-03 09:00:00','2025-10-15 18:38:02'),(532,18,'2025-07-04','今日は重要な会議があり、プロジェクトの進捗について詳細に議論しました。いくつかの課題が見つかり、対応方針を決定しました。引き続きフォローします。',NULL,'2025-07-04 09:00:00','2025-10-15 18:38:02'),(533,18,'2025-07-07','今日は重要な会議があり、プロジェクトの進捗について詳細に議論しました。いくつかの課題が見つかり、対応方針を決定しました。引き続きフォローします。',NULL,'2025-07-07 09:00:00','2025-10-15 18:38:02'),(534,18,'2025-07-08','今日は重要な会議があり、プロジェクトの進捗について詳細に議論しました。いくつかの課題が見つかり、対応方針を決定しました。引き続きフォローします。',NULL,'2025-07-08 09:00:00','2025-10-15 18:38:02'),(535,18,'2025-07-09','今日は重要な会議があり、プロジェクトの進捗について詳細に議論しました。いくつかの課題が見つかり、対応方針を決定しました。引き続きフォローします。',NULL,'2025-07-09 09:00:00','2025-10-15 18:38:02'),(536,18,'2025-07-10','今日は重要な会議があり、プロジェクトの進捗について詳細に議論しました。いくつかの課題が見つかり、対応方針を決定しました。引き続きフォローします。',NULL,'2025-07-10 09:00:00','2025-10-15 18:38:02'),(537,18,'2025-07-11','今日は重要な会議があり、プロジェクトの進捗について詳細に議論しました。いくつかの課題が見つかり、対応方針を決定しました。引き続きフォローします。',NULL,'2025-07-11 09:00:00','2025-10-15 18:38:02'),(538,18,'2025-07-14','今日は重要な会議があり、プロジェクトの進捗について詳細に議論しました。いくつかの課題が見つかり、対応方針を決定しました。引き続きフォローします。',NULL,'2025-07-14 09:00:00','2025-10-15 18:38:02'),(539,18,'2025-07-15','今日は重要な会議があり、プロジェクトの進捗について詳細に議論しました。いくつかの課題が見つかり、対応方針を決定しました。引き続きフォローします。',NULL,'2025-07-15 09:00:00','2025-10-15 18:38:02'),(540,18,'2025-07-16','今日は重要な会議があり、プロジェクトの進捗について詳細に議論しました。いくつかの課題が見つかり、対応方針を決定しました。引き続きフォローします。',NULL,'2025-07-16 09:00:00','2025-10-15 18:38:02'),(541,18,'2025-07-17','今日は重要な会議があり、プロジェクトの進捗について詳細に議論しました。いくつかの課題が見つかり、対応方針を決定しました。引き続きフォローします。',NULL,'2025-07-17 09:00:00','2025-10-15 18:38:02'),(542,18,'2025-07-18','今日は重要な会議があり、プロジェクトの進捗について詳細に議論しました。いくつかの課題が見つかり、対応方針を決定しました。引き続きフォローします。',NULL,'2025-07-18 09:00:00','2025-10-15 18:38:02'),(543,18,'2025-07-21','今日は重要な会議があり、プロジェクトの進捗について詳細に議論しました。いくつかの課題が見つかり、対応方針を決定しました。引き続きフォローします。',NULL,'2025-07-21 09:00:00','2025-10-15 18:38:02'),(544,18,'2025-07-22','今日は重要な会議があり、プロジェクトの進捗について詳細に議論しました。いくつかの課題が見つかり、対応方針を決定しました。引き続きフォローします。',NULL,'2025-07-22 09:00:00','2025-10-15 18:38:02'),(545,18,'2025-07-23','今日は重要な会議があり、プロジェクトの進捗について詳細に議論しました。いくつかの課題が見つかり、対応方針を決定しました。引き続きフォローします。',NULL,'2025-07-23 09:00:00','2025-10-15 18:38:02'),(546,18,'2025-07-24','今日は重要な会議があり、プロジェクトの進捗について詳細に議論しました。いくつかの課題が見つかり、対応方針を決定しました。引き続きフォローします。',NULL,'2025-07-24 09:00:00','2025-10-15 18:38:02'),(547,18,'2025-07-25','今日は重要な会議があり、プロジェクトの進捗について詳細に議論しました。いくつかの課題が見つかり、対応方針を決定しました。引き続きフォローします。',NULL,'2025-07-25 09:00:00','2025-10-15 18:38:02'),(548,18,'2025-07-28','今日は重要な会議があり、プロジェクトの進捗について詳細に議論しました。いくつかの課題が見つかり、対応方針を決定しました。引き続きフォローします。',NULL,'2025-07-28 09:00:00','2025-10-15 18:38:02'),(549,18,'2025-07-29','今日は重要な会議があり、プロジェクトの進捗について詳細に議論しました。いくつかの課題が見つかり、対応方針を決定しました。引き続きフォローします。',NULL,'2025-07-29 09:00:00','2025-10-15 18:38:02'),(550,18,'2025-07-30','今日は重要な会議があり、プロジェクトの進捗について詳細に議論しました。いくつかの課題が見つかり、対応方針を決定しました。引き続きフォローします。',NULL,'2025-07-30 09:00:00','2025-10-15 18:38:02'),(551,18,'2025-07-31','今日は重要な会議があり、プロジェクトの進捗について詳細に議論しました。いくつかの課題が見つかり、対応方針を決定しました。引き続きフォローします。',NULL,'2025-07-31 09:00:00','2025-10-15 18:38:02'),(552,18,'2025-08-01','今日は重要な会議があり、プロジェクトの進捗について詳細に議論しました。いくつかの課題が見つかり、対応方針を決定しました。引き続きフォローします。',NULL,'2025-08-01 09:00:00','2025-10-15 18:38:02'),(553,18,'2025-08-04','今日は重要な会議があり、プロジェクトの進捗について詳細に議論しました。いくつかの課題が見つかり、対応方針を決定しました。引き続きフォローします。',NULL,'2025-08-04 09:00:00','2025-10-15 18:38:02'),(554,18,'2025-08-05','今日は重要な会議があり、プロジェクトの進捗について詳細に議論しました。いくつかの課題が見つかり、対応方針を決定しました。引き続きフォローします。',NULL,'2025-08-05 09:00:00','2025-10-15 18:38:02'),(555,18,'2025-08-06','今日は重要な会議があり、プロジェクトの進捗について詳細に議論しました。いくつかの課題が見つかり、対応方針を決定しました。引き続きフォローします。',NULL,'2025-08-06 09:00:00','2025-10-15 18:38:02'),(556,18,'2025-08-07','今日は重要な会議があり、プロジェクトの進捗について詳細に議論しました。いくつかの課題が見つかり、対応方針を決定しました。引き続きフォローします。',NULL,'2025-08-07 09:00:00','2025-10-15 18:38:02'),(557,18,'2025-08-08','今日は重要な会議があり、プロジェクトの進捗について詳細に議論しました。いくつかの課題が見つかり、対応方針を決定しました。引き続きフォローします。',NULL,'2025-08-08 09:00:00','2025-10-15 18:38:02'),(558,18,'2025-08-11','今日は重要な会議があり、プロジェクトの進捗について詳細に議論しました。いくつかの課題が見つかり、対応方針を決定しました。引き続きフォローします。',NULL,'2025-08-11 09:00:00','2025-10-15 18:38:02'),(559,18,'2025-08-12','今日は重要な会議があり、プロジェクトの進捗について詳細に議論しました。いくつかの課題が見つかり、対応方針を決定しました。引き続きフォローします。',NULL,'2025-08-12 09:00:00','2025-10-15 18:38:02'),(560,18,'2025-08-13','今日は重要な会議があり、プロジェクトの進捗について詳細に議論しました。いくつかの課題が見つかり、対応方針を決定しました。引き続きフォローします。',NULL,'2025-08-13 09:00:00','2025-10-15 18:38:02'),(561,18,'2025-08-14','今日は重要な会議があり、プロジェクトの進捗について詳細に議論しました。いくつかの課題が見つかり、対応方針を決定しました。引き続きフォローします。',NULL,'2025-08-14 09:00:00','2025-10-15 18:38:02'),(562,18,'2025-08-15','今日は重要な会議があり、プロジェクトの進捗について詳細に議論しました。いくつかの課題が見つかり、対応方針を決定しました。引き続きフォローします。',NULL,'2025-08-15 09:00:00','2025-10-15 18:38:02'),(563,18,'2025-08-18','今日は重要な会議があり、プロジェクトの進捗について詳細に議論しました。いくつかの課題が見つかり、対応方針を決定しました。引き続きフォローします。',NULL,'2025-08-18 09:00:00','2025-10-15 18:38:02'),(564,18,'2025-08-19','今日は重要な会議があり、プロジェクトの進捗について詳細に議論しました。いくつかの課題が見つかり、対応方針を決定しました。引き続きフォローします。',NULL,'2025-08-19 09:00:00','2025-10-15 18:38:02'),(565,18,'2025-08-20','今日は重要な会議があり、プロジェクトの進捗について詳細に議論しました。いくつかの課題が見つかり、対応方針を決定しました。引き続きフォローします。',NULL,'2025-08-20 09:00:00','2025-10-15 18:38:02'),(566,18,'2025-08-21','今日は重要な会議があり、プロジェクトの進捗について詳細に議論しました。いくつかの課題が見つかり、対応方針を決定しました。引き続きフォローします。',NULL,'2025-08-21 09:00:00','2025-10-15 18:38:02'),(567,18,'2025-08-22','今日は重要な会議があり、プロジェクトの進捗について詳細に議論しました。いくつかの課題が見つかり、対応方針を決定しました。引き続きフォローします。',NULL,'2025-08-22 09:00:00','2025-10-15 18:38:02'),(568,18,'2025-08-25','今日は重要な会議があり、プロジェクトの進捗について詳細に議論しました。いくつかの課題が見つかり、対応方針を決定しました。引き続きフォローします。',NULL,'2025-08-25 09:00:00','2025-10-15 18:38:02'),(569,18,'2025-08-26','今日は重要な会議があり、プロジェクトの進捗について詳細に議論しました。いくつかの課題が見つかり、対応方針を決定しました。引き続きフォローします。',NULL,'2025-08-26 09:00:00','2025-10-15 18:38:02'),(570,18,'2025-08-27','今日は重要な会議があり、プロジェクトの進捗について詳細に議論しました。いくつかの課題が見つかり、対応方針を決定しました。引き続きフォローします。',NULL,'2025-08-27 09:00:00','2025-10-15 18:38:02'),(571,18,'2025-08-28','今日は重要な会議があり、プロジェクトの進捗について詳細に議論しました。いくつかの課題が見つかり、対応方針を決定しました。引き続きフォローします。',NULL,'2025-08-28 09:00:00','2025-10-15 18:38:02'),(572,18,'2025-08-29','今日は重要な会議があり、プロジェクトの進捗について詳細に議論しました。いくつかの課題が見つかり、対応方針を決定しました。引き続きフォローします。',NULL,'2025-08-29 09:00:00','2025-10-15 18:38:02'),(573,18,'2025-09-01','今日は重要な会議があり、プロジェクトの進捗について詳細に議論しました。いくつかの課題が見つかり、対応方針を決定しました。引き続きフォローします。',NULL,'2025-09-01 09:00:00','2025-10-15 18:38:02'),(574,18,'2025-09-02','今日は重要な会議があり、プロジェクトの進捗について詳細に議論しました。いくつかの課題が見つかり、対応方針を決定しました。引き続きフォローします。',NULL,'2025-09-02 09:00:00','2025-10-15 18:38:02'),(575,18,'2025-09-03','今日は重要な会議があり、プロジェクトの進捗について詳細に議論しました。いくつかの課題が見つかり、対応方針を決定しました。引き続きフォローします。',NULL,'2025-09-03 09:00:00','2025-10-15 18:38:02'),(576,18,'2025-09-04','今日は重要な会議があり、プロジェクトの進捗について詳細に議論しました。いくつかの課題が見つかり、対応方針を決定しました。引き続きフォローします。',NULL,'2025-09-04 09:00:00','2025-10-15 18:38:02'),(577,18,'2025-09-05','今日は重要な会議があり、プロジェクトの進捗について詳細に議論しました。いくつかの課題が見つかり、対応方針を決定しました。引き続きフォローします。',NULL,'2025-09-05 09:00:00','2025-10-15 18:38:02'),(578,18,'2025-09-08','今日は重要な会議があり、プロジェクトの進捗について詳細に議論しました。いくつかの課題が見つかり、対応方針を決定しました。引き続きフォローします。',NULL,'2025-09-08 09:00:00','2025-10-15 18:38:02'),(579,18,'2025-09-09','今日は重要な会議があり、プロジェクトの進捗について詳細に議論しました。いくつかの課題が見つかり、対応方針を決定しました。引き続きフォローします。',NULL,'2025-09-09 09:00:00','2025-10-15 18:38:02'),(580,18,'2025-09-10','今日は重要な会議があり、プロジェクトの進捗について詳細に議論しました。いくつかの課題が見つかり、対応方針を決定しました。引き続きフォローします。',NULL,'2025-09-10 09:00:00','2025-10-15 18:38:02'),(581,18,'2025-09-11','今日は重要な会議があり、プロジェクトの進捗について詳細に議論しました。いくつかの課題が見つかり、対応方針を決定しました。引き続きフォローします。',NULL,'2025-09-11 09:00:00','2025-10-15 18:38:02'),(582,18,'2025-09-12','今日は重要な会議があり、プロジェクトの進捗について詳細に議論しました。いくつかの課題が見つかり、対応方針を決定しました。引き続きフォローします。',NULL,'2025-09-12 09:00:00','2025-10-15 18:38:02'),(583,18,'2025-09-15','今日は重要な会議があり、プロジェクトの進捗について詳細に議論しました。いくつかの課題が見つかり、対応方針を決定しました。引き続きフォローします。',NULL,'2025-09-15 09:00:00','2025-10-15 18:38:02'),(584,18,'2025-09-16','今日は重要な会議があり、プロジェクトの進捗について詳細に議論しました。いくつかの課題が見つかり、対応方針を決定しました。引き続きフォローします。',NULL,'2025-09-16 09:00:00','2025-10-15 18:38:02'),(585,18,'2025-09-17','今日は重要な会議があり、プロジェクトの進捗について詳細に議論しました。いくつかの課題が見つかり、対応方針を決定しました。引き続きフォローします。',NULL,'2025-09-17 09:00:00','2025-10-15 18:38:02'),(586,18,'2025-09-18','今日は重要な会議があり、プロジェクトの進捗について詳細に議論しました。いくつかの課題が見つかり、対応方針を決定しました。引き続きフォローします。',NULL,'2025-09-18 09:00:00','2025-10-15 18:38:02'),(587,18,'2025-09-19','今日は重要な会議があり、プロジェクトの進捗について詳細に議論しました。いくつかの課題が見つかり、対応方針を決定しました。引き続きフォローします。',NULL,'2025-09-19 09:00:00','2025-10-15 18:38:02'),(588,18,'2025-09-22','今日は重要な会議があり、プロジェクトの進捗について詳細に議論しました。いくつかの課題が見つかり、対応方針を決定しました。引き続きフォローします。',NULL,'2025-09-22 09:00:00','2025-10-15 18:38:02'),(589,18,'2025-09-23','今日は重要な会議があり、プロジェクトの進捗について詳細に議論しました。いくつかの課題が見つかり、対応方針を決定しました。引き続きフォローします。',NULL,'2025-09-23 09:00:00','2025-10-15 18:38:02'),(590,18,'2025-09-24','今日は重要な会議があり、プロジェクトの進捗について詳細に議論しました。いくつかの課題が見つかり、対応方針を決定しました。引き続きフォローします。',NULL,'2025-09-24 09:00:00','2025-10-15 18:38:02'),(591,18,'2025-09-25','今日は重要な会議があり、プロジェクトの進捗について詳細に議論しました。いくつかの課題が見つかり、対応方針を決定しました。引き続きフォローします。',NULL,'2025-09-25 09:00:00','2025-10-15 18:38:02'),(592,18,'2025-09-26','今日は重要な会議があり、プロジェクトの進捗について詳細に議論しました。いくつかの課題が見つかり、対応方針を決定しました。引き続きフォローします。',NULL,'2025-09-26 09:00:00','2025-10-15 18:38:02'),(593,18,'2025-09-29','今日は重要な会議があり、プロジェクトの進捗について詳細に議論しました。いくつかの課題が見つかり、対応方針を決定しました。引き続きフォローします。',NULL,'2025-09-29 09:00:00','2025-10-15 18:38:02'),(594,18,'2025-09-30','今日は重要な会議があり、プロジェクトの進捗について詳細に議論しました。いくつかの課題が見つかり、対応方針を決定しました。引き続きフォローします。','[1]','2025-09-30 09:00:00','2025-10-15 18:48:03'),(595,17,'2025-07-01','今日は重要な会議があり、プロジェクトの進捗について詳細に議論しました。いくつかの課題が見つかり、対応方針を決定しました。引き続きフォローします。',NULL,'2025-07-01 09:00:00','2025-10-15 18:38:02'),(596,17,'2025-07-02','今日は重要な会議があり、プロジェクトの進捗について詳細に議論しました。いくつかの課題が見つかり、対応方針を決定しました。引き続きフォローします。',NULL,'2025-07-02 09:00:00','2025-10-15 18:38:02'),(597,17,'2025-07-03','今日は重要な会議があり、プロジェクトの進捗について詳細に議論しました。いくつかの課題が見つかり、対応方針を決定しました。引き続きフォローします。',NULL,'2025-07-03 09:00:00','2025-10-15 18:38:02'),(598,17,'2025-07-04','今日は重要な会議があり、プロジェクトの進捗について詳細に議論しました。いくつかの課題が見つかり、対応方針を決定しました。引き続きフォローします。',NULL,'2025-07-04 09:00:00','2025-10-15 18:38:02'),(599,17,'2025-07-07','今日は重要な会議があり、プロジェクトの進捗について詳細に議論しました。いくつかの課題が見つかり、対応方針を決定しました。引き続きフォローします。',NULL,'2025-07-07 09:00:00','2025-10-15 18:38:02'),(600,17,'2025-07-08','今日は重要な会議があり、プロジェクトの進捗について詳細に議論しました。いくつかの課題が見つかり、対応方針を決定しました。引き続きフォローします。',NULL,'2025-07-08 09:00:00','2025-10-15 18:38:02'),(601,17,'2025-07-09','今日は重要な会議があり、プロジェクトの進捗について詳細に議論しました。いくつかの課題が見つかり、対応方針を決定しました。引き続きフォローします。',NULL,'2025-07-09 09:00:00','2025-10-15 18:38:02'),(602,17,'2025-07-10','今日は重要な会議があり、プロジェクトの進捗について詳細に議論しました。いくつかの課題が見つかり、対応方針を決定しました。引き続きフォローします。',NULL,'2025-07-10 09:00:00','2025-10-15 18:38:02'),(603,17,'2025-07-11','今日は重要な会議があり、プロジェクトの進捗について詳細に議論しました。いくつかの課題が見つかり、対応方針を決定しました。引き続きフォローします。',NULL,'2025-07-11 09:00:00','2025-10-15 18:38:02'),(604,17,'2025-07-14','今日は重要な会議があり、プロジェクトの進捗について詳細に議論しました。いくつかの課題が見つかり、対応方針を決定しました。引き続きフォローします。',NULL,'2025-07-14 09:00:00','2025-10-15 18:38:02'),(605,17,'2025-07-15','今日は重要な会議があり、プロジェクトの進捗について詳細に議論しました。いくつかの課題が見つかり、対応方針を決定しました。引き続きフォローします。',NULL,'2025-07-15 09:00:00','2025-10-15 18:38:02'),(606,17,'2025-07-16','今日は重要な会議があり、プロジェクトの進捗について詳細に議論しました。いくつかの課題が見つかり、対応方針を決定しました。引き続きフォローします。',NULL,'2025-07-16 09:00:00','2025-10-15 18:38:02'),(607,17,'2025-07-17','今日は重要な会議があり、プロジェクトの進捗について詳細に議論しました。いくつかの課題が見つかり、対応方針を決定しました。引き続きフォローします。',NULL,'2025-07-17 09:00:00','2025-10-15 18:38:02'),(608,17,'2025-07-18','今日は重要な会議があり、プロジェクトの進捗について詳細に議論しました。いくつかの課題が見つかり、対応方針を決定しました。引き続きフォローします。',NULL,'2025-07-18 09:00:00','2025-10-15 18:38:02'),(609,17,'2025-07-21','今日は重要な会議があり、プロジェクトの進捗について詳細に議論しました。いくつかの課題が見つかり、対応方針を決定しました。引き続きフォローします。',NULL,'2025-07-21 09:00:00','2025-10-15 18:38:02'),(610,17,'2025-07-22','今日は重要な会議があり、プロジェクトの進捗について詳細に議論しました。いくつかの課題が見つかり、対応方針を決定しました。引き続きフォローします。',NULL,'2025-07-22 09:00:00','2025-10-15 18:38:02'),(611,17,'2025-07-23','今日は重要な会議があり、プロジェクトの進捗について詳細に議論しました。いくつかの課題が見つかり、対応方針を決定しました。引き続きフォローします。',NULL,'2025-07-23 09:00:00','2025-10-15 18:38:02'),(612,17,'2025-07-24','今日は重要な会議があり、プロジェクトの進捗について詳細に議論しました。いくつかの課題が見つかり、対応方針を決定しました。引き続きフォローします。',NULL,'2025-07-24 09:00:00','2025-10-15 18:38:02'),(613,17,'2025-07-25','今日は重要な会議があり、プロジェクトの進捗について詳細に議論しました。いくつかの課題が見つかり、対応方針を決定しました。引き続きフォローします。',NULL,'2025-07-25 09:00:00','2025-10-15 18:38:02'),(614,17,'2025-07-28','今日は重要な会議があり、プロジェクトの進捗について詳細に議論しました。いくつかの課題が見つかり、対応方針を決定しました。引き続きフォローします。',NULL,'2025-07-28 09:00:00','2025-10-15 18:38:02'),(615,17,'2025-07-29','今日は重要な会議があり、プロジェクトの進捗について詳細に議論しました。いくつかの課題が見つかり、対応方針を決定しました。引き続きフォローします。',NULL,'2025-07-29 09:00:00','2025-10-15 18:38:02'),(616,17,'2025-07-30','今日は重要な会議があり、プロジェクトの進捗について詳細に議論しました。いくつかの課題が見つかり、対応方針を決定しました。引き続きフォローします。',NULL,'2025-07-30 09:00:00','2025-10-15 18:38:02'),(617,17,'2025-07-31','今日は重要な会議があり、プロジェクトの進捗について詳細に議論しました。いくつかの課題が見つかり、対応方針を決定しました。引き続きフォローします。',NULL,'2025-07-31 09:00:00','2025-10-15 18:38:02'),(618,17,'2025-08-01','今日は重要な会議があり、プロジェクトの進捗について詳細に議論しました。いくつかの課題が見つかり、対応方針を決定しました。引き続きフォローします。',NULL,'2025-08-01 09:00:00','2025-10-15 18:38:02'),(619,17,'2025-08-04','今日は重要な会議があり、プロジェクトの進捗について詳細に議論しました。いくつかの課題が見つかり、対応方針を決定しました。引き続きフォローします。',NULL,'2025-08-04 09:00:00','2025-10-15 18:38:02'),(620,17,'2025-08-05','今日は重要な会議があり、プロジェクトの進捗について詳細に議論しました。いくつかの課題が見つかり、対応方針を決定しました。引き続きフォローします。',NULL,'2025-08-05 09:00:00','2025-10-15 18:38:02'),(621,17,'2025-08-06','今日は重要な会議があり、プロジェクトの進捗について詳細に議論しました。いくつかの課題が見つかり、対応方針を決定しました。引き続きフォローします。',NULL,'2025-08-06 09:00:00','2025-10-15 18:38:02'),(622,17,'2025-08-07','今日は重要な会議があり、プロジェクトの進捗について詳細に議論しました。いくつかの課題が見つかり、対応方針を決定しました。引き続きフォローします。',NULL,'2025-08-07 09:00:00','2025-10-15 18:38:02'),(623,17,'2025-08-08','今日は重要な会議があり、プロジェクトの進捗について詳細に議論しました。いくつかの課題が見つかり、対応方針を決定しました。引き続きフォローします。',NULL,'2025-08-08 09:00:00','2025-10-15 18:38:02'),(624,17,'2025-08-11','今日は重要な会議があり、プロジェクトの進捗について詳細に議論しました。いくつかの課題が見つかり、対応方針を決定しました。引き続きフォローします。',NULL,'2025-08-11 09:00:00','2025-10-15 18:38:02'),(625,17,'2025-08-12','今日は重要な会議があり、プロジェクトの進捗について詳細に議論しました。いくつかの課題が見つかり、対応方針を決定しました。引き続きフォローします。',NULL,'2025-08-12 09:00:00','2025-10-15 18:38:02'),(626,17,'2025-08-13','今日は重要な会議があり、プロジェクトの進捗について詳細に議論しました。いくつかの課題が見つかり、対応方針を決定しました。引き続きフォローします。',NULL,'2025-08-13 09:00:00','2025-10-15 18:38:02'),(627,17,'2025-08-14','今日は重要な会議があり、プロジェクトの進捗について詳細に議論しました。いくつかの課題が見つかり、対応方針を決定しました。引き続きフォローします。',NULL,'2025-08-14 09:00:00','2025-10-15 18:38:02'),(628,17,'2025-08-15','今日は重要な会議があり、プロジェクトの進捗について詳細に議論しました。いくつかの課題が見つかり、対応方針を決定しました。引き続きフォローします。',NULL,'2025-08-15 09:00:00','2025-10-15 18:38:02'),(629,17,'2025-08-18','今日は重要な会議があり、プロジェクトの進捗について詳細に議論しました。いくつかの課題が見つかり、対応方針を決定しました。引き続きフォローします。',NULL,'2025-08-18 09:00:00','2025-10-15 18:38:02'),(630,17,'2025-08-19','今日は重要な会議があり、プロジェクトの進捗について詳細に議論しました。いくつかの課題が見つかり、対応方針を決定しました。引き続きフォローします。',NULL,'2025-08-19 09:00:00','2025-10-15 18:38:02'),(631,17,'2025-08-20','今日は重要な会議があり、プロジェクトの進捗について詳細に議論しました。いくつかの課題が見つかり、対応方針を決定しました。引き続きフォローします。',NULL,'2025-08-20 09:00:00','2025-10-15 18:38:02'),(632,17,'2025-08-21','今日は重要な会議があり、プロジェクトの進捗について詳細に議論しました。いくつかの課題が見つかり、対応方針を決定しました。引き続きフォローします。',NULL,'2025-08-21 09:00:00','2025-10-15 18:38:02'),(633,17,'2025-08-22','今日は重要な会議があり、プロジェクトの進捗について詳細に議論しました。いくつかの課題が見つかり、対応方針を決定しました。引き続きフォローします。',NULL,'2025-08-22 09:00:00','2025-10-15 18:38:02'),(634,17,'2025-08-25','今日は重要な会議があり、プロジェクトの進捗について詳細に議論しました。いくつかの課題が見つかり、対応方針を決定しました。引き続きフォローします。',NULL,'2025-08-25 09:00:00','2025-10-15 18:38:02'),(635,17,'2025-08-26','今日は重要な会議があり、プロジェクトの進捗について詳細に議論しました。いくつかの課題が見つかり、対応方針を決定しました。引き続きフォローします。',NULL,'2025-08-26 09:00:00','2025-10-15 18:38:02'),(636,17,'2025-08-27','今日は重要な会議があり、プロジェクトの進捗について詳細に議論しました。いくつかの課題が見つかり、対応方針を決定しました。引き続きフォローします。',NULL,'2025-08-27 09:00:00','2025-10-15 18:38:02'),(637,17,'2025-08-28','今日は重要な会議があり、プロジェクトの進捗について詳細に議論しました。いくつかの課題が見つかり、対応方針を決定しました。引き続きフォローします。',NULL,'2025-08-28 09:00:00','2025-10-15 18:38:02'),(638,17,'2025-08-29','今日は重要な会議があり、プロジェクトの進捗について詳細に議論しました。いくつかの課題が見つかり、対応方針を決定しました。引き続きフォローします。',NULL,'2025-08-29 09:00:00','2025-10-15 18:38:02'),(639,17,'2025-09-01','今日は重要な会議があり、プロジェクトの進捗について詳細に議論しました。いくつかの課題が見つかり、対応方針を決定しました。引き続きフォローします。',NULL,'2025-09-01 09:00:00','2025-10-15 18:38:02'),(640,17,'2025-09-02','今日は重要な会議があり、プロジェクトの進捗について詳細に議論しました。いくつかの課題が見つかり、対応方針を決定しました。引き続きフォローします。',NULL,'2025-09-02 09:00:00','2025-10-15 18:38:02'),(641,17,'2025-09-03','今日は重要な会議があり、プロジェクトの進捗について詳細に議論しました。いくつかの課題が見つかり、対応方針を決定しました。引き続きフォローします。',NULL,'2025-09-03 09:00:00','2025-10-15 18:38:02'),(642,17,'2025-09-04','今日は重要な会議があり、プロジェクトの進捗について詳細に議論しました。いくつかの課題が見つかり、対応方針を決定しました。引き続きフォローします。',NULL,'2025-09-04 09:00:00','2025-10-15 18:38:02'),(643,17,'2025-09-05','今日は重要な会議があり、プロジェクトの進捗について詳細に議論しました。いくつかの課題が見つかり、対応方針を決定しました。引き続きフォローします。',NULL,'2025-09-05 09:00:00','2025-10-15 18:38:02'),(644,17,'2025-09-08','今日は重要な会議があり、プロジェクトの進捗について詳細に議論しました。いくつかの課題が見つかり、対応方針を決定しました。引き続きフォローします。',NULL,'2025-09-08 09:00:00','2025-10-15 18:38:02'),(645,17,'2025-09-09','今日は重要な会議があり、プロジェクトの進捗について詳細に議論しました。いくつかの課題が見つかり、対応方針を決定しました。引き続きフォローします。',NULL,'2025-09-09 09:00:00','2025-10-15 18:38:02'),(646,17,'2025-09-10','今日は重要な会議があり、プロジェクトの進捗について詳細に議論しました。いくつかの課題が見つかり、対応方針を決定しました。引き続きフォローします。',NULL,'2025-09-10 09:00:00','2025-10-15 18:38:02'),(647,17,'2025-09-11','今日は重要な会議があり、プロジェクトの進捗について詳細に議論しました。いくつかの課題が見つかり、対応方針を決定しました。引き続きフォローします。',NULL,'2025-09-11 09:00:00','2025-10-15 18:38:02'),(648,17,'2025-09-12','今日は重要な会議があり、プロジェクトの進捗について詳細に議論しました。いくつかの課題が見つかり、対応方針を決定しました。引き続きフォローします。',NULL,'2025-09-12 09:00:00','2025-10-15 18:38:02'),(649,17,'2025-09-15','今日は重要な会議があり、プロジェクトの進捗について詳細に議論しました。いくつかの課題が見つかり、対応方針を決定しました。引き続きフォローします。',NULL,'2025-09-15 09:00:00','2025-10-15 18:38:02'),(650,17,'2025-09-16','今日は重要な会議があり、プロジェクトの進捗について詳細に議論しました。いくつかの課題が見つかり、対応方針を決定しました。引き続きフォローします。',NULL,'2025-09-16 09:00:00','2025-10-15 18:38:02'),(651,17,'2025-09-17','今日は重要な会議があり、プロジェクトの進捗について詳細に議論しました。いくつかの課題が見つかり、対応方針を決定しました。引き続きフォローします。',NULL,'2025-09-17 09:00:00','2025-10-15 18:38:02'),(652,17,'2025-09-18','今日は重要な会議があり、プロジェクトの進捗について詳細に議論しました。いくつかの課題が見つかり、対応方針を決定しました。引き続きフォローします。',NULL,'2025-09-18 09:00:00','2025-10-15 18:38:02'),(653,17,'2025-09-19','今日は重要な会議があり、プロジェクトの進捗について詳細に議論しました。いくつかの課題が見つかり、対応方針を決定しました。引き続きフォローします。',NULL,'2025-09-19 09:00:00','2025-10-15 18:38:02'),(654,17,'2025-09-22','今日は重要な会議があり、プロジェクトの進捗について詳細に議論しました。いくつかの課題が見つかり、対応方針を決定しました。引き続きフォローします。',NULL,'2025-09-22 09:00:00','2025-10-15 18:38:02'),(655,17,'2025-09-23','今日は重要な会議があり、プロジェクトの進捗について詳細に議論しました。いくつかの課題が見つかり、対応方針を決定しました。引き続きフォローします。',NULL,'2025-09-23 09:00:00','2025-10-15 18:38:02'),(656,17,'2025-09-24','今日は重要な会議があり、プロジェクトの進捗について詳細に議論しました。いくつかの課題が見つかり、対応方針を決定しました。引き続きフォローします。',NULL,'2025-09-24 09:00:00','2025-10-15 18:38:02'),(657,17,'2025-09-25','今日は重要な会議があり、プロジェクトの進捗について詳細に議論しました。いくつかの課題が見つかり、対応方針を決定しました。引き続きフォローします。',NULL,'2025-09-25 09:00:00','2025-10-15 18:38:02'),(658,17,'2025-09-26','今日は重要な会議があり、プロジェクトの進捗について詳細に議論しました。いくつかの課題が見つかり、対応方針を決定しました。引き続きフォローします。',NULL,'2025-09-26 09:00:00','2025-10-15 18:38:02'),(659,17,'2025-09-29','今日は重要な会議があり、プロジェクトの進捗について詳細に議論しました。いくつかの課題が見つかり、対応方針を決定しました。引き続きフォローします。',NULL,'2025-09-29 09:00:00','2025-10-15 18:38:02'),(660,17,'2025-09-30','今日は重要な会議があり、プロジェクトの進捗について詳細に議論しました。いくつかの課題が見つかり、対応方針を決定しました。引き続きフォローします。','[1]','2025-09-30 09:00:00','2025-10-15 18:48:03'),(661,23,'2025-07-01','今日は重要な会議があり、プロジェクトの進捗について詳細に議論しました。いくつかの課題が見つかり、対応方針を決定しました。引き続きフォローします。',NULL,'2025-07-01 09:00:00','2025-10-15 18:38:02'),(662,23,'2025-07-02','今日は重要な会議があり、プロジェクトの進捗について詳細に議論しました。いくつかの課題が見つかり、対応方針を決定しました。引き続きフォローします。',NULL,'2025-07-02 09:00:00','2025-10-15 18:38:02'),(663,23,'2025-07-03','今日は重要な会議があり、プロジェクトの進捗について詳細に議論しました。いくつかの課題が見つかり、対応方針を決定しました。引き続きフォローします。',NULL,'2025-07-03 09:00:00','2025-10-15 18:38:02'),(664,23,'2025-07-04','今日は重要な会議があり、プロジェクトの進捗について詳細に議論しました。いくつかの課題が見つかり、対応方針を決定しました。引き続きフォローします。',NULL,'2025-07-04 09:00:00','2025-10-15 18:38:02'),(665,23,'2025-07-07','今日は重要な会議があり、プロジェクトの進捗について詳細に議論しました。いくつかの課題が見つかり、対応方針を決定しました。引き続きフォローします。',NULL,'2025-07-07 09:00:00','2025-10-15 18:38:02'),(666,23,'2025-07-08','今日は重要な会議があり、プロジェクトの進捗について詳細に議論しました。いくつかの課題が見つかり、対応方針を決定しました。引き続きフォローします。',NULL,'2025-07-08 09:00:00','2025-10-15 18:38:02'),(667,23,'2025-07-09','今日は重要な会議があり、プロジェクトの進捗について詳細に議論しました。いくつかの課題が見つかり、対応方針を決定しました。引き続きフォローします。',NULL,'2025-07-09 09:00:00','2025-10-15 18:38:02'),(668,23,'2025-07-10','今日は重要な会議があり、プロジェクトの進捗について詳細に議論しました。いくつかの課題が見つかり、対応方針を決定しました。引き続きフォローします。',NULL,'2025-07-10 09:00:00','2025-10-15 18:38:02'),(669,23,'2025-07-11','今日は重要な会議があり、プロジェクトの進捗について詳細に議論しました。いくつかの課題が見つかり、対応方針を決定しました。引き続きフォローします。',NULL,'2025-07-11 09:00:00','2025-10-15 18:38:02'),(670,23,'2025-07-14','今日は重要な会議があり、プロジェクトの進捗について詳細に議論しました。いくつかの課題が見つかり、対応方針を決定しました。引き続きフォローします。',NULL,'2025-07-14 09:00:00','2025-10-15 18:38:02'),(671,23,'2025-07-15','今日は重要な会議があり、プロジェクトの進捗について詳細に議論しました。いくつかの課題が見つかり、対応方針を決定しました。引き続きフォローします。',NULL,'2025-07-15 09:00:00','2025-10-15 18:38:02'),(672,23,'2025-07-16','今日は重要な会議があり、プロジェクトの進捗について詳細に議論しました。いくつかの課題が見つかり、対応方針を決定しました。引き続きフォローします。',NULL,'2025-07-16 09:00:00','2025-10-15 18:38:02'),(673,23,'2025-07-17','今日は重要な会議があり、プロジェクトの進捗について詳細に議論しました。いくつかの課題が見つかり、対応方針を決定しました。引き続きフォローします。',NULL,'2025-07-17 09:00:00','2025-10-15 18:38:02'),(674,23,'2025-07-18','今日は重要な会議があり、プロジェクトの進捗について詳細に議論しました。いくつかの課題が見つかり、対応方針を決定しました。引き続きフォローします。',NULL,'2025-07-18 09:00:00','2025-10-15 18:38:02'),(675,23,'2025-07-21','今日は重要な会議があり、プロジェクトの進捗について詳細に議論しました。いくつかの課題が見つかり、対応方針を決定しました。引き続きフォローします。',NULL,'2025-07-21 09:00:00','2025-10-15 18:38:02'),(676,23,'2025-07-22','今日は重要な会議があり、プロジェクトの進捗について詳細に議論しました。いくつかの課題が見つかり、対応方針を決定しました。引き続きフォローします。',NULL,'2025-07-22 09:00:00','2025-10-15 18:38:02'),(677,23,'2025-07-23','今日は重要な会議があり、プロジェクトの進捗について詳細に議論しました。いくつかの課題が見つかり、対応方針を決定しました。引き続きフォローします。',NULL,'2025-07-23 09:00:00','2025-10-15 18:38:02'),(678,23,'2025-07-24','今日は重要な会議があり、プロジェクトの進捗について詳細に議論しました。いくつかの課題が見つかり、対応方針を決定しました。引き続きフォローします。',NULL,'2025-07-24 09:00:00','2025-10-15 18:38:02'),(679,23,'2025-07-25','今日は重要な会議があり、プロジェクトの進捗について詳細に議論しました。いくつかの課題が見つかり、対応方針を決定しました。引き続きフォローします。',NULL,'2025-07-25 09:00:00','2025-10-15 18:38:02'),(680,23,'2025-07-28','今日は重要な会議があり、プロジェクトの進捗について詳細に議論しました。いくつかの課題が見つかり、対応方針を決定しました。引き続きフォローします。',NULL,'2025-07-28 09:00:00','2025-10-15 18:38:02'),(681,23,'2025-07-29','今日は重要な会議があり、プロジェクトの進捗について詳細に議論しました。いくつかの課題が見つかり、対応方針を決定しました。引き続きフォローします。',NULL,'2025-07-29 09:00:00','2025-10-15 18:38:02'),(682,23,'2025-07-30','今日は重要な会議があり、プロジェクトの進捗について詳細に議論しました。いくつかの課題が見つかり、対応方針を決定しました。引き続きフォローします。',NULL,'2025-07-30 09:00:00','2025-10-15 18:38:02'),(683,23,'2025-07-31','今日は重要な会議があり、プロジェクトの進捗について詳細に議論しました。いくつかの課題が見つかり、対応方針を決定しました。引き続きフォローします。',NULL,'2025-07-31 09:00:00','2025-10-15 18:38:02'),(684,23,'2025-08-01','今日は重要な会議があり、プロジェクトの進捗について詳細に議論しました。いくつかの課題が見つかり、対応方針を決定しました。引き続きフォローします。',NULL,'2025-08-01 09:00:00','2025-10-15 18:38:02'),(685,23,'2025-08-04','今日は重要な会議があり、プロジェクトの進捗について詳細に議論しました。いくつかの課題が見つかり、対応方針を決定しました。引き続きフォローします。',NULL,'2025-08-04 09:00:00','2025-10-15 18:38:02'),(686,23,'2025-08-05','今日は重要な会議があり、プロジェクトの進捗について詳細に議論しました。いくつかの課題が見つかり、対応方針を決定しました。引き続きフォローします。',NULL,'2025-08-05 09:00:00','2025-10-15 18:38:02'),(687,23,'2025-08-06','今日は重要な会議があり、プロジェクトの進捗について詳細に議論しました。いくつかの課題が見つかり、対応方針を決定しました。引き続きフォローします。',NULL,'2025-08-06 09:00:00','2025-10-15 18:38:02'),(688,23,'2025-08-07','今日は重要な会議があり、プロジェクトの進捗について詳細に議論しました。いくつかの課題が見つかり、対応方針を決定しました。引き続きフォローします。',NULL,'2025-08-07 09:00:00','2025-10-15 18:38:02'),(689,23,'2025-08-08','今日は重要な会議があり、プロジェクトの進捗について詳細に議論しました。いくつかの課題が見つかり、対応方針を決定しました。引き続きフォローします。',NULL,'2025-08-08 09:00:00','2025-10-15 18:38:02'),(690,23,'2025-08-11','今日は重要な会議があり、プロジェクトの進捗について詳細に議論しました。いくつかの課題が見つかり、対応方針を決定しました。引き続きフォローします。',NULL,'2025-08-11 09:00:00','2025-10-15 18:38:02'),(691,23,'2025-08-12','今日は重要な会議があり、プロジェクトの進捗について詳細に議論しました。いくつかの課題が見つかり、対応方針を決定しました。引き続きフォローします。',NULL,'2025-08-12 09:00:00','2025-10-15 18:38:02'),(692,23,'2025-08-13','今日は重要な会議があり、プロジェクトの進捗について詳細に議論しました。いくつかの課題が見つかり、対応方針を決定しました。引き続きフォローします。',NULL,'2025-08-13 09:00:00','2025-10-15 18:38:02'),(693,23,'2025-08-14','今日は重要な会議があり、プロジェクトの進捗について詳細に議論しました。いくつかの課題が見つかり、対応方針を決定しました。引き続きフォローします。',NULL,'2025-08-14 09:00:00','2025-10-15 18:38:02'),(694,23,'2025-08-15','今日は重要な会議があり、プロジェクトの進捗について詳細に議論しました。いくつかの課題が見つかり、対応方針を決定しました。引き続きフォローします。',NULL,'2025-08-15 09:00:00','2025-10-15 18:38:02'),(695,23,'2025-08-18','今日は重要な会議があり、プロジェクトの進捗について詳細に議論しました。いくつかの課題が見つかり、対応方針を決定しました。引き続きフォローします。',NULL,'2025-08-18 09:00:00','2025-10-15 18:38:02'),(696,23,'2025-08-19','今日は重要な会議があり、プロジェクトの進捗について詳細に議論しました。いくつかの課題が見つかり、対応方針を決定しました。引き続きフォローします。',NULL,'2025-08-19 09:00:00','2025-10-15 18:38:02'),(697,23,'2025-08-20','今日は重要な会議があり、プロジェクトの進捗について詳細に議論しました。いくつかの課題が見つかり、対応方針を決定しました。引き続きフォローします。',NULL,'2025-08-20 09:00:00','2025-10-15 18:38:02'),(698,23,'2025-08-21','今日は重要な会議があり、プロジェクトの進捗について詳細に議論しました。いくつかの課題が見つかり、対応方針を決定しました。引き続きフォローします。',NULL,'2025-08-21 09:00:00','2025-10-15 18:38:02'),(699,23,'2025-08-22','今日は重要な会議があり、プロジェクトの進捗について詳細に議論しました。いくつかの課題が見つかり、対応方針を決定しました。引き続きフォローします。',NULL,'2025-08-22 09:00:00','2025-10-15 18:38:02'),(700,23,'2025-08-25','今日は重要な会議があり、プロジェクトの進捗について詳細に議論しました。いくつかの課題が見つかり、対応方針を決定しました。引き続きフォローします。',NULL,'2025-08-25 09:00:00','2025-10-15 18:38:02'),(701,23,'2025-08-26','今日は重要な会議があり、プロジェクトの進捗について詳細に議論しました。いくつかの課題が見つかり、対応方針を決定しました。引き続きフォローします。',NULL,'2025-08-26 09:00:00','2025-10-15 18:38:02'),(702,23,'2025-08-27','今日は重要な会議があり、プロジェクトの進捗について詳細に議論しました。いくつかの課題が見つかり、対応方針を決定しました。引き続きフォローします。',NULL,'2025-08-27 09:00:00','2025-10-15 18:38:02'),(703,23,'2025-08-28','今日は重要な会議があり、プロジェクトの進捗について詳細に議論しました。いくつかの課題が見つかり、対応方針を決定しました。引き続きフォローします。',NULL,'2025-08-28 09:00:00','2025-10-15 18:38:02'),(704,23,'2025-08-29','今日は重要な会議があり、プロジェクトの進捗について詳細に議論しました。いくつかの課題が見つかり、対応方針を決定しました。引き続きフォローします。',NULL,'2025-08-29 09:00:00','2025-10-15 18:38:02'),(705,23,'2025-09-01','今日は重要な会議があり、プロジェクトの進捗について詳細に議論しました。いくつかの課題が見つかり、対応方針を決定しました。引き続きフォローします。',NULL,'2025-09-01 09:00:00','2025-10-15 18:38:02'),(706,23,'2025-09-02','今日は重要な会議があり、プロジェクトの進捗について詳細に議論しました。いくつかの課題が見つかり、対応方針を決定しました。引き続きフォローします。',NULL,'2025-09-02 09:00:00','2025-10-15 18:38:02'),(707,23,'2025-09-03','今日は重要な会議があり、プロジェクトの進捗について詳細に議論しました。いくつかの課題が見つかり、対応方針を決定しました。引き続きフォローします。',NULL,'2025-09-03 09:00:00','2025-10-15 18:38:02'),(708,23,'2025-09-04','今日は重要な会議があり、プロジェクトの進捗について詳細に議論しました。いくつかの課題が見つかり、対応方針を決定しました。引き続きフォローします。',NULL,'2025-09-04 09:00:00','2025-10-15 18:38:02'),(709,23,'2025-09-05','今日は重要な会議があり、プロジェクトの進捗について詳細に議論しました。いくつかの課題が見つかり、対応方針を決定しました。引き続きフォローします。',NULL,'2025-09-05 09:00:00','2025-10-15 18:38:02'),(710,23,'2025-09-08','今日は重要な会議があり、プロジェクトの進捗について詳細に議論しました。いくつかの課題が見つかり、対応方針を決定しました。引き続きフォローします。',NULL,'2025-09-08 09:00:00','2025-10-15 18:38:02'),(711,23,'2025-09-09','今日は重要な会議があり、プロジェクトの進捗について詳細に議論しました。いくつかの課題が見つかり、対応方針を決定しました。引き続きフォローします。',NULL,'2025-09-09 09:00:00','2025-10-15 18:38:02'),(712,23,'2025-09-10','今日は重要な会議があり、プロジェクトの進捗について詳細に議論しました。いくつかの課題が見つかり、対応方針を決定しました。引き続きフォローします。',NULL,'2025-09-10 09:00:00','2025-10-15 18:38:02'),(713,23,'2025-09-11','今日は重要な会議があり、プロジェクトの進捗について詳細に議論しました。いくつかの課題が見つかり、対応方針を決定しました。引き続きフォローします。',NULL,'2025-09-11 09:00:00','2025-10-15 18:38:02'),(714,23,'2025-09-12','今日は重要な会議があり、プロジェクトの進捗について詳細に議論しました。いくつかの課題が見つかり、対応方針を決定しました。引き続きフォローします。',NULL,'2025-09-12 09:00:00','2025-10-15 18:38:02'),(715,23,'2025-09-15','今日は重要な会議があり、プロジェクトの進捗について詳細に議論しました。いくつかの課題が見つかり、対応方針を決定しました。引き続きフォローします。',NULL,'2025-09-15 09:00:00','2025-10-15 18:38:02'),(716,23,'2025-09-16','今日は重要な会議があり、プロジェクトの進捗について詳細に議論しました。いくつかの課題が見つかり、対応方針を決定しました。引き続きフォローします。',NULL,'2025-09-16 09:00:00','2025-10-15 18:38:02'),(717,23,'2025-09-17','今日は重要な会議があり、プロジェクトの進捗について詳細に議論しました。いくつかの課題が見つかり、対応方針を決定しました。引き続きフォローします。',NULL,'2025-09-17 09:00:00','2025-10-15 18:38:02'),(718,23,'2025-09-18','今日は重要な会議があり、プロジェクトの進捗について詳細に議論しました。いくつかの課題が見つかり、対応方針を決定しました。引き続きフォローします。',NULL,'2025-09-18 09:00:00','2025-10-15 18:38:02'),(719,23,'2025-09-19','今日は重要な会議があり、プロジェクトの進捗について詳細に議論しました。いくつかの課題が見つかり、対応方針を決定しました。引き続きフォローします。',NULL,'2025-09-19 09:00:00','2025-10-15 18:38:02'),(720,23,'2025-09-22','今日は重要な会議があり、プロジェクトの進捗について詳細に議論しました。いくつかの課題が見つかり、対応方針を決定しました。引き続きフォローします。',NULL,'2025-09-22 09:00:00','2025-10-15 18:38:02'),(721,23,'2025-09-23','今日は重要な会議があり、プロジェクトの進捗について詳細に議論しました。いくつかの課題が見つかり、対応方針を決定しました。引き続きフォローします。',NULL,'2025-09-23 09:00:00','2025-10-15 18:38:02'),(722,23,'2025-09-24','今日は重要な会議があり、プロジェクトの進捗について詳細に議論しました。いくつかの課題が見つかり、対応方針を決定しました。引き続きフォローします。',NULL,'2025-09-24 09:00:00','2025-10-15 18:38:02'),(723,23,'2025-09-25','今日は重要な会議があり、プロジェクトの進捗について詳細に議論しました。いくつかの課題が見つかり、対応方針を決定しました。引き続きフォローします。',NULL,'2025-09-25 09:00:00','2025-10-15 18:38:02'),(724,23,'2025-09-26','今日は重要な会議があり、プロジェクトの進捗について詳細に議論しました。いくつかの課題が見つかり、対応方針を決定しました。引き続きフォローします。',NULL,'2025-09-26 09:00:00','2025-10-15 18:38:02'),(725,23,'2025-09-29','今日は重要な会議があり、プロジェクトの進捗について詳細に議論しました。いくつかの課題が見つかり、対応方針を決定しました。引き続きフォローします。',NULL,'2025-09-29 09:00:00','2025-10-15 18:38:02'),(726,23,'2025-09-30','今日は重要な会議があり、プロジェクトの進捗について詳細に議論しました。いくつかの課題が見つかり、対応方針を決定しました。引き続きフォローします。','[1]','2025-09-30 09:00:00','2025-10-15 18:48:03'),(727,28,'2025-07-01','今日は重要な会議があり、プロジェクトの進捗について詳細に議論しました。いくつかの課題が見つかり、対応方針を決定しました。引き続きフォローします。',NULL,'2025-07-01 09:00:00','2025-10-15 18:38:02'),(728,28,'2025-07-02','今日は重要な会議があり、プロジェクトの進捗について詳細に議論しました。いくつかの課題が見つかり、対応方針を決定しました。引き続きフォローします。',NULL,'2025-07-02 09:00:00','2025-10-15 18:38:02'),(729,28,'2025-07-03','今日は重要な会議があり、プロジェクトの進捗について詳細に議論しました。いくつかの課題が見つかり、対応方針を決定しました。引き続きフォローします。',NULL,'2025-07-03 09:00:00','2025-10-15 18:38:02'),(730,28,'2025-07-04','今日は重要な会議があり、プロジェクトの進捗について詳細に議論しました。いくつかの課題が見つかり、対応方針を決定しました。引き続きフォローします。',NULL,'2025-07-04 09:00:00','2025-10-15 18:38:02'),(731,28,'2025-07-07','今日は重要な会議があり、プロジェクトの進捗について詳細に議論しました。いくつかの課題が見つかり、対応方針を決定しました。引き続きフォローします。',NULL,'2025-07-07 09:00:00','2025-10-15 18:38:02'),(732,28,'2025-07-08','今日は重要な会議があり、プロジェクトの進捗について詳細に議論しました。いくつかの課題が見つかり、対応方針を決定しました。引き続きフォローします。',NULL,'2025-07-08 09:00:00','2025-10-15 18:38:02'),(733,28,'2025-07-09','今日は重要な会議があり、プロジェクトの進捗について詳細に議論しました。いくつかの課題が見つかり、対応方針を決定しました。引き続きフォローします。',NULL,'2025-07-09 09:00:00','2025-10-15 18:38:02'),(734,28,'2025-07-10','今日は重要な会議があり、プロジェクトの進捗について詳細に議論しました。いくつかの課題が見つかり、対応方針を決定しました。引き続きフォローします。',NULL,'2025-07-10 09:00:00','2025-10-15 18:38:02'),(735,28,'2025-07-11','今日は重要な会議があり、プロジェクトの進捗について詳細に議論しました。いくつかの課題が見つかり、対応方針を決定しました。引き続きフォローします。',NULL,'2025-07-11 09:00:00','2025-10-15 18:38:02'),(736,28,'2025-07-14','今日は重要な会議があり、プロジェクトの進捗について詳細に議論しました。いくつかの課題が見つかり、対応方針を決定しました。引き続きフォローします。',NULL,'2025-07-14 09:00:00','2025-10-15 18:38:02'),(737,28,'2025-07-15','今日は重要な会議があり、プロジェクトの進捗について詳細に議論しました。いくつかの課題が見つかり、対応方針を決定しました。引き続きフォローします。',NULL,'2025-07-15 09:00:00','2025-10-15 18:38:02'),(738,28,'2025-07-16','今日は重要な会議があり、プロジェクトの進捗について詳細に議論しました。いくつかの課題が見つかり、対応方針を決定しました。引き続きフォローします。',NULL,'2025-07-16 09:00:00','2025-10-15 18:38:02'),(739,28,'2025-07-17','今日は重要な会議があり、プロジェクトの進捗について詳細に議論しました。いくつかの課題が見つかり、対応方針を決定しました。引き続きフォローします。',NULL,'2025-07-17 09:00:00','2025-10-15 18:38:02'),(740,28,'2025-07-18','今日は重要な会議があり、プロジェクトの進捗について詳細に議論しました。いくつかの課題が見つかり、対応方針を決定しました。引き続きフォローします。',NULL,'2025-07-18 09:00:00','2025-10-15 18:38:02'),(741,28,'2025-07-21','今日は重要な会議があり、プロジェクトの進捗について詳細に議論しました。いくつかの課題が見つかり、対応方針を決定しました。引き続きフォローします。',NULL,'2025-07-21 09:00:00','2025-10-15 18:38:02'),(742,28,'2025-07-22','今日は重要な会議があり、プロジェクトの進捗について詳細に議論しました。いくつかの課題が見つかり、対応方針を決定しました。引き続きフォローします。',NULL,'2025-07-22 09:00:00','2025-10-15 18:38:02'),(743,28,'2025-07-23','今日は重要な会議があり、プロジェクトの進捗について詳細に議論しました。いくつかの課題が見つかり、対応方針を決定しました。引き続きフォローします。',NULL,'2025-07-23 09:00:00','2025-10-15 18:38:02'),(744,28,'2025-07-24','今日は重要な会議があり、プロジェクトの進捗について詳細に議論しました。いくつかの課題が見つかり、対応方針を決定しました。引き続きフォローします。',NULL,'2025-07-24 09:00:00','2025-10-15 18:38:02'),(745,28,'2025-07-25','今日は重要な会議があり、プロジェクトの進捗について詳細に議論しました。いくつかの課題が見つかり、対応方針を決定しました。引き続きフォローします。',NULL,'2025-07-25 09:00:00','2025-10-15 18:38:02'),(746,28,'2025-07-28','今日は重要な会議があり、プロジェクトの進捗について詳細に議論しました。いくつかの課題が見つかり、対応方針を決定しました。引き続きフォローします。',NULL,'2025-07-28 09:00:00','2025-10-15 18:38:02'),(747,28,'2025-07-29','今日は重要な会議があり、プロジェクトの進捗について詳細に議論しました。いくつかの課題が見つかり、対応方針を決定しました。引き続きフォローします。',NULL,'2025-07-29 09:00:00','2025-10-15 18:38:02'),(748,28,'2025-07-30','今日は重要な会議があり、プロジェクトの進捗について詳細に議論しました。いくつかの課題が見つかり、対応方針を決定しました。引き続きフォローします。',NULL,'2025-07-30 09:00:00','2025-10-15 18:38:02'),(749,28,'2025-07-31','今日は重要な会議があり、プロジェクトの進捗について詳細に議論しました。いくつかの課題が見つかり、対応方針を決定しました。引き続きフォローします。',NULL,'2025-07-31 09:00:00','2025-10-15 18:38:02'),(750,28,'2025-08-01','今日は重要な会議があり、プロジェクトの進捗について詳細に議論しました。いくつかの課題が見つかり、対応方針を決定しました。引き続きフォローします。',NULL,'2025-08-01 09:00:00','2025-10-15 18:38:02'),(751,28,'2025-08-04','今日は重要な会議があり、プロジェクトの進捗について詳細に議論しました。いくつかの課題が見つかり、対応方針を決定しました。引き続きフォローします。',NULL,'2025-08-04 09:00:00','2025-10-15 18:38:02'),(752,28,'2025-08-05','今日は重要な会議があり、プロジェクトの進捗について詳細に議論しました。いくつかの課題が見つかり、対応方針を決定しました。引き続きフォローします。',NULL,'2025-08-05 09:00:00','2025-10-15 18:38:02'),(753,28,'2025-08-06','今日は重要な会議があり、プロジェクトの進捗について詳細に議論しました。いくつかの課題が見つかり、対応方針を決定しました。引き続きフォローします。',NULL,'2025-08-06 09:00:00','2025-10-15 18:38:02'),(754,28,'2025-08-07','今日は重要な会議があり、プロジェクトの進捗について詳細に議論しました。いくつかの課題が見つかり、対応方針を決定しました。引き続きフォローします。',NULL,'2025-08-07 09:00:00','2025-10-15 18:38:02'),(755,28,'2025-08-08','今日は重要な会議があり、プロジェクトの進捗について詳細に議論しました。いくつかの課題が見つかり、対応方針を決定しました。引き続きフォローします。',NULL,'2025-08-08 09:00:00','2025-10-15 18:38:02'),(756,28,'2025-08-11','今日は重要な会議があり、プロジェクトの進捗について詳細に議論しました。いくつかの課題が見つかり、対応方針を決定しました。引き続きフォローします。',NULL,'2025-08-11 09:00:00','2025-10-15 18:38:02'),(757,28,'2025-08-12','今日は重要な会議があり、プロジェクトの進捗について詳細に議論しました。いくつかの課題が見つかり、対応方針を決定しました。引き続きフォローします。',NULL,'2025-08-12 09:00:00','2025-10-15 18:38:02'),(758,28,'2025-08-13','今日は重要な会議があり、プロジェクトの進捗について詳細に議論しました。いくつかの課題が見つかり、対応方針を決定しました。引き続きフォローします。',NULL,'2025-08-13 09:00:00','2025-10-15 18:38:02'),(759,28,'2025-08-14','今日は重要な会議があり、プロジェクトの進捗について詳細に議論しました。いくつかの課題が見つかり、対応方針を決定しました。引き続きフォローします。',NULL,'2025-08-14 09:00:00','2025-10-15 18:38:02'),(760,28,'2025-08-15','今日は重要な会議があり、プロジェクトの進捗について詳細に議論しました。いくつかの課題が見つかり、対応方針を決定しました。引き続きフォローします。',NULL,'2025-08-15 09:00:00','2025-10-15 18:38:02'),(761,28,'2025-08-18','今日は重要な会議があり、プロジェクトの進捗について詳細に議論しました。いくつかの課題が見つかり、対応方針を決定しました。引き続きフォローします。',NULL,'2025-08-18 09:00:00','2025-10-15 18:38:02'),(762,28,'2025-08-19','今日は重要な会議があり、プロジェクトの進捗について詳細に議論しました。いくつかの課題が見つかり、対応方針を決定しました。引き続きフォローします。',NULL,'2025-08-19 09:00:00','2025-10-15 18:38:02'),(763,28,'2025-08-20','今日は重要な会議があり、プロジェクトの進捗について詳細に議論しました。いくつかの課題が見つかり、対応方針を決定しました。引き続きフォローします。',NULL,'2025-08-20 09:00:00','2025-10-15 18:38:02'),(764,28,'2025-08-21','今日は重要な会議があり、プロジェクトの進捗について詳細に議論しました。いくつかの課題が見つかり、対応方針を決定しました。引き続きフォローします。',NULL,'2025-08-21 09:00:00','2025-10-15 18:38:02'),(765,28,'2025-08-22','今日は重要な会議があり、プロジェクトの進捗について詳細に議論しました。いくつかの課題が見つかり、対応方針を決定しました。引き続きフォローします。',NULL,'2025-08-22 09:00:00','2025-10-15 18:38:02'),(766,28,'2025-08-25','今日は重要な会議があり、プロジェクトの進捗について詳細に議論しました。いくつかの課題が見つかり、対応方針を決定しました。引き続きフォローします。',NULL,'2025-08-25 09:00:00','2025-10-15 18:38:02'),(767,28,'2025-08-26','今日は重要な会議があり、プロジェクトの進捗について詳細に議論しました。いくつかの課題が見つかり、対応方針を決定しました。引き続きフォローします。',NULL,'2025-08-26 09:00:00','2025-10-15 18:38:02'),(768,28,'2025-08-27','今日は重要な会議があり、プロジェクトの進捗について詳細に議論しました。いくつかの課題が見つかり、対応方針を決定しました。引き続きフォローします。',NULL,'2025-08-27 09:00:00','2025-10-15 18:38:02'),(769,28,'2025-08-28','今日は重要な会議があり、プロジェクトの進捗について詳細に議論しました。いくつかの課題が見つかり、対応方針を決定しました。引き続きフォローします。',NULL,'2025-08-28 09:00:00','2025-10-15 18:38:02'),(770,28,'2025-08-29','今日は重要な会議があり、プロジェクトの進捗について詳細に議論しました。いくつかの課題が見つかり、対応方針を決定しました。引き続きフォローします。',NULL,'2025-08-29 09:00:00','2025-10-15 18:38:02'),(771,28,'2025-09-01','今日は重要な会議があり、プロジェクトの進捗について詳細に議論しました。いくつかの課題が見つかり、対応方針を決定しました。引き続きフォローします。',NULL,'2025-09-01 09:00:00','2025-10-15 18:38:02'),(772,28,'2025-09-02','今日は重要な会議があり、プロジェクトの進捗について詳細に議論しました。いくつかの課題が見つかり、対応方針を決定しました。引き続きフォローします。',NULL,'2025-09-02 09:00:00','2025-10-15 18:38:02'),(773,28,'2025-09-03','今日は重要な会議があり、プロジェクトの進捗について詳細に議論しました。いくつかの課題が見つかり、対応方針を決定しました。引き続きフォローします。',NULL,'2025-09-03 09:00:00','2025-10-15 18:38:02'),(774,28,'2025-09-04','今日は重要な会議があり、プロジェクトの進捗について詳細に議論しました。いくつかの課題が見つかり、対応方針を決定しました。引き続きフォローします。',NULL,'2025-09-04 09:00:00','2025-10-15 18:38:02'),(775,28,'2025-09-05','今日は重要な会議があり、プロジェクトの進捗について詳細に議論しました。いくつかの課題が見つかり、対応方針を決定しました。引き続きフォローします。',NULL,'2025-09-05 09:00:00','2025-10-15 18:38:02'),(776,28,'2025-09-08','今日は重要な会議があり、プロジェクトの進捗について詳細に議論しました。いくつかの課題が見つかり、対応方針を決定しました。引き続きフォローします。',NULL,'2025-09-08 09:00:00','2025-10-15 18:38:02'),(777,28,'2025-09-09','今日は重要な会議があり、プロジェクトの進捗について詳細に議論しました。いくつかの課題が見つかり、対応方針を決定しました。引き続きフォローします。',NULL,'2025-09-09 09:00:00','2025-10-15 18:38:02'),(778,28,'2025-09-10','今日は重要な会議があり、プロジェクトの進捗について詳細に議論しました。いくつかの課題が見つかり、対応方針を決定しました。引き続きフォローします。',NULL,'2025-09-10 09:00:00','2025-10-15 18:38:02'),(779,28,'2025-09-11','今日は重要な会議があり、プロジェクトの進捗について詳細に議論しました。いくつかの課題が見つかり、対応方針を決定しました。引き続きフォローします。',NULL,'2025-09-11 09:00:00','2025-10-15 18:38:02'),(780,28,'2025-09-12','今日は重要な会議があり、プロジェクトの進捗について詳細に議論しました。いくつかの課題が見つかり、対応方針を決定しました。引き続きフォローします。',NULL,'2025-09-12 09:00:00','2025-10-15 18:38:02'),(781,28,'2025-09-15','今日は重要な会議があり、プロジェクトの進捗について詳細に議論しました。いくつかの課題が見つかり、対応方針を決定しました。引き続きフォローします。',NULL,'2025-09-15 09:00:00','2025-10-15 18:38:02'),(782,28,'2025-09-16','今日は重要な会議があり、プロジェクトの進捗について詳細に議論しました。いくつかの課題が見つかり、対応方針を決定しました。引き続きフォローします。',NULL,'2025-09-16 09:00:00','2025-10-15 18:38:02'),(783,28,'2025-09-17','今日は重要な会議があり、プロジェクトの進捗について詳細に議論しました。いくつかの課題が見つかり、対応方針を決定しました。引き続きフォローします。',NULL,'2025-09-17 09:00:00','2025-10-15 18:38:02'),(784,28,'2025-09-18','今日は重要な会議があり、プロジェクトの進捗について詳細に議論しました。いくつかの課題が見つかり、対応方針を決定しました。引き続きフォローします。',NULL,'2025-09-18 09:00:00','2025-10-15 18:38:02'),(785,28,'2025-09-19','今日は重要な会議があり、プロジェクトの進捗について詳細に議論しました。いくつかの課題が見つかり、対応方針を決定しました。引き続きフォローします。',NULL,'2025-09-19 09:00:00','2025-10-15 18:38:02'),(786,28,'2025-09-22','今日は重要な会議があり、プロジェクトの進捗について詳細に議論しました。いくつかの課題が見つかり、対応方針を決定しました。引き続きフォローします。',NULL,'2025-09-22 09:00:00','2025-10-15 18:38:02'),(787,28,'2025-09-23','今日は重要な会議があり、プロジェクトの進捗について詳細に議論しました。いくつかの課題が見つかり、対応方針を決定しました。引き続きフォローします。',NULL,'2025-09-23 09:00:00','2025-10-15 18:38:02'),(788,28,'2025-09-24','今日は重要な会議があり、プロジェクトの進捗について詳細に議論しました。いくつかの課題が見つかり、対応方針を決定しました。引き続きフォローします。',NULL,'2025-09-24 09:00:00','2025-10-15 18:38:02'),(789,28,'2025-09-25','今日は重要な会議があり、プロジェクトの進捗について詳細に議論しました。いくつかの課題が見つかり、対応方針を決定しました。引き続きフォローします。',NULL,'2025-09-25 09:00:00','2025-10-15 18:38:02'),(790,28,'2025-09-26','今日は重要な会議があり、プロジェクトの進捗について詳細に議論しました。いくつかの課題が見つかり、対応方針を決定しました。引き続きフォローします。',NULL,'2025-09-26 09:00:00','2025-10-15 18:38:02'),(791,28,'2025-09-29','今日は重要な会議があり、プロジェクトの進捗について詳細に議論しました。いくつかの課題が見つかり、対応方針を決定しました。引き続きフォローします。',NULL,'2025-09-29 09:00:00','2025-10-15 18:38:02'),(792,28,'2025-09-30','今日は重要な会議があり、プロジェクトの進捗について詳細に議論しました。いくつかの課題が見つかり、対応方針を決定しました。引き続きフォローします。','[1]','2025-09-30 09:00:00','2025-10-15 18:48:03'),(793,16,'2025-07-01','今日は重要な会議があり、プロジェクトの進捗について詳細に議論しました。いくつかの課題が見つかり、対応方針を決定しました。引き続きフォローします。',NULL,'2025-07-01 09:00:00','2025-10-15 18:38:02'),(794,16,'2025-07-02','今日は重要な会議があり、プロジェクトの進捗について詳細に議論しました。いくつかの課題が見つかり、対応方針を決定しました。引き続きフォローします。',NULL,'2025-07-02 09:00:00','2025-10-15 18:38:02'),(795,16,'2025-07-03','今日は重要な会議があり、プロジェクトの進捗について詳細に議論しました。いくつかの課題が見つかり、対応方針を決定しました。引き続きフォローします。',NULL,'2025-07-03 09:00:00','2025-10-15 18:38:02'),(796,16,'2025-07-04','今日は重要な会議があり、プロジェクトの進捗について詳細に議論しました。いくつかの課題が見つかり、対応方針を決定しました。引き続きフォローします。',NULL,'2025-07-04 09:00:00','2025-10-15 18:38:02'),(797,16,'2025-07-07','今日は重要な会議があり、プロジェクトの進捗について詳細に議論しました。いくつかの課題が見つかり、対応方針を決定しました。引き続きフォローします。',NULL,'2025-07-07 09:00:00','2025-10-15 18:38:02'),(798,16,'2025-07-08','今日は重要な会議があり、プロジェクトの進捗について詳細に議論しました。いくつかの課題が見つかり、対応方針を決定しました。引き続きフォローします。',NULL,'2025-07-08 09:00:00','2025-10-15 18:38:02'),(799,16,'2025-07-09','今日は重要な会議があり、プロジェクトの進捗について詳細に議論しました。いくつかの課題が見つかり、対応方針を決定しました。引き続きフォローします。',NULL,'2025-07-09 09:00:00','2025-10-15 18:38:02'),(800,16,'2025-07-10','今日は重要な会議があり、プロジェクトの進捗について詳細に議論しました。いくつかの課題が見つかり、対応方針を決定しました。引き続きフォローします。',NULL,'2025-07-10 09:00:00','2025-10-15 18:38:02'),(801,16,'2025-07-11','今日は重要な会議があり、プロジェクトの進捗について詳細に議論しました。いくつかの課題が見つかり、対応方針を決定しました。引き続きフォローします。',NULL,'2025-07-11 09:00:00','2025-10-15 18:38:02'),(802,16,'2025-07-14','今日は重要な会議があり、プロジェクトの進捗について詳細に議論しました。いくつかの課題が見つかり、対応方針を決定しました。引き続きフォローします。',NULL,'2025-07-14 09:00:00','2025-10-15 18:38:02'),(803,16,'2025-07-15','今日は重要な会議があり、プロジェクトの進捗について詳細に議論しました。いくつかの課題が見つかり、対応方針を決定しました。引き続きフォローします。',NULL,'2025-07-15 09:00:00','2025-10-15 18:38:02'),(804,16,'2025-07-16','今日は重要な会議があり、プロジェクトの進捗について詳細に議論しました。いくつかの課題が見つかり、対応方針を決定しました。引き続きフォローします。',NULL,'2025-07-16 09:00:00','2025-10-15 18:38:02'),(805,16,'2025-07-17','今日は重要な会議があり、プロジェクトの進捗について詳細に議論しました。いくつかの課題が見つかり、対応方針を決定しました。引き続きフォローします。',NULL,'2025-07-17 09:00:00','2025-10-15 18:38:02'),(806,16,'2025-07-18','今日は重要な会議があり、プロジェクトの進捗について詳細に議論しました。いくつかの課題が見つかり、対応方針を決定しました。引き続きフォローします。',NULL,'2025-07-18 09:00:00','2025-10-15 18:38:02'),(807,16,'2025-07-21','今日は重要な会議があり、プロジェクトの進捗について詳細に議論しました。いくつかの課題が見つかり、対応方針を決定しました。引き続きフォローします。',NULL,'2025-07-21 09:00:00','2025-10-15 18:38:02'),(808,16,'2025-07-22','今日は重要な会議があり、プロジェクトの進捗について詳細に議論しました。いくつかの課題が見つかり、対応方針を決定しました。引き続きフォローします。',NULL,'2025-07-22 09:00:00','2025-10-15 18:38:02'),(809,16,'2025-07-23','今日は重要な会議があり、プロジェクトの進捗について詳細に議論しました。いくつかの課題が見つかり、対応方針を決定しました。引き続きフォローします。',NULL,'2025-07-23 09:00:00','2025-10-15 18:38:02'),(810,16,'2025-07-24','今日は重要な会議があり、プロジェクトの進捗について詳細に議論しました。いくつかの課題が見つかり、対応方針を決定しました。引き続きフォローします。',NULL,'2025-07-24 09:00:00','2025-10-15 18:38:02'),(811,16,'2025-07-25','今日は重要な会議があり、プロジェクトの進捗について詳細に議論しました。いくつかの課題が見つかり、対応方針を決定しました。引き続きフォローします。',NULL,'2025-07-25 09:00:00','2025-10-15 18:38:02'),(812,16,'2025-07-28','今日は重要な会議があり、プロジェクトの進捗について詳細に議論しました。いくつかの課題が見つかり、対応方針を決定しました。引き続きフォローします。',NULL,'2025-07-28 09:00:00','2025-10-15 18:38:02'),(813,16,'2025-07-29','今日は重要な会議があり、プロジェクトの進捗について詳細に議論しました。いくつかの課題が見つかり、対応方針を決定しました。引き続きフォローします。',NULL,'2025-07-29 09:00:00','2025-10-15 18:38:02'),(814,16,'2025-07-30','今日は重要な会議があり、プロジェクトの進捗について詳細に議論しました。いくつかの課題が見つかり、対応方針を決定しました。引き続きフォローします。',NULL,'2025-07-30 09:00:00','2025-10-15 18:38:02'),(815,16,'2025-07-31','今日は重要な会議があり、プロジェクトの進捗について詳細に議論しました。いくつかの課題が見つかり、対応方針を決定しました。引き続きフォローします。',NULL,'2025-07-31 09:00:00','2025-10-15 18:38:02'),(816,16,'2025-08-01','今日は重要な会議があり、プロジェクトの進捗について詳細に議論しました。いくつかの課題が見つかり、対応方針を決定しました。引き続きフォローします。',NULL,'2025-08-01 09:00:00','2025-10-15 18:38:02'),(817,16,'2025-08-04','今日は重要な会議があり、プロジェクトの進捗について詳細に議論しました。いくつかの課題が見つかり、対応方針を決定しました。引き続きフォローします。',NULL,'2025-08-04 09:00:00','2025-10-15 18:38:02'),(818,16,'2025-08-05','今日は重要な会議があり、プロジェクトの進捗について詳細に議論しました。いくつかの課題が見つかり、対応方針を決定しました。引き続きフォローします。',NULL,'2025-08-05 09:00:00','2025-10-15 18:38:02'),(819,16,'2025-08-06','今日は重要な会議があり、プロジェクトの進捗について詳細に議論しました。いくつかの課題が見つかり、対応方針を決定しました。引き続きフォローします。',NULL,'2025-08-06 09:00:00','2025-10-15 18:38:02'),(820,16,'2025-08-07','今日は重要な会議があり、プロジェクトの進捗について詳細に議論しました。いくつかの課題が見つかり、対応方針を決定しました。引き続きフォローします。',NULL,'2025-08-07 09:00:00','2025-10-15 18:38:02'),(821,16,'2025-08-08','今日は重要な会議があり、プロジェクトの進捗について詳細に議論しました。いくつかの課題が見つかり、対応方針を決定しました。引き続きフォローします。',NULL,'2025-08-08 09:00:00','2025-10-15 18:38:02'),(822,16,'2025-08-11','今日は重要な会議があり、プロジェクトの進捗について詳細に議論しました。いくつかの課題が見つかり、対応方針を決定しました。引き続きフォローします。',NULL,'2025-08-11 09:00:00','2025-10-15 18:38:02'),(823,16,'2025-08-12','今日は重要な会議があり、プロジェクトの進捗について詳細に議論しました。いくつかの課題が見つかり、対応方針を決定しました。引き続きフォローします。',NULL,'2025-08-12 09:00:00','2025-10-15 18:38:02'),(824,16,'2025-08-13','今日は重要な会議があり、プロジェクトの進捗について詳細に議論しました。いくつかの課題が見つかり、対応方針を決定しました。引き続きフォローします。',NULL,'2025-08-13 09:00:00','2025-10-15 18:38:02'),(825,16,'2025-08-14','今日は重要な会議があり、プロジェクトの進捗について詳細に議論しました。いくつかの課題が見つかり、対応方針を決定しました。引き続きフォローします。',NULL,'2025-08-14 09:00:00','2025-10-15 18:38:02'),(826,16,'2025-08-15','今日は重要な会議があり、プロジェクトの進捗について詳細に議論しました。いくつかの課題が見つかり、対応方針を決定しました。引き続きフォローします。',NULL,'2025-08-15 09:00:00','2025-10-15 18:38:02'),(827,16,'2025-08-18','今日は重要な会議があり、プロジェクトの進捗について詳細に議論しました。いくつかの課題が見つかり、対応方針を決定しました。引き続きフォローします。',NULL,'2025-08-18 09:00:00','2025-10-15 18:38:02'),(828,16,'2025-08-19','今日は重要な会議があり、プロジェクトの進捗について詳細に議論しました。いくつかの課題が見つかり、対応方針を決定しました。引き続きフォローします。',NULL,'2025-08-19 09:00:00','2025-10-15 18:38:02'),(829,16,'2025-08-20','今日は重要な会議があり、プロジェクトの進捗について詳細に議論しました。いくつかの課題が見つかり、対応方針を決定しました。引き続きフォローします。',NULL,'2025-08-20 09:00:00','2025-10-15 18:38:02'),(830,16,'2025-08-21','今日は重要な会議があり、プロジェクトの進捗について詳細に議論しました。いくつかの課題が見つかり、対応方針を決定しました。引き続きフォローします。',NULL,'2025-08-21 09:00:00','2025-10-15 18:38:02'),(831,16,'2025-08-22','今日は重要な会議があり、プロジェクトの進捗について詳細に議論しました。いくつかの課題が見つかり、対応方針を決定しました。引き続きフォローします。',NULL,'2025-08-22 09:00:00','2025-10-15 18:38:02'),(832,16,'2025-08-25','今日は重要な会議があり、プロジェクトの進捗について詳細に議論しました。いくつかの課題が見つかり、対応方針を決定しました。引き続きフォローします。',NULL,'2025-08-25 09:00:00','2025-10-15 18:38:02'),(833,16,'2025-08-26','今日は重要な会議があり、プロジェクトの進捗について詳細に議論しました。いくつかの課題が見つかり、対応方針を決定しました。引き続きフォローします。',NULL,'2025-08-26 09:00:00','2025-10-15 18:38:02'),(834,16,'2025-08-27','今日は重要な会議があり、プロジェクトの進捗について詳細に議論しました。いくつかの課題が見つかり、対応方針を決定しました。引き続きフォローします。',NULL,'2025-08-27 09:00:00','2025-10-15 18:38:02'),(835,16,'2025-08-28','今日は重要な会議があり、プロジェクトの進捗について詳細に議論しました。いくつかの課題が見つかり、対応方針を決定しました。引き続きフォローします。',NULL,'2025-08-28 09:00:00','2025-10-15 18:38:02'),(836,16,'2025-08-29','今日は重要な会議があり、プロジェクトの進捗について詳細に議論しました。いくつかの課題が見つかり、対応方針を決定しました。引き続きフォローします。',NULL,'2025-08-29 09:00:00','2025-10-15 18:38:02'),(837,16,'2025-09-01','今日は重要な会議があり、プロジェクトの進捗について詳細に議論しました。いくつかの課題が見つかり、対応方針を決定しました。引き続きフォローします。',NULL,'2025-09-01 09:00:00','2025-10-15 18:38:02'),(838,16,'2025-09-02','今日は重要な会議があり、プロジェクトの進捗について詳細に議論しました。いくつかの課題が見つかり、対応方針を決定しました。引き続きフォローします。',NULL,'2025-09-02 09:00:00','2025-10-15 18:38:02'),(839,16,'2025-09-03','今日は重要な会議があり、プロジェクトの進捗について詳細に議論しました。いくつかの課題が見つかり、対応方針を決定しました。引き続きフォローします。',NULL,'2025-09-03 09:00:00','2025-10-15 18:38:02'),(840,16,'2025-09-04','今日は重要な会議があり、プロジェクトの進捗について詳細に議論しました。いくつかの課題が見つかり、対応方針を決定しました。引き続きフォローします。',NULL,'2025-09-04 09:00:00','2025-10-15 18:38:02'),(841,16,'2025-09-05','今日は重要な会議があり、プロジェクトの進捗について詳細に議論しました。いくつかの課題が見つかり、対応方針を決定しました。引き続きフォローします。',NULL,'2025-09-05 09:00:00','2025-10-15 18:38:02'),(842,16,'2025-09-08','今日は重要な会議があり、プロジェクトの進捗について詳細に議論しました。いくつかの課題が見つかり、対応方針を決定しました。引き続きフォローします。',NULL,'2025-09-08 09:00:00','2025-10-15 18:38:02'),(843,16,'2025-09-09','今日は重要な会議があり、プロジェクトの進捗について詳細に議論しました。いくつかの課題が見つかり、対応方針を決定しました。引き続きフォローします。',NULL,'2025-09-09 09:00:00','2025-10-15 18:38:02'),(844,16,'2025-09-10','今日は重要な会議があり、プロジェクトの進捗について詳細に議論しました。いくつかの課題が見つかり、対応方針を決定しました。引き続きフォローします。',NULL,'2025-09-10 09:00:00','2025-10-15 18:38:02'),(845,16,'2025-09-11','今日は重要な会議があり、プロジェクトの進捗について詳細に議論しました。いくつかの課題が見つかり、対応方針を決定しました。引き続きフォローします。',NULL,'2025-09-11 09:00:00','2025-10-15 18:38:02'),(846,16,'2025-09-12','今日は重要な会議があり、プロジェクトの進捗について詳細に議論しました。いくつかの課題が見つかり、対応方針を決定しました。引き続きフォローします。',NULL,'2025-09-12 09:00:00','2025-10-15 18:38:02'),(847,16,'2025-09-15','今日は重要な会議があり、プロジェクトの進捗について詳細に議論しました。いくつかの課題が見つかり、対応方針を決定しました。引き続きフォローします。',NULL,'2025-09-15 09:00:00','2025-10-15 18:38:02'),(848,16,'2025-09-16','今日は重要な会議があり、プロジェクトの進捗について詳細に議論しました。いくつかの課題が見つかり、対応方針を決定しました。引き続きフォローします。',NULL,'2025-09-16 09:00:00','2025-10-15 18:38:02'),(849,16,'2025-09-17','今日は重要な会議があり、プロジェクトの進捗について詳細に議論しました。いくつかの課題が見つかり、対応方針を決定しました。引き続きフォローします。',NULL,'2025-09-17 09:00:00','2025-10-15 18:38:02'),(850,16,'2025-09-18','今日は重要な会議があり、プロジェクトの進捗について詳細に議論しました。いくつかの課題が見つかり、対応方針を決定しました。引き続きフォローします。',NULL,'2025-09-18 09:00:00','2025-10-15 18:38:02'),(851,16,'2025-09-19','今日は重要な会議があり、プロジェクトの進捗について詳細に議論しました。いくつかの課題が見つかり、対応方針を決定しました。引き続きフォローします。',NULL,'2025-09-19 09:00:00','2025-10-15 18:38:02'),(852,16,'2025-09-22','今日は重要な会議があり、プロジェクトの進捗について詳細に議論しました。いくつかの課題が見つかり、対応方針を決定しました。引き続きフォローします。',NULL,'2025-09-22 09:00:00','2025-10-15 18:38:02'),(853,16,'2025-09-23','今日は重要な会議があり、プロジェクトの進捗について詳細に議論しました。いくつかの課題が見つかり、対応方針を決定しました。引き続きフォローします。',NULL,'2025-09-23 09:00:00','2025-10-15 18:38:02'),(854,16,'2025-09-24','今日は重要な会議があり、プロジェクトの進捗について詳細に議論しました。いくつかの課題が見つかり、対応方針を決定しました。引き続きフォローします。',NULL,'2025-09-24 09:00:00','2025-10-15 18:38:02'),(855,16,'2025-09-25','今日は重要な会議があり、プロジェクトの進捗について詳細に議論しました。いくつかの課題が見つかり、対応方針を決定しました。引き続きフォローします。',NULL,'2025-09-25 09:00:00','2025-10-15 18:38:02'),(856,16,'2025-09-26','今日は重要な会議があり、プロジェクトの進捗について詳細に議論しました。いくつかの課題が見つかり、対応方針を決定しました。引き続きフォローします。',NULL,'2025-09-26 09:00:00','2025-10-15 18:38:02'),(857,16,'2025-09-29','今日は重要な会議があり、プロジェクトの進捗について詳細に議論しました。いくつかの課題が見つかり、対応方針を決定しました。引き続きフォローします。',NULL,'2025-09-29 09:00:00','2025-10-15 18:38:02'),(858,16,'2025-09-30','今日は重要な会議があり、プロジェクトの進捗について詳細に議論しました。いくつかの課題が見つかり、対応方針を決定しました。引き続きフォローします。','[1]','2025-09-30 09:00:00','2025-10-15 18:48:03'),(859,21,'2025-07-01','今日は重要な会議があり、プロジェクトの進捗について詳細に議論しました。いくつかの課題が見つかり、対応方針を決定しました。引き続きフォローします。',NULL,'2025-07-01 09:00:00','2025-10-15 18:38:02'),(860,21,'2025-07-02','今日は重要な会議があり、プロジェクトの進捗について詳細に議論しました。いくつかの課題が見つかり、対応方針を決定しました。引き続きフォローします。',NULL,'2025-07-02 09:00:00','2025-10-15 18:38:02'),(861,21,'2025-07-03','今日は重要な会議があり、プロジェクトの進捗について詳細に議論しました。いくつかの課題が見つかり、対応方針を決定しました。引き続きフォローします。',NULL,'2025-07-03 09:00:00','2025-10-15 18:38:02'),(862,21,'2025-07-04','今日は重要な会議があり、プロジェクトの進捗について詳細に議論しました。いくつかの課題が見つかり、対応方針を決定しました。引き続きフォローします。',NULL,'2025-07-04 09:00:00','2025-10-15 18:38:02'),(863,21,'2025-07-07','今日は重要な会議があり、プロジェクトの進捗について詳細に議論しました。いくつかの課題が見つかり、対応方針を決定しました。引き続きフォローします。',NULL,'2025-07-07 09:00:00','2025-10-15 18:38:02'),(864,21,'2025-07-08','今日は重要な会議があり、プロジェクトの進捗について詳細に議論しました。いくつかの課題が見つかり、対応方針を決定しました。引き続きフォローします。',NULL,'2025-07-08 09:00:00','2025-10-15 18:38:02'),(865,21,'2025-07-09','今日は重要な会議があり、プロジェクトの進捗について詳細に議論しました。いくつかの課題が見つかり、対応方針を決定しました。引き続きフォローします。',NULL,'2025-07-09 09:00:00','2025-10-15 18:38:02'),(866,21,'2025-07-10','今日は重要な会議があり、プロジェクトの進捗について詳細に議論しました。いくつかの課題が見つかり、対応方針を決定しました。引き続きフォローします。',NULL,'2025-07-10 09:00:00','2025-10-15 18:38:02'),(867,21,'2025-07-11','今日は重要な会議があり、プロジェクトの進捗について詳細に議論しました。いくつかの課題が見つかり、対応方針を決定しました。引き続きフォローします。',NULL,'2025-07-11 09:00:00','2025-10-15 18:38:02'),(868,21,'2025-07-14','今日は重要な会議があり、プロジェクトの進捗について詳細に議論しました。いくつかの課題が見つかり、対応方針を決定しました。引き続きフォローします。',NULL,'2025-07-14 09:00:00','2025-10-15 18:38:02'),(869,21,'2025-07-15','今日は重要な会議があり、プロジェクトの進捗について詳細に議論しました。いくつかの課題が見つかり、対応方針を決定しました。引き続きフォローします。',NULL,'2025-07-15 09:00:00','2025-10-15 18:38:02'),(870,21,'2025-07-16','今日は重要な会議があり、プロジェクトの進捗について詳細に議論しました。いくつかの課題が見つかり、対応方針を決定しました。引き続きフォローします。',NULL,'2025-07-16 09:00:00','2025-10-15 18:38:02'),(871,21,'2025-07-17','今日は重要な会議があり、プロジェクトの進捗について詳細に議論しました。いくつかの課題が見つかり、対応方針を決定しました。引き続きフォローします。',NULL,'2025-07-17 09:00:00','2025-10-15 18:38:02'),(872,21,'2025-07-18','今日は重要な会議があり、プロジェクトの進捗について詳細に議論しました。いくつかの課題が見つかり、対応方針を決定しました。引き続きフォローします。',NULL,'2025-07-18 09:00:00','2025-10-15 18:38:02'),(873,21,'2025-07-21','今日は重要な会議があり、プロジェクトの進捗について詳細に議論しました。いくつかの課題が見つかり、対応方針を決定しました。引き続きフォローします。',NULL,'2025-07-21 09:00:00','2025-10-15 18:38:02'),(874,21,'2025-07-22','今日は重要な会議があり、プロジェクトの進捗について詳細に議論しました。いくつかの課題が見つかり、対応方針を決定しました。引き続きフォローします。',NULL,'2025-07-22 09:00:00','2025-10-15 18:38:02'),(875,21,'2025-07-23','今日は重要な会議があり、プロジェクトの進捗について詳細に議論しました。いくつかの課題が見つかり、対応方針を決定しました。引き続きフォローします。',NULL,'2025-07-23 09:00:00','2025-10-15 18:38:02'),(876,21,'2025-07-24','今日は重要な会議があり、プロジェクトの進捗について詳細に議論しました。いくつかの課題が見つかり、対応方針を決定しました。引き続きフォローします。',NULL,'2025-07-24 09:00:00','2025-10-15 18:38:02'),(877,21,'2025-07-25','今日は重要な会議があり、プロジェクトの進捗について詳細に議論しました。いくつかの課題が見つかり、対応方針を決定しました。引き続きフォローします。',NULL,'2025-07-25 09:00:00','2025-10-15 18:38:02'),(878,21,'2025-07-28','今日は重要な会議があり、プロジェクトの進捗について詳細に議論しました。いくつかの課題が見つかり、対応方針を決定しました。引き続きフォローします。',NULL,'2025-07-28 09:00:00','2025-10-15 18:38:02'),(879,21,'2025-07-29','今日は重要な会議があり、プロジェクトの進捗について詳細に議論しました。いくつかの課題が見つかり、対応方針を決定しました。引き続きフォローします。',NULL,'2025-07-29 09:00:00','2025-10-15 18:38:02'),(880,21,'2025-07-30','今日は重要な会議があり、プロジェクトの進捗について詳細に議論しました。いくつかの課題が見つかり、対応方針を決定しました。引き続きフォローします。',NULL,'2025-07-30 09:00:00','2025-10-15 18:38:02'),(881,21,'2025-07-31','今日は重要な会議があり、プロジェクトの進捗について詳細に議論しました。いくつかの課題が見つかり、対応方針を決定しました。引き続きフォローします。',NULL,'2025-07-31 09:00:00','2025-10-15 18:38:02'),(882,21,'2025-08-01','今日は重要な会議があり、プロジェクトの進捗について詳細に議論しました。いくつかの課題が見つかり、対応方針を決定しました。引き続きフォローします。',NULL,'2025-08-01 09:00:00','2025-10-15 18:38:02'),(883,21,'2025-08-04','今日は重要な会議があり、プロジェクトの進捗について詳細に議論しました。いくつかの課題が見つかり、対応方針を決定しました。引き続きフォローします。',NULL,'2025-08-04 09:00:00','2025-10-15 18:38:02'),(884,21,'2025-08-05','今日は重要な会議があり、プロジェクトの進捗について詳細に議論しました。いくつかの課題が見つかり、対応方針を決定しました。引き続きフォローします。',NULL,'2025-08-05 09:00:00','2025-10-15 18:38:02'),(885,21,'2025-08-06','今日は重要な会議があり、プロジェクトの進捗について詳細に議論しました。いくつかの課題が見つかり、対応方針を決定しました。引き続きフォローします。',NULL,'2025-08-06 09:00:00','2025-10-15 18:38:02'),(886,21,'2025-08-07','今日は重要な会議があり、プロジェクトの進捗について詳細に議論しました。いくつかの課題が見つかり、対応方針を決定しました。引き続きフォローします。',NULL,'2025-08-07 09:00:00','2025-10-15 18:38:02'),(887,21,'2025-08-08','今日は重要な会議があり、プロジェクトの進捗について詳細に議論しました。いくつかの課題が見つかり、対応方針を決定しました。引き続きフォローします。',NULL,'2025-08-08 09:00:00','2025-10-15 18:38:02'),(888,21,'2025-08-11','今日は重要な会議があり、プロジェクトの進捗について詳細に議論しました。いくつかの課題が見つかり、対応方針を決定しました。引き続きフォローします。',NULL,'2025-08-11 09:00:00','2025-10-15 18:38:02'),(889,21,'2025-08-12','今日は重要な会議があり、プロジェクトの進捗について詳細に議論しました。いくつかの課題が見つかり、対応方針を決定しました。引き続きフォローします。',NULL,'2025-08-12 09:00:00','2025-10-15 18:38:02'),(890,21,'2025-08-13','今日は重要な会議があり、プロジェクトの進捗について詳細に議論しました。いくつかの課題が見つかり、対応方針を決定しました。引き続きフォローします。',NULL,'2025-08-13 09:00:00','2025-10-15 18:38:02'),(891,21,'2025-08-14','今日は重要な会議があり、プロジェクトの進捗について詳細に議論しました。いくつかの課題が見つかり、対応方針を決定しました。引き続きフォローします。',NULL,'2025-08-14 09:00:00','2025-10-15 18:38:02'),(892,21,'2025-08-15','今日は重要な会議があり、プロジェクトの進捗について詳細に議論しました。いくつかの課題が見つかり、対応方針を決定しました。引き続きフォローします。',NULL,'2025-08-15 09:00:00','2025-10-15 18:38:02'),(893,21,'2025-08-18','今日は重要な会議があり、プロジェクトの進捗について詳細に議論しました。いくつかの課題が見つかり、対応方針を決定しました。引き続きフォローします。',NULL,'2025-08-18 09:00:00','2025-10-15 18:38:02'),(894,21,'2025-08-19','今日は重要な会議があり、プロジェクトの進捗について詳細に議論しました。いくつかの課題が見つかり、対応方針を決定しました。引き続きフォローします。',NULL,'2025-08-19 09:00:00','2025-10-15 18:38:02'),(895,21,'2025-08-20','今日は重要な会議があり、プロジェクトの進捗について詳細に議論しました。いくつかの課題が見つかり、対応方針を決定しました。引き続きフォローします。',NULL,'2025-08-20 09:00:00','2025-10-15 18:38:02'),(896,21,'2025-08-21','今日は重要な会議があり、プロジェクトの進捗について詳細に議論しました。いくつかの課題が見つかり、対応方針を決定しました。引き続きフォローします。',NULL,'2025-08-21 09:00:00','2025-10-15 18:38:02'),(897,21,'2025-08-22','今日は重要な会議があり、プロジェクトの進捗について詳細に議論しました。いくつかの課題が見つかり、対応方針を決定しました。引き続きフォローします。',NULL,'2025-08-22 09:00:00','2025-10-15 18:38:02'),(898,21,'2025-08-25','今日は重要な会議があり、プロジェクトの進捗について詳細に議論しました。いくつかの課題が見つかり、対応方針を決定しました。引き続きフォローします。',NULL,'2025-08-25 09:00:00','2025-10-15 18:38:02'),(899,21,'2025-08-26','今日は重要な会議があり、プロジェクトの進捗について詳細に議論しました。いくつかの課題が見つかり、対応方針を決定しました。引き続きフォローします。',NULL,'2025-08-26 09:00:00','2025-10-15 18:38:02'),(900,21,'2025-08-27','今日は重要な会議があり、プロジェクトの進捗について詳細に議論しました。いくつかの課題が見つかり、対応方針を決定しました。引き続きフォローします。',NULL,'2025-08-27 09:00:00','2025-10-15 18:38:02'),(901,21,'2025-08-28','今日は重要な会議があり、プロジェクトの進捗について詳細に議論しました。いくつかの課題が見つかり、対応方針を決定しました。引き続きフォローします。',NULL,'2025-08-28 09:00:00','2025-10-15 18:38:02'),(902,21,'2025-08-29','今日は重要な会議があり、プロジェクトの進捗について詳細に議論しました。いくつかの課題が見つかり、対応方針を決定しました。引き続きフォローします。',NULL,'2025-08-29 09:00:00','2025-10-15 18:38:02'),(903,21,'2025-09-01','今日は重要な会議があり、プロジェクトの進捗について詳細に議論しました。いくつかの課題が見つかり、対応方針を決定しました。引き続きフォローします。',NULL,'2025-09-01 09:00:00','2025-10-15 18:38:02'),(904,21,'2025-09-02','今日は重要な会議があり、プロジェクトの進捗について詳細に議論しました。いくつかの課題が見つかり、対応方針を決定しました。引き続きフォローします。',NULL,'2025-09-02 09:00:00','2025-10-15 18:38:02'),(905,21,'2025-09-03','今日は重要な会議があり、プロジェクトの進捗について詳細に議論しました。いくつかの課題が見つかり、対応方針を決定しました。引き続きフォローします。',NULL,'2025-09-03 09:00:00','2025-10-15 18:38:02'),(906,21,'2025-09-04','今日は重要な会議があり、プロジェクトの進捗について詳細に議論しました。いくつかの課題が見つかり、対応方針を決定しました。引き続きフォローします。',NULL,'2025-09-04 09:00:00','2025-10-15 18:38:02'),(907,21,'2025-09-05','今日は重要な会議があり、プロジェクトの進捗について詳細に議論しました。いくつかの課題が見つかり、対応方針を決定しました。引き続きフォローします。',NULL,'2025-09-05 09:00:00','2025-10-15 18:38:02'),(908,21,'2025-09-08','今日は重要な会議があり、プロジェクトの進捗について詳細に議論しました。いくつかの課題が見つかり、対応方針を決定しました。引き続きフォローします。',NULL,'2025-09-08 09:00:00','2025-10-15 18:38:02'),(909,21,'2025-09-09','今日は重要な会議があり、プロジェクトの進捗について詳細に議論しました。いくつかの課題が見つかり、対応方針を決定しました。引き続きフォローします。',NULL,'2025-09-09 09:00:00','2025-10-15 18:38:02'),(910,21,'2025-09-10','今日は重要な会議があり、プロジェクトの進捗について詳細に議論しました。いくつかの課題が見つかり、対応方針を決定しました。引き続きフォローします。',NULL,'2025-09-10 09:00:00','2025-10-15 18:38:02'),(911,21,'2025-09-11','今日は重要な会議があり、プロジェクトの進捗について詳細に議論しました。いくつかの課題が見つかり、対応方針を決定しました。引き続きフォローします。',NULL,'2025-09-11 09:00:00','2025-10-15 18:38:02'),(912,21,'2025-09-12','今日は重要な会議があり、プロジェクトの進捗について詳細に議論しました。いくつかの課題が見つかり、対応方針を決定しました。引き続きフォローします。',NULL,'2025-09-12 09:00:00','2025-10-15 18:38:02'),(913,21,'2025-09-15','今日は重要な会議があり、プロジェクトの進捗について詳細に議論しました。いくつかの課題が見つかり、対応方針を決定しました。引き続きフォローします。',NULL,'2025-09-15 09:00:00','2025-10-15 18:38:02'),(914,21,'2025-09-16','今日は重要な会議があり、プロジェクトの進捗について詳細に議論しました。いくつかの課題が見つかり、対応方針を決定しました。引き続きフォローします。',NULL,'2025-09-16 09:00:00','2025-10-15 18:38:02'),(915,21,'2025-09-17','今日は重要な会議があり、プロジェクトの進捗について詳細に議論しました。いくつかの課題が見つかり、対応方針を決定しました。引き続きフォローします。',NULL,'2025-09-17 09:00:00','2025-10-15 18:38:02'),(916,21,'2025-09-18','今日は重要な会議があり、プロジェクトの進捗について詳細に議論しました。いくつかの課題が見つかり、対応方針を決定しました。引き続きフォローします。',NULL,'2025-09-18 09:00:00','2025-10-15 18:38:02'),(917,21,'2025-09-19','今日は重要な会議があり、プロジェクトの進捗について詳細に議論しました。いくつかの課題が見つかり、対応方針を決定しました。引き続きフォローします。',NULL,'2025-09-19 09:00:00','2025-10-15 18:38:02'),(918,21,'2025-09-22','今日は重要な会議があり、プロジェクトの進捗について詳細に議論しました。いくつかの課題が見つかり、対応方針を決定しました。引き続きフォローします。',NULL,'2025-09-22 09:00:00','2025-10-15 18:38:02'),(919,21,'2025-09-23','今日は重要な会議があり、プロジェクトの進捗について詳細に議論しました。いくつかの課題が見つかり、対応方針を決定しました。引き続きフォローします。',NULL,'2025-09-23 09:00:00','2025-10-15 18:38:02'),(920,21,'2025-09-24','今日は重要な会議があり、プロジェクトの進捗について詳細に議論しました。いくつかの課題が見つかり、対応方針を決定しました。引き続きフォローします。',NULL,'2025-09-24 09:00:00','2025-10-15 18:38:02'),(921,21,'2025-09-25','今日は重要な会議があり、プロジェクトの進捗について詳細に議論しました。いくつかの課題が見つかり、対応方針を決定しました。引き続きフォローします。',NULL,'2025-09-25 09:00:00','2025-10-15 18:38:02'),(922,21,'2025-09-26','今日は重要な会議があり、プロジェクトの進捗について詳細に議論しました。いくつかの課題が見つかり、対応方針を決定しました。引き続きフォローします。',NULL,'2025-09-26 09:00:00','2025-10-15 18:38:02'),(923,21,'2025-09-29','今日は重要な会議があり、プロジェクトの進捗について詳細に議論しました。いくつかの課題が見つかり、対応方針を決定しました。引き続きフォローします。',NULL,'2025-09-29 09:00:00','2025-10-15 18:38:02'),(924,21,'2025-09-30','今日は重要な会議があり、プロジェクトの進捗について詳細に議論しました。いくつかの課題が見つかり、対応方針を決定しました。引き続きフォローします。','[1]','2025-09-30 09:00:00','2025-10-15 18:48:03'),(925,27,'2025-07-01','今日は重要な会議があり、プロジェクトの進捗について詳細に議論しました。いくつかの課題が見つかり、対応方針を決定しました。引き続きフォローします。',NULL,'2025-07-01 09:00:00','2025-10-15 18:38:02'),(926,27,'2025-07-02','今日は重要な会議があり、プロジェクトの進捗について詳細に議論しました。いくつかの課題が見つかり、対応方針を決定しました。引き続きフォローします。',NULL,'2025-07-02 09:00:00','2025-10-15 18:38:02'),(927,27,'2025-07-03','今日は重要な会議があり、プロジェクトの進捗について詳細に議論しました。いくつかの課題が見つかり、対応方針を決定しました。引き続きフォローします。',NULL,'2025-07-03 09:00:00','2025-10-15 18:38:02'),(928,27,'2025-07-04','今日は重要な会議があり、プロジェクトの進捗について詳細に議論しました。いくつかの課題が見つかり、対応方針を決定しました。引き続きフォローします。',NULL,'2025-07-04 09:00:00','2025-10-15 18:38:02'),(929,27,'2025-07-07','今日は重要な会議があり、プロジェクトの進捗について詳細に議論しました。いくつかの課題が見つかり、対応方針を決定しました。引き続きフォローします。',NULL,'2025-07-07 09:00:00','2025-10-15 18:38:02'),(930,27,'2025-07-08','今日は重要な会議があり、プロジェクトの進捗について詳細に議論しました。いくつかの課題が見つかり、対応方針を決定しました。引き続きフォローします。',NULL,'2025-07-08 09:00:00','2025-10-15 18:38:02'),(931,27,'2025-07-09','今日は重要な会議があり、プロジェクトの進捗について詳細に議論しました。いくつかの課題が見つかり、対応方針を決定しました。引き続きフォローします。',NULL,'2025-07-09 09:00:00','2025-10-15 18:38:02'),(932,27,'2025-07-10','今日は重要な会議があり、プロジェクトの進捗について詳細に議論しました。いくつかの課題が見つかり、対応方針を決定しました。引き続きフォローします。',NULL,'2025-07-10 09:00:00','2025-10-15 18:38:02'),(933,27,'2025-07-11','今日は重要な会議があり、プロジェクトの進捗について詳細に議論しました。いくつかの課題が見つかり、対応方針を決定しました。引き続きフォローします。',NULL,'2025-07-11 09:00:00','2025-10-15 18:38:02'),(934,27,'2025-07-14','今日は重要な会議があり、プロジェクトの進捗について詳細に議論しました。いくつかの課題が見つかり、対応方針を決定しました。引き続きフォローします。',NULL,'2025-07-14 09:00:00','2025-10-15 18:38:02'),(935,27,'2025-07-15','今日は重要な会議があり、プロジェクトの進捗について詳細に議論しました。いくつかの課題が見つかり、対応方針を決定しました。引き続きフォローします。',NULL,'2025-07-15 09:00:00','2025-10-15 18:38:02'),(936,27,'2025-07-16','今日は重要な会議があり、プロジェクトの進捗について詳細に議論しました。いくつかの課題が見つかり、対応方針を決定しました。引き続きフォローします。',NULL,'2025-07-16 09:00:00','2025-10-15 18:38:02'),(937,27,'2025-07-17','今日は重要な会議があり、プロジェクトの進捗について詳細に議論しました。いくつかの課題が見つかり、対応方針を決定しました。引き続きフォローします。',NULL,'2025-07-17 09:00:00','2025-10-15 18:38:02'),(938,27,'2025-07-18','今日は重要な会議があり、プロジェクトの進捗について詳細に議論しました。いくつかの課題が見つかり、対応方針を決定しました。引き続きフォローします。',NULL,'2025-07-18 09:00:00','2025-10-15 18:38:02'),(939,27,'2025-07-21','今日は重要な会議があり、プロジェクトの進捗について詳細に議論しました。いくつかの課題が見つかり、対応方針を決定しました。引き続きフォローします。',NULL,'2025-07-21 09:00:00','2025-10-15 18:38:02'),(940,27,'2025-07-22','今日は重要な会議があり、プロジェクトの進捗について詳細に議論しました。いくつかの課題が見つかり、対応方針を決定しました。引き続きフォローします。',NULL,'2025-07-22 09:00:00','2025-10-15 18:38:02'),(941,27,'2025-07-23','今日は重要な会議があり、プロジェクトの進捗について詳細に議論しました。いくつかの課題が見つかり、対応方針を決定しました。引き続きフォローします。',NULL,'2025-07-23 09:00:00','2025-10-15 18:38:02'),(942,27,'2025-07-24','今日は重要な会議があり、プロジェクトの進捗について詳細に議論しました。いくつかの課題が見つかり、対応方針を決定しました。引き続きフォローします。',NULL,'2025-07-24 09:00:00','2025-10-15 18:38:02'),(943,27,'2025-07-25','今日は重要な会議があり、プロジェクトの進捗について詳細に議論しました。いくつかの課題が見つかり、対応方針を決定しました。引き続きフォローします。',NULL,'2025-07-25 09:00:00','2025-10-15 18:38:02'),(944,27,'2025-07-28','今日は重要な会議があり、プロジェクトの進捗について詳細に議論しました。いくつかの課題が見つかり、対応方針を決定しました。引き続きフォローします。',NULL,'2025-07-28 09:00:00','2025-10-15 18:38:02'),(945,27,'2025-07-29','今日は重要な会議があり、プロジェクトの進捗について詳細に議論しました。いくつかの課題が見つかり、対応方針を決定しました。引き続きフォローします。',NULL,'2025-07-29 09:00:00','2025-10-15 18:38:02'),(946,27,'2025-07-30','今日は重要な会議があり、プロジェクトの進捗について詳細に議論しました。いくつかの課題が見つかり、対応方針を決定しました。引き続きフォローします。',NULL,'2025-07-30 09:00:00','2025-10-15 18:38:02'),(947,27,'2025-07-31','今日は重要な会議があり、プロジェクトの進捗について詳細に議論しました。いくつかの課題が見つかり、対応方針を決定しました。引き続きフォローします。',NULL,'2025-07-31 09:00:00','2025-10-15 18:38:02'),(948,27,'2025-08-01','今日は重要な会議があり、プロジェクトの進捗について詳細に議論しました。いくつかの課題が見つかり、対応方針を決定しました。引き続きフォローします。',NULL,'2025-08-01 09:00:00','2025-10-15 18:38:02'),(949,27,'2025-08-04','今日は重要な会議があり、プロジェクトの進捗について詳細に議論しました。いくつかの課題が見つかり、対応方針を決定しました。引き続きフォローします。',NULL,'2025-08-04 09:00:00','2025-10-15 18:38:02'),(950,27,'2025-08-05','今日は重要な会議があり、プロジェクトの進捗について詳細に議論しました。いくつかの課題が見つかり、対応方針を決定しました。引き続きフォローします。',NULL,'2025-08-05 09:00:00','2025-10-15 18:38:02'),(951,27,'2025-08-06','今日は重要な会議があり、プロジェクトの進捗について詳細に議論しました。いくつかの課題が見つかり、対応方針を決定しました。引き続きフォローします。',NULL,'2025-08-06 09:00:00','2025-10-15 18:38:02'),(952,27,'2025-08-07','今日は重要な会議があり、プロジェクトの進捗について詳細に議論しました。いくつかの課題が見つかり、対応方針を決定しました。引き続きフォローします。',NULL,'2025-08-07 09:00:00','2025-10-15 18:38:02'),(953,27,'2025-08-08','今日は重要な会議があり、プロジェクトの進捗について詳細に議論しました。いくつかの課題が見つかり、対応方針を決定しました。引き続きフォローします。',NULL,'2025-08-08 09:00:00','2025-10-15 18:38:02'),(954,27,'2025-08-11','今日は重要な会議があり、プロジェクトの進捗について詳細に議論しました。いくつかの課題が見つかり、対応方針を決定しました。引き続きフォローします。',NULL,'2025-08-11 09:00:00','2025-10-15 18:38:02'),(955,27,'2025-08-12','今日は重要な会議があり、プロジェクトの進捗について詳細に議論しました。いくつかの課題が見つかり、対応方針を決定しました。引き続きフォローします。',NULL,'2025-08-12 09:00:00','2025-10-15 18:38:02'),(956,27,'2025-08-13','今日は重要な会議があり、プロジェクトの進捗について詳細に議論しました。いくつかの課題が見つかり、対応方針を決定しました。引き続きフォローします。',NULL,'2025-08-13 09:00:00','2025-10-15 18:38:02'),(957,27,'2025-08-14','今日は重要な会議があり、プロジェクトの進捗について詳細に議論しました。いくつかの課題が見つかり、対応方針を決定しました。引き続きフォローします。',NULL,'2025-08-14 09:00:00','2025-10-15 18:38:02'),(958,27,'2025-08-15','今日は重要な会議があり、プロジェクトの進捗について詳細に議論しました。いくつかの課題が見つかり、対応方針を決定しました。引き続きフォローします。',NULL,'2025-08-15 09:00:00','2025-10-15 18:38:02'),(959,27,'2025-08-18','今日は重要な会議があり、プロジェクトの進捗について詳細に議論しました。いくつかの課題が見つかり、対応方針を決定しました。引き続きフォローします。',NULL,'2025-08-18 09:00:00','2025-10-15 18:38:02'),(960,27,'2025-08-19','今日は重要な会議があり、プロジェクトの進捗について詳細に議論しました。いくつかの課題が見つかり、対応方針を決定しました。引き続きフォローします。',NULL,'2025-08-19 09:00:00','2025-10-15 18:38:02'),(961,27,'2025-08-20','今日は重要な会議があり、プロジェクトの進捗について詳細に議論しました。いくつかの課題が見つかり、対応方針を決定しました。引き続きフォローします。',NULL,'2025-08-20 09:00:00','2025-10-15 18:38:02'),(962,27,'2025-08-21','今日は重要な会議があり、プロジェクトの進捗について詳細に議論しました。いくつかの課題が見つかり、対応方針を決定しました。引き続きフォローします。',NULL,'2025-08-21 09:00:00','2025-10-15 18:38:02'),(963,27,'2025-08-22','今日は重要な会議があり、プロジェクトの進捗について詳細に議論しました。いくつかの課題が見つかり、対応方針を決定しました。引き続きフォローします。',NULL,'2025-08-22 09:00:00','2025-10-15 18:38:02'),(964,27,'2025-08-25','今日は重要な会議があり、プロジェクトの進捗について詳細に議論しました。いくつかの課題が見つかり、対応方針を決定しました。引き続きフォローします。',NULL,'2025-08-25 09:00:00','2025-10-15 18:38:02'),(965,27,'2025-08-26','今日は重要な会議があり、プロジェクトの進捗について詳細に議論しました。いくつかの課題が見つかり、対応方針を決定しました。引き続きフォローします。',NULL,'2025-08-26 09:00:00','2025-10-15 18:38:02'),(966,27,'2025-08-27','今日は重要な会議があり、プロジェクトの進捗について詳細に議論しました。いくつかの課題が見つかり、対応方針を決定しました。引き続きフォローします。',NULL,'2025-08-27 09:00:00','2025-10-15 18:38:02'),(967,27,'2025-08-28','今日は重要な会議があり、プロジェクトの進捗について詳細に議論しました。いくつかの課題が見つかり、対応方針を決定しました。引き続きフォローします。',NULL,'2025-08-28 09:00:00','2025-10-15 18:38:02'),(968,27,'2025-08-29','今日は重要な会議があり、プロジェクトの進捗について詳細に議論しました。いくつかの課題が見つかり、対応方針を決定しました。引き続きフォローします。',NULL,'2025-08-29 09:00:00','2025-10-15 18:38:02'),(969,27,'2025-09-01','今日は重要な会議があり、プロジェクトの進捗について詳細に議論しました。いくつかの課題が見つかり、対応方針を決定しました。引き続きフォローします。',NULL,'2025-09-01 09:00:00','2025-10-15 18:38:02'),(970,27,'2025-09-02','今日は重要な会議があり、プロジェクトの進捗について詳細に議論しました。いくつかの課題が見つかり、対応方針を決定しました。引き続きフォローします。',NULL,'2025-09-02 09:00:00','2025-10-15 18:38:02'),(971,27,'2025-09-03','今日は重要な会議があり、プロジェクトの進捗について詳細に議論しました。いくつかの課題が見つかり、対応方針を決定しました。引き続きフォローします。',NULL,'2025-09-03 09:00:00','2025-10-15 18:38:02'),(972,27,'2025-09-04','今日は重要な会議があり、プロジェクトの進捗について詳細に議論しました。いくつかの課題が見つかり、対応方針を決定しました。引き続きフォローします。',NULL,'2025-09-04 09:00:00','2025-10-15 18:38:02'),(973,27,'2025-09-05','今日は重要な会議があり、プロジェクトの進捗について詳細に議論しました。いくつかの課題が見つかり、対応方針を決定しました。引き続きフォローします。',NULL,'2025-09-05 09:00:00','2025-10-15 18:38:02'),(974,27,'2025-09-08','今日は重要な会議があり、プロジェクトの進捗について詳細に議論しました。いくつかの課題が見つかり、対応方針を決定しました。引き続きフォローします。',NULL,'2025-09-08 09:00:00','2025-10-15 18:38:02'),(975,27,'2025-09-09','今日は重要な会議があり、プロジェクトの進捗について詳細に議論しました。いくつかの課題が見つかり、対応方針を決定しました。引き続きフォローします。',NULL,'2025-09-09 09:00:00','2025-10-15 18:38:02'),(976,27,'2025-09-10','今日は重要な会議があり、プロジェクトの進捗について詳細に議論しました。いくつかの課題が見つかり、対応方針を決定しました。引き続きフォローします。',NULL,'2025-09-10 09:00:00','2025-10-15 18:38:02'),(977,27,'2025-09-11','今日は重要な会議があり、プロジェクトの進捗について詳細に議論しました。いくつかの課題が見つかり、対応方針を決定しました。引き続きフォローします。',NULL,'2025-09-11 09:00:00','2025-10-15 18:38:02'),(978,27,'2025-09-12','今日は重要な会議があり、プロジェクトの進捗について詳細に議論しました。いくつかの課題が見つかり、対応方針を決定しました。引き続きフォローします。',NULL,'2025-09-12 09:00:00','2025-10-15 18:38:02'),(979,27,'2025-09-15','今日は重要な会議があり、プロジェクトの進捗について詳細に議論しました。いくつかの課題が見つかり、対応方針を決定しました。引き続きフォローします。',NULL,'2025-09-15 09:00:00','2025-10-15 18:38:02'),(980,27,'2025-09-16','今日は重要な会議があり、プロジェクトの進捗について詳細に議論しました。いくつかの課題が見つかり、対応方針を決定しました。引き続きフォローします。',NULL,'2025-09-16 09:00:00','2025-10-15 18:38:02'),(981,27,'2025-09-17','今日は重要な会議があり、プロジェクトの進捗について詳細に議論しました。いくつかの課題が見つかり、対応方針を決定しました。引き続きフォローします。',NULL,'2025-09-17 09:00:00','2025-10-15 18:38:02'),(982,27,'2025-09-18','今日は重要な会議があり、プロジェクトの進捗について詳細に議論しました。いくつかの課題が見つかり、対応方針を決定しました。引き続きフォローします。',NULL,'2025-09-18 09:00:00','2025-10-15 18:38:02'),(983,27,'2025-09-19','今日は重要な会議があり、プロジェクトの進捗について詳細に議論しました。いくつかの課題が見つかり、対応方針を決定しました。引き続きフォローします。',NULL,'2025-09-19 09:00:00','2025-10-15 18:38:02'),(984,27,'2025-09-22','今日は重要な会議があり、プロジェクトの進捗について詳細に議論しました。いくつかの課題が見つかり、対応方針を決定しました。引き続きフォローします。',NULL,'2025-09-22 09:00:00','2025-10-15 18:38:02'),(985,27,'2025-09-23','今日は重要な会議があり、プロジェクトの進捗について詳細に議論しました。いくつかの課題が見つかり、対応方針を決定しました。引き続きフォローします。',NULL,'2025-09-23 09:00:00','2025-10-15 18:38:02'),(986,27,'2025-09-24','今日は重要な会議があり、プロジェクトの進捗について詳細に議論しました。いくつかの課題が見つかり、対応方針を決定しました。引き続きフォローします。',NULL,'2025-09-24 09:00:00','2025-10-15 18:38:02'),(987,27,'2025-09-25','今日は重要な会議があり、プロジェクトの進捗について詳細に議論しました。いくつかの課題が見つかり、対応方針を決定しました。引き続きフォローします。',NULL,'2025-09-25 09:00:00','2025-10-15 18:38:02'),(988,27,'2025-09-26','今日は重要な会議があり、プロジェクトの進捗について詳細に議論しました。いくつかの課題が見つかり、対応方針を決定しました。引き続きフォローします。',NULL,'2025-09-26 09:00:00','2025-10-15 18:38:02'),(989,27,'2025-09-29','今日は重要な会議があり、プロジェクトの進捗について詳細に議論しました。いくつかの課題が見つかり、対応方針を決定しました。引き続きフォローします。',NULL,'2025-09-29 09:00:00','2025-10-15 18:38:02'),(990,27,'2025-09-30','今日は重要な会議があり、プロジェクトの進捗について詳細に議論しました。いくつかの課題が見つかり、対応方針を決定しました。引き続きフォローします。','[1]','2025-09-30 09:00:00','2025-10-15 18:48:03'),(991,31,'2025-07-01','今日は重要な会議があり、プロジェクトの進捗について詳細に議論しました。いくつかの課題が見つかり、対応方針を決定しました。引き続きフォローします。',NULL,'2025-07-01 09:00:00','2025-10-15 18:38:02'),(992,31,'2025-07-02','今日は重要な会議があり、プロジェクトの進捗について詳細に議論しました。いくつかの課題が見つかり、対応方針を決定しました。引き続きフォローします。',NULL,'2025-07-02 09:00:00','2025-10-15 18:38:02'),(993,31,'2025-07-03','今日は重要な会議があり、プロジェクトの進捗について詳細に議論しました。いくつかの課題が見つかり、対応方針を決定しました。引き続きフォローします。',NULL,'2025-07-03 09:00:00','2025-10-15 18:38:02'),(994,31,'2025-07-04','今日は重要な会議があり、プロジェクトの進捗について詳細に議論しました。いくつかの課題が見つかり、対応方針を決定しました。引き続きフォローします。',NULL,'2025-07-04 09:00:00','2025-10-15 18:38:02'),(995,31,'2025-07-07','今日は重要な会議があり、プロジェクトの進捗について詳細に議論しました。いくつかの課題が見つかり、対応方針を決定しました。引き続きフォローします。',NULL,'2025-07-07 09:00:00','2025-10-15 18:38:02'),(996,31,'2025-07-08','今日は重要な会議があり、プロジェクトの進捗について詳細に議論しました。いくつかの課題が見つかり、対応方針を決定しました。引き続きフォローします。',NULL,'2025-07-08 09:00:00','2025-10-15 18:38:02'),(997,31,'2025-07-09','今日は重要な会議があり、プロジェクトの進捗について詳細に議論しました。いくつかの課題が見つかり、対応方針を決定しました。引き続きフォローします。',NULL,'2025-07-09 09:00:00','2025-10-15 18:38:02'),(998,31,'2025-07-10','今日は重要な会議があり、プロジェクトの進捗について詳細に議論しました。いくつかの課題が見つかり、対応方針を決定しました。引き続きフォローします。',NULL,'2025-07-10 09:00:00','2025-10-15 18:38:02'),(999,31,'2025-07-11','今日は重要な会議があり、プロジェクトの進捗について詳細に議論しました。いくつかの課題が見つかり、対応方針を決定しました。引き続きフォローします。',NULL,'2025-07-11 09:00:00','2025-10-15 18:38:02'),(1000,31,'2025-07-14','今日は重要な会議があり、プロジェクトの進捗について詳細に議論しました。いくつかの課題が見つかり、対応方針を決定しました。引き続きフォローします。',NULL,'2025-07-14 09:00:00','2025-10-15 18:38:02'),(1001,31,'2025-07-15','今日は重要な会議があり、プロジェクトの進捗について詳細に議論しました。いくつかの課題が見つかり、対応方針を決定しました。引き続きフォローします。',NULL,'2025-07-15 09:00:00','2025-10-15 18:38:02'),(1002,31,'2025-07-16','今日は重要な会議があり、プロジェクトの進捗について詳細に議論しました。いくつかの課題が見つかり、対応方針を決定しました。引き続きフォローします。',NULL,'2025-07-16 09:00:00','2025-10-15 18:38:02'),(1003,31,'2025-07-17','今日は重要な会議があり、プロジェクトの進捗について詳細に議論しました。いくつかの課題が見つかり、対応方針を決定しました。引き続きフォローします。',NULL,'2025-07-17 09:00:00','2025-10-15 18:38:02'),(1004,31,'2025-07-18','今日は重要な会議があり、プロジェクトの進捗について詳細に議論しました。いくつかの課題が見つかり、対応方針を決定しました。引き続きフォローします。',NULL,'2025-07-18 09:00:00','2025-10-15 18:38:02'),(1005,31,'2025-07-21','今日は重要な会議があり、プロジェクトの進捗について詳細に議論しました。いくつかの課題が見つかり、対応方針を決定しました。引き続きフォローします。',NULL,'2025-07-21 09:00:00','2025-10-15 18:38:02'),(1006,31,'2025-07-22','今日は重要な会議があり、プロジェクトの進捗について詳細に議論しました。いくつかの課題が見つかり、対応方針を決定しました。引き続きフォローします。',NULL,'2025-07-22 09:00:00','2025-10-15 18:38:02'),(1007,31,'2025-07-23','今日は重要な会議があり、プロジェクトの進捗について詳細に議論しました。いくつかの課題が見つかり、対応方針を決定しました。引き続きフォローします。',NULL,'2025-07-23 09:00:00','2025-10-15 18:38:02'),(1008,31,'2025-07-24','今日は重要な会議があり、プロジェクトの進捗について詳細に議論しました。いくつかの課題が見つかり、対応方針を決定しました。引き続きフォローします。',NULL,'2025-07-24 09:00:00','2025-10-15 18:38:02'),(1009,31,'2025-07-25','今日は重要な会議があり、プロジェクトの進捗について詳細に議論しました。いくつかの課題が見つかり、対応方針を決定しました。引き続きフォローします。',NULL,'2025-07-25 09:00:00','2025-10-15 18:38:02'),(1010,31,'2025-07-28','今日は重要な会議があり、プロジェクトの進捗について詳細に議論しました。いくつかの課題が見つかり、対応方針を決定しました。引き続きフォローします。',NULL,'2025-07-28 09:00:00','2025-10-15 18:38:02'),(1011,31,'2025-07-29','今日は重要な会議があり、プロジェクトの進捗について詳細に議論しました。いくつかの課題が見つかり、対応方針を決定しました。引き続きフォローします。',NULL,'2025-07-29 09:00:00','2025-10-15 18:38:02'),(1012,31,'2025-07-30','今日は重要な会議があり、プロジェクトの進捗について詳細に議論しました。いくつかの課題が見つかり、対応方針を決定しました。引き続きフォローします。',NULL,'2025-07-30 09:00:00','2025-10-15 18:38:02'),(1013,31,'2025-07-31','今日は重要な会議があり、プロジェクトの進捗について詳細に議論しました。いくつかの課題が見つかり、対応方針を決定しました。引き続きフォローします。',NULL,'2025-07-31 09:00:00','2025-10-15 18:38:02'),(1014,31,'2025-08-01','今日は重要な会議があり、プロジェクトの進捗について詳細に議論しました。いくつかの課題が見つかり、対応方針を決定しました。引き続きフォローします。',NULL,'2025-08-01 09:00:00','2025-10-15 18:38:02'),(1015,31,'2025-08-04','今日は重要な会議があり、プロジェクトの進捗について詳細に議論しました。いくつかの課題が見つかり、対応方針を決定しました。引き続きフォローします。',NULL,'2025-08-04 09:00:00','2025-10-15 18:38:02'),(1016,31,'2025-08-05','今日は重要な会議があり、プロジェクトの進捗について詳細に議論しました。いくつかの課題が見つかり、対応方針を決定しました。引き続きフォローします。',NULL,'2025-08-05 09:00:00','2025-10-15 18:38:02'),(1017,31,'2025-08-06','今日は重要な会議があり、プロジェクトの進捗について詳細に議論しました。いくつかの課題が見つかり、対応方針を決定しました。引き続きフォローします。',NULL,'2025-08-06 09:00:00','2025-10-15 18:38:02'),(1018,31,'2025-08-07','今日は重要な会議があり、プロジェクトの進捗について詳細に議論しました。いくつかの課題が見つかり、対応方針を決定しました。引き続きフォローします。',NULL,'2025-08-07 09:00:00','2025-10-15 18:38:02'),(1019,31,'2025-08-08','今日は重要な会議があり、プロジェクトの進捗について詳細に議論しました。いくつかの課題が見つかり、対応方針を決定しました。引き続きフォローします。',NULL,'2025-08-08 09:00:00','2025-10-15 18:38:02'),(1020,31,'2025-08-11','今日は重要な会議があり、プロジェクトの進捗について詳細に議論しました。いくつかの課題が見つかり、対応方針を決定しました。引き続きフォローします。',NULL,'2025-08-11 09:00:00','2025-10-15 18:38:02'),(1021,31,'2025-08-12','今日は重要な会議があり、プロジェクトの進捗について詳細に議論しました。いくつかの課題が見つかり、対応方針を決定しました。引き続きフォローします。',NULL,'2025-08-12 09:00:00','2025-10-15 18:38:02'),(1022,31,'2025-08-13','今日は重要な会議があり、プロジェクトの進捗について詳細に議論しました。いくつかの課題が見つかり、対応方針を決定しました。引き続きフォローします。',NULL,'2025-08-13 09:00:00','2025-10-15 18:38:02'),(1023,31,'2025-08-14','今日は重要な会議があり、プロジェクトの進捗について詳細に議論しました。いくつかの課題が見つかり、対応方針を決定しました。引き続きフォローします。',NULL,'2025-08-14 09:00:00','2025-10-15 18:38:02'),(1024,31,'2025-08-15','今日は重要な会議があり、プロジェクトの進捗について詳細に議論しました。いくつかの課題が見つかり、対応方針を決定しました。引き続きフォローします。',NULL,'2025-08-15 09:00:00','2025-10-15 18:38:02'),(1025,31,'2025-08-18','今日は重要な会議があり、プロジェクトの進捗について詳細に議論しました。いくつかの課題が見つかり、対応方針を決定しました。引き続きフォローします。',NULL,'2025-08-18 09:00:00','2025-10-15 18:38:02'),(1026,31,'2025-08-19','今日は重要な会議があり、プロジェクトの進捗について詳細に議論しました。いくつかの課題が見つかり、対応方針を決定しました。引き続きフォローします。',NULL,'2025-08-19 09:00:00','2025-10-15 18:38:02'),(1027,31,'2025-08-20','今日は重要な会議があり、プロジェクトの進捗について詳細に議論しました。いくつかの課題が見つかり、対応方針を決定しました。引き続きフォローします。',NULL,'2025-08-20 09:00:00','2025-10-15 18:38:02'),(1028,31,'2025-08-21','今日は重要な会議があり、プロジェクトの進捗について詳細に議論しました。いくつかの課題が見つかり、対応方針を決定しました。引き続きフォローします。',NULL,'2025-08-21 09:00:00','2025-10-15 18:38:02'),(1029,31,'2025-08-22','今日は重要な会議があり、プロジェクトの進捗について詳細に議論しました。いくつかの課題が見つかり、対応方針を決定しました。引き続きフォローします。',NULL,'2025-08-22 09:00:00','2025-10-15 18:38:02'),(1030,31,'2025-08-25','今日は重要な会議があり、プロジェクトの進捗について詳細に議論しました。いくつかの課題が見つかり、対応方針を決定しました。引き続きフォローします。',NULL,'2025-08-25 09:00:00','2025-10-15 18:38:02'),(1031,31,'2025-08-26','今日は重要な会議があり、プロジェクトの進捗について詳細に議論しました。いくつかの課題が見つかり、対応方針を決定しました。引き続きフォローします。',NULL,'2025-08-26 09:00:00','2025-10-15 18:38:02'),(1032,31,'2025-08-27','今日は重要な会議があり、プロジェクトの進捗について詳細に議論しました。いくつかの課題が見つかり、対応方針を決定しました。引き続きフォローします。',NULL,'2025-08-27 09:00:00','2025-10-15 18:38:02'),(1033,31,'2025-08-28','今日は重要な会議があり、プロジェクトの進捗について詳細に議論しました。いくつかの課題が見つかり、対応方針を決定しました。引き続きフォローします。',NULL,'2025-08-28 09:00:00','2025-10-15 18:38:02'),(1034,31,'2025-08-29','今日は重要な会議があり、プロジェクトの進捗について詳細に議論しました。いくつかの課題が見つかり、対応方針を決定しました。引き続きフォローします。',NULL,'2025-08-29 09:00:00','2025-10-15 18:38:02'),(1035,31,'2025-09-01','今日は重要な会議があり、プロジェクトの進捗について詳細に議論しました。いくつかの課題が見つかり、対応方針を決定しました。引き続きフォローします。',NULL,'2025-09-01 09:00:00','2025-10-15 18:38:02'),(1036,31,'2025-09-02','今日は重要な会議があり、プロジェクトの進捗について詳細に議論しました。いくつかの課題が見つかり、対応方針を決定しました。引き続きフォローします。',NULL,'2025-09-02 09:00:00','2025-10-15 18:38:02'),(1037,31,'2025-09-03','今日は重要な会議があり、プロジェクトの進捗について詳細に議論しました。いくつかの課題が見つかり、対応方針を決定しました。引き続きフォローします。',NULL,'2025-09-03 09:00:00','2025-10-15 18:38:02'),(1038,31,'2025-09-04','今日は重要な会議があり、プロジェクトの進捗について詳細に議論しました。いくつかの課題が見つかり、対応方針を決定しました。引き続きフォローします。',NULL,'2025-09-04 09:00:00','2025-10-15 18:38:02'),(1039,31,'2025-09-05','今日は重要な会議があり、プロジェクトの進捗について詳細に議論しました。いくつかの課題が見つかり、対応方針を決定しました。引き続きフォローします。',NULL,'2025-09-05 09:00:00','2025-10-15 18:38:02'),(1040,31,'2025-09-08','今日は重要な会議があり、プロジェクトの進捗について詳細に議論しました。いくつかの課題が見つかり、対応方針を決定しました。引き続きフォローします。',NULL,'2025-09-08 09:00:00','2025-10-15 18:38:02'),(1041,31,'2025-09-09','今日は重要な会議があり、プロジェクトの進捗について詳細に議論しました。いくつかの課題が見つかり、対応方針を決定しました。引き続きフォローします。',NULL,'2025-09-09 09:00:00','2025-10-15 18:38:02'),(1042,31,'2025-09-10','今日は重要な会議があり、プロジェクトの進捗について詳細に議論しました。いくつかの課題が見つかり、対応方針を決定しました。引き続きフォローします。',NULL,'2025-09-10 09:00:00','2025-10-15 18:38:02'),(1043,31,'2025-09-11','今日は重要な会議があり、プロジェクトの進捗について詳細に議論しました。いくつかの課題が見つかり、対応方針を決定しました。引き続きフォローします。',NULL,'2025-09-11 09:00:00','2025-10-15 18:38:02'),(1044,31,'2025-09-12','今日は重要な会議があり、プロジェクトの進捗について詳細に議論しました。いくつかの課題が見つかり、対応方針を決定しました。引き続きフォローします。',NULL,'2025-09-12 09:00:00','2025-10-15 18:38:02'),(1045,31,'2025-09-15','今日は重要な会議があり、プロジェクトの進捗について詳細に議論しました。いくつかの課題が見つかり、対応方針を決定しました。引き続きフォローします。',NULL,'2025-09-15 09:00:00','2025-10-15 18:38:02'),(1046,31,'2025-09-16','今日は重要な会議があり、プロジェクトの進捗について詳細に議論しました。いくつかの課題が見つかり、対応方針を決定しました。引き続きフォローします。',NULL,'2025-09-16 09:00:00','2025-10-15 18:38:02'),(1047,31,'2025-09-17','今日は重要な会議があり、プロジェクトの進捗について詳細に議論しました。いくつかの課題が見つかり、対応方針を決定しました。引き続きフォローします。',NULL,'2025-09-17 09:00:00','2025-10-15 18:38:02'),(1048,31,'2025-09-18','今日は重要な会議があり、プロジェクトの進捗について詳細に議論しました。いくつかの課題が見つかり、対応方針を決定しました。引き続きフォローします。',NULL,'2025-09-18 09:00:00','2025-10-15 18:38:02'),(1049,31,'2025-09-19','今日は重要な会議があり、プロジェクトの進捗について詳細に議論しました。いくつかの課題が見つかり、対応方針を決定しました。引き続きフォローします。',NULL,'2025-09-19 09:00:00','2025-10-15 18:38:02'),(1050,31,'2025-09-22','今日は重要な会議があり、プロジェクトの進捗について詳細に議論しました。いくつかの課題が見つかり、対応方針を決定しました。引き続きフォローします。',NULL,'2025-09-22 09:00:00','2025-10-15 18:38:02'),(1051,31,'2025-09-23','今日は重要な会議があり、プロジェクトの進捗について詳細に議論しました。いくつかの課題が見つかり、対応方針を決定しました。引き続きフォローします。',NULL,'2025-09-23 09:00:00','2025-10-15 18:38:02'),(1052,31,'2025-09-24','今日は重要な会議があり、プロジェクトの進捗について詳細に議論しました。いくつかの課題が見つかり、対応方針を決定しました。引き続きフォローします。',NULL,'2025-09-24 09:00:00','2025-10-15 18:38:02'),(1053,31,'2025-09-25','今日は重要な会議があり、プロジェクトの進捗について詳細に議論しました。いくつかの課題が見つかり、対応方針を決定しました。引き続きフォローします。',NULL,'2025-09-25 09:00:00','2025-10-15 18:38:02'),(1054,31,'2025-09-26','今日は重要な会議があり、プロジェクトの進捗について詳細に議論しました。いくつかの課題が見つかり、対応方針を決定しました。引き続きフォローします。',NULL,'2025-09-26 09:00:00','2025-10-15 18:38:02'),(1055,31,'2025-09-29','今日は重要な会議があり、プロジェクトの進捗について詳細に議論しました。いくつかの課題が見つかり、対応方針を決定しました。引き続きフォローします。',NULL,'2025-09-29 09:00:00','2025-10-15 18:38:02'),(1056,31,'2025-09-30','今日は重要な会議があり、プロジェクトの進捗について詳細に議論しました。いくつかの課題が見つかり、対応方針を決定しました。引き続きフォローします。','[1]','2025-09-30 09:00:00','2025-10-15 18:48:03'),(1057,24,'2025-07-01','今日は重要な会議があり、プロジェクトの進捗について詳細に議論しました。いくつかの課題が見つかり、対応方針を決定しました。引き続きフォローします。',NULL,'2025-07-01 09:00:00','2025-10-15 18:38:02'),(1058,24,'2025-07-02','今日は重要な会議があり、プロジェクトの進捗について詳細に議論しました。いくつかの課題が見つかり、対応方針を決定しました。引き続きフォローします。',NULL,'2025-07-02 09:00:00','2025-10-15 18:38:02'),(1059,24,'2025-07-03','今日は重要な会議があり、プロジェクトの進捗について詳細に議論しました。いくつかの課題が見つかり、対応方針を決定しました。引き続きフォローします。',NULL,'2025-07-03 09:00:00','2025-10-15 18:38:02'),(1060,24,'2025-07-04','今日は重要な会議があり、プロジェクトの進捗について詳細に議論しました。いくつかの課題が見つかり、対応方針を決定しました。引き続きフォローします。',NULL,'2025-07-04 09:00:00','2025-10-15 18:38:02'),(1061,24,'2025-07-07','今日は重要な会議があり、プロジェクトの進捗について詳細に議論しました。いくつかの課題が見つかり、対応方針を決定しました。引き続きフォローします。',NULL,'2025-07-07 09:00:00','2025-10-15 18:38:02'),(1062,24,'2025-07-08','今日は重要な会議があり、プロジェクトの進捗について詳細に議論しました。いくつかの課題が見つかり、対応方針を決定しました。引き続きフォローします。',NULL,'2025-07-08 09:00:00','2025-10-15 18:38:02'),(1063,24,'2025-07-09','今日は重要な会議があり、プロジェクトの進捗について詳細に議論しました。いくつかの課題が見つかり、対応方針を決定しました。引き続きフォローします。',NULL,'2025-07-09 09:00:00','2025-10-15 18:38:02'),(1064,24,'2025-07-10','今日は重要な会議があり、プロジェクトの進捗について詳細に議論しました。いくつかの課題が見つかり、対応方針を決定しました。引き続きフォローします。',NULL,'2025-07-10 09:00:00','2025-10-15 18:38:02'),(1065,24,'2025-07-11','今日は重要な会議があり、プロジェクトの進捗について詳細に議論しました。いくつかの課題が見つかり、対応方針を決定しました。引き続きフォローします。',NULL,'2025-07-11 09:00:00','2025-10-15 18:38:02'),(1066,24,'2025-07-14','今日は重要な会議があり、プロジェクトの進捗について詳細に議論しました。いくつかの課題が見つかり、対応方針を決定しました。引き続きフォローします。',NULL,'2025-07-14 09:00:00','2025-10-15 18:38:02'),(1067,24,'2025-07-15','今日は重要な会議があり、プロジェクトの進捗について詳細に議論しました。いくつかの課題が見つかり、対応方針を決定しました。引き続きフォローします。',NULL,'2025-07-15 09:00:00','2025-10-15 18:38:02'),(1068,24,'2025-07-16','今日は重要な会議があり、プロジェクトの進捗について詳細に議論しました。いくつかの課題が見つかり、対応方針を決定しました。引き続きフォローします。',NULL,'2025-07-16 09:00:00','2025-10-15 18:38:02'),(1069,24,'2025-07-17','今日は重要な会議があり、プロジェクトの進捗について詳細に議論しました。いくつかの課題が見つかり、対応方針を決定しました。引き続きフォローします。',NULL,'2025-07-17 09:00:00','2025-10-15 18:38:02'),(1070,24,'2025-07-18','今日は重要な会議があり、プロジェクトの進捗について詳細に議論しました。いくつかの課題が見つかり、対応方針を決定しました。引き続きフォローします。',NULL,'2025-07-18 09:00:00','2025-10-15 18:38:02'),(1071,24,'2025-07-21','今日は重要な会議があり、プロジェクトの進捗について詳細に議論しました。いくつかの課題が見つかり、対応方針を決定しました。引き続きフォローします。',NULL,'2025-07-21 09:00:00','2025-10-15 18:38:02'),(1072,24,'2025-07-22','今日は重要な会議があり、プロジェクトの進捗について詳細に議論しました。いくつかの課題が見つかり、対応方針を決定しました。引き続きフォローします。',NULL,'2025-07-22 09:00:00','2025-10-15 18:38:02'),(1073,24,'2025-07-23','今日は重要な会議があり、プロジェクトの進捗について詳細に議論しました。いくつかの課題が見つかり、対応方針を決定しました。引き続きフォローします。',NULL,'2025-07-23 09:00:00','2025-10-15 18:38:02'),(1074,24,'2025-07-24','今日は重要な会議があり、プロジェクトの進捗について詳細に議論しました。いくつかの課題が見つかり、対応方針を決定しました。引き続きフォローします。',NULL,'2025-07-24 09:00:00','2025-10-15 18:38:02'),(1075,24,'2025-07-25','今日は重要な会議があり、プロジェクトの進捗について詳細に議論しました。いくつかの課題が見つかり、対応方針を決定しました。引き続きフォローします。',NULL,'2025-07-25 09:00:00','2025-10-15 18:38:02'),(1076,24,'2025-07-28','今日は重要な会議があり、プロジェクトの進捗について詳細に議論しました。いくつかの課題が見つかり、対応方針を決定しました。引き続きフォローします。',NULL,'2025-07-28 09:00:00','2025-10-15 18:38:02'),(1077,24,'2025-07-29','今日は重要な会議があり、プロジェクトの進捗について詳細に議論しました。いくつかの課題が見つかり、対応方針を決定しました。引き続きフォローします。',NULL,'2025-07-29 09:00:00','2025-10-15 18:38:02'),(1078,24,'2025-07-30','今日は重要な会議があり、プロジェクトの進捗について詳細に議論しました。いくつかの課題が見つかり、対応方針を決定しました。引き続きフォローします。',NULL,'2025-07-30 09:00:00','2025-10-15 18:38:02'),(1079,24,'2025-07-31','今日は重要な会議があり、プロジェクトの進捗について詳細に議論しました。いくつかの課題が見つかり、対応方針を決定しました。引き続きフォローします。',NULL,'2025-07-31 09:00:00','2025-10-15 18:38:02'),(1080,24,'2025-08-01','今日は重要な会議があり、プロジェクトの進捗について詳細に議論しました。いくつかの課題が見つかり、対応方針を決定しました。引き続きフォローします。',NULL,'2025-08-01 09:00:00','2025-10-15 18:38:02'),(1081,24,'2025-08-04','今日は重要な会議があり、プロジェクトの進捗について詳細に議論しました。いくつかの課題が見つかり、対応方針を決定しました。引き続きフォローします。',NULL,'2025-08-04 09:00:00','2025-10-15 18:38:02'),(1082,24,'2025-08-05','今日は重要な会議があり、プロジェクトの進捗について詳細に議論しました。いくつかの課題が見つかり、対応方針を決定しました。引き続きフォローします。',NULL,'2025-08-05 09:00:00','2025-10-15 18:38:02'),(1083,24,'2025-08-06','今日は重要な会議があり、プロジェクトの進捗について詳細に議論しました。いくつかの課題が見つかり、対応方針を決定しました。引き続きフォローします。',NULL,'2025-08-06 09:00:00','2025-10-15 18:38:02'),(1084,24,'2025-08-07','今日は重要な会議があり、プロジェクトの進捗について詳細に議論しました。いくつかの課題が見つかり、対応方針を決定しました。引き続きフォローします。',NULL,'2025-08-07 09:00:00','2025-10-15 18:38:02'),(1085,24,'2025-08-08','今日は重要な会議があり、プロジェクトの進捗について詳細に議論しました。いくつかの課題が見つかり、対応方針を決定しました。引き続きフォローします。',NULL,'2025-08-08 09:00:00','2025-10-15 18:38:02'),(1086,24,'2025-08-11','今日は重要な会議があり、プロジェクトの進捗について詳細に議論しました。いくつかの課題が見つかり、対応方針を決定しました。引き続きフォローします。',NULL,'2025-08-11 09:00:00','2025-10-15 18:38:02'),(1087,24,'2025-08-12','今日は重要な会議があり、プロジェクトの進捗について詳細に議論しました。いくつかの課題が見つかり、対応方針を決定しました。引き続きフォローします。',NULL,'2025-08-12 09:00:00','2025-10-15 18:38:02'),(1088,24,'2025-08-13','今日は重要な会議があり、プロジェクトの進捗について詳細に議論しました。いくつかの課題が見つかり、対応方針を決定しました。引き続きフォローします。',NULL,'2025-08-13 09:00:00','2025-10-15 18:38:02'),(1089,24,'2025-08-14','今日は重要な会議があり、プロジェクトの進捗について詳細に議論しました。いくつかの課題が見つかり、対応方針を決定しました。引き続きフォローします。',NULL,'2025-08-14 09:00:00','2025-10-15 18:38:02'),(1090,24,'2025-08-15','今日は重要な会議があり、プロジェクトの進捗について詳細に議論しました。いくつかの課題が見つかり、対応方針を決定しました。引き続きフォローします。',NULL,'2025-08-15 09:00:00','2025-10-15 18:38:02'),(1091,24,'2025-08-18','今日は重要な会議があり、プロジェクトの進捗について詳細に議論しました。いくつかの課題が見つかり、対応方針を決定しました。引き続きフォローします。',NULL,'2025-08-18 09:00:00','2025-10-15 18:38:02'),(1092,24,'2025-08-19','今日は重要な会議があり、プロジェクトの進捗について詳細に議論しました。いくつかの課題が見つかり、対応方針を決定しました。引き続きフォローします。',NULL,'2025-08-19 09:00:00','2025-10-15 18:38:02'),(1093,24,'2025-08-20','今日は重要な会議があり、プロジェクトの進捗について詳細に議論しました。いくつかの課題が見つかり、対応方針を決定しました。引き続きフォローします。',NULL,'2025-08-20 09:00:00','2025-10-15 18:38:02'),(1094,24,'2025-08-21','今日は重要な会議があり、プロジェクトの進捗について詳細に議論しました。いくつかの課題が見つかり、対応方針を決定しました。引き続きフォローします。',NULL,'2025-08-21 09:00:00','2025-10-15 18:38:02'),(1095,24,'2025-08-22','今日は重要な会議があり、プロジェクトの進捗について詳細に議論しました。いくつかの課題が見つかり、対応方針を決定しました。引き続きフォローします。',NULL,'2025-08-22 09:00:00','2025-10-15 18:38:02'),(1096,24,'2025-08-25','今日は重要な会議があり、プロジェクトの進捗について詳細に議論しました。いくつかの課題が見つかり、対応方針を決定しました。引き続きフォローします。',NULL,'2025-08-25 09:00:00','2025-10-15 18:38:02'),(1097,24,'2025-08-26','今日は重要な会議があり、プロジェクトの進捗について詳細に議論しました。いくつかの課題が見つかり、対応方針を決定しました。引き続きフォローします。',NULL,'2025-08-26 09:00:00','2025-10-15 18:38:02'),(1098,24,'2025-08-27','今日は重要な会議があり、プロジェクトの進捗について詳細に議論しました。いくつかの課題が見つかり、対応方針を決定しました。引き続きフォローします。',NULL,'2025-08-27 09:00:00','2025-10-15 18:38:02'),(1099,24,'2025-08-28','今日は重要な会議があり、プロジェクトの進捗について詳細に議論しました。いくつかの課題が見つかり、対応方針を決定しました。引き続きフォローします。',NULL,'2025-08-28 09:00:00','2025-10-15 18:38:02'),(1100,24,'2025-08-29','今日は重要な会議があり、プロジェクトの進捗について詳細に議論しました。いくつかの課題が見つかり、対応方針を決定しました。引き続きフォローします。',NULL,'2025-08-29 09:00:00','2025-10-15 18:38:02'),(1101,24,'2025-09-01','今日は重要な会議があり、プロジェクトの進捗について詳細に議論しました。いくつかの課題が見つかり、対応方針を決定しました。引き続きフォローします。',NULL,'2025-09-01 09:00:00','2025-10-15 18:38:02'),(1102,24,'2025-09-02','今日は重要な会議があり、プロジェクトの進捗について詳細に議論しました。いくつかの課題が見つかり、対応方針を決定しました。引き続きフォローします。',NULL,'2025-09-02 09:00:00','2025-10-15 18:38:02'),(1103,24,'2025-09-03','今日は重要な会議があり、プロジェクトの進捗について詳細に議論しました。いくつかの課題が見つかり、対応方針を決定しました。引き続きフォローします。',NULL,'2025-09-03 09:00:00','2025-10-15 18:38:02'),(1104,24,'2025-09-04','今日は重要な会議があり、プロジェクトの進捗について詳細に議論しました。いくつかの課題が見つかり、対応方針を決定しました。引き続きフォローします。',NULL,'2025-09-04 09:00:00','2025-10-15 18:38:02'),(1105,24,'2025-09-05','今日は重要な会議があり、プロジェクトの進捗について詳細に議論しました。いくつかの課題が見つかり、対応方針を決定しました。引き続きフォローします。',NULL,'2025-09-05 09:00:00','2025-10-15 18:38:02'),(1106,24,'2025-09-08','今日は重要な会議があり、プロジェクトの進捗について詳細に議論しました。いくつかの課題が見つかり、対応方針を決定しました。引き続きフォローします。',NULL,'2025-09-08 09:00:00','2025-10-15 18:38:02'),(1107,24,'2025-09-09','今日は重要な会議があり、プロジェクトの進捗について詳細に議論しました。いくつかの課題が見つかり、対応方針を決定しました。引き続きフォローします。',NULL,'2025-09-09 09:00:00','2025-10-15 18:38:02'),(1108,24,'2025-09-10','今日は重要な会議があり、プロジェクトの進捗について詳細に議論しました。いくつかの課題が見つかり、対応方針を決定しました。引き続きフォローします。',NULL,'2025-09-10 09:00:00','2025-10-15 18:38:02'),(1109,24,'2025-09-11','今日は重要な会議があり、プロジェクトの進捗について詳細に議論しました。いくつかの課題が見つかり、対応方針を決定しました。引き続きフォローします。',NULL,'2025-09-11 09:00:00','2025-10-15 18:38:02'),(1110,24,'2025-09-12','今日は重要な会議があり、プロジェクトの進捗について詳細に議論しました。いくつかの課題が見つかり、対応方針を決定しました。引き続きフォローします。',NULL,'2025-09-12 09:00:00','2025-10-15 18:38:02'),(1111,24,'2025-09-15','今日は重要な会議があり、プロジェクトの進捗について詳細に議論しました。いくつかの課題が見つかり、対応方針を決定しました。引き続きフォローします。',NULL,'2025-09-15 09:00:00','2025-10-15 18:38:02'),(1112,24,'2025-09-16','今日は重要な会議があり、プロジェクトの進捗について詳細に議論しました。いくつかの課題が見つかり、対応方針を決定しました。引き続きフォローします。',NULL,'2025-09-16 09:00:00','2025-10-15 18:38:02'),(1113,24,'2025-09-17','今日は重要な会議があり、プロジェクトの進捗について詳細に議論しました。いくつかの課題が見つかり、対応方針を決定しました。引き続きフォローします。',NULL,'2025-09-17 09:00:00','2025-10-15 18:38:02'),(1114,24,'2025-09-18','今日は重要な会議があり、プロジェクトの進捗について詳細に議論しました。いくつかの課題が見つかり、対応方針を決定しました。引き続きフォローします。',NULL,'2025-09-18 09:00:00','2025-10-15 18:38:02'),(1115,24,'2025-09-19','今日は重要な会議があり、プロジェクトの進捗について詳細に議論しました。いくつかの課題が見つかり、対応方針を決定しました。引き続きフォローします。',NULL,'2025-09-19 09:00:00','2025-10-15 18:38:02'),(1116,24,'2025-09-22','今日は重要な会議があり、プロジェクトの進捗について詳細に議論しました。いくつかの課題が見つかり、対応方針を決定しました。引き続きフォローします。',NULL,'2025-09-22 09:00:00','2025-10-15 18:38:02'),(1117,24,'2025-09-23','今日は重要な会議があり、プロジェクトの進捗について詳細に議論しました。いくつかの課題が見つかり、対応方針を決定しました。引き続きフォローします。',NULL,'2025-09-23 09:00:00','2025-10-15 18:38:02'),(1118,24,'2025-09-24','今日は重要な会議があり、プロジェクトの進捗について詳細に議論しました。いくつかの課題が見つかり、対応方針を決定しました。引き続きフォローします。',NULL,'2025-09-24 09:00:00','2025-10-15 18:38:02'),(1119,24,'2025-09-25','今日は重要な会議があり、プロジェクトの進捗について詳細に議論しました。いくつかの課題が見つかり、対応方針を決定しました。引き続きフォローします。',NULL,'2025-09-25 09:00:00','2025-10-15 18:38:02'),(1120,24,'2025-09-26','今日は重要な会議があり、プロジェクトの進捗について詳細に議論しました。いくつかの課題が見つかり、対応方針を決定しました。引き続きフォローします。',NULL,'2025-09-26 09:00:00','2025-10-15 18:38:02'),(1121,24,'2025-09-29','今日は重要な会議があり、プロジェクトの進捗について詳細に議論しました。いくつかの課題が見つかり、対応方針を決定しました。引き続きフォローします。',NULL,'2025-09-29 09:00:00','2025-10-15 18:38:02'),(1122,24,'2025-09-30','今日は重要な会議があり、プロジェクトの進捗について詳細に議論しました。いくつかの課題が見つかり、対応方針を決定しました。引き続きフォローします。','[1]','2025-09-30 09:00:00','2025-10-15 18:48:03'),(1123,11,'2025-07-01','今日は重要な会議があり、プロジェクトの進捗について詳細に議論しました。いくつかの課題が見つかり、対応方針を決定しました。引き続きフォローします。',NULL,'2025-07-01 09:00:00','2025-10-15 18:38:02'),(1124,11,'2025-07-02','今日は重要な会議があり、プロジェクトの進捗について詳細に議論しました。いくつかの課題が見つかり、対応方針を決定しました。引き続きフォローします。',NULL,'2025-07-02 09:00:00','2025-10-15 18:38:02'),(1125,11,'2025-07-03','今日は重要な会議があり、プロジェクトの進捗について詳細に議論しました。いくつかの課題が見つかり、対応方針を決定しました。引き続きフォローします。',NULL,'2025-07-03 09:00:00','2025-10-15 18:38:02'),(1126,11,'2025-07-04','今日は重要な会議があり、プロジェクトの進捗について詳細に議論しました。いくつかの課題が見つかり、対応方針を決定しました。引き続きフォローします。',NULL,'2025-07-04 09:00:00','2025-10-15 18:38:02'),(1127,11,'2025-07-07','今日は重要な会議があり、プロジェクトの進捗について詳細に議論しました。いくつかの課題が見つかり、対応方針を決定しました。引き続きフォローします。',NULL,'2025-07-07 09:00:00','2025-10-15 18:38:02'),(1128,11,'2025-07-08','今日は重要な会議があり、プロジェクトの進捗について詳細に議論しました。いくつかの課題が見つかり、対応方針を決定しました。引き続きフォローします。',NULL,'2025-07-08 09:00:00','2025-10-15 18:38:02'),(1129,11,'2025-07-09','今日は重要な会議があり、プロジェクトの進捗について詳細に議論しました。いくつかの課題が見つかり、対応方針を決定しました。引き続きフォローします。',NULL,'2025-07-09 09:00:00','2025-10-15 18:38:02'),(1130,11,'2025-07-10','今日は重要な会議があり、プロジェクトの進捗について詳細に議論しました。いくつかの課題が見つかり、対応方針を決定しました。引き続きフォローします。',NULL,'2025-07-10 09:00:00','2025-10-15 18:38:02'),(1131,11,'2025-07-11','今日は重要な会議があり、プロジェクトの進捗について詳細に議論しました。いくつかの課題が見つかり、対応方針を決定しました。引き続きフォローします。',NULL,'2025-07-11 09:00:00','2025-10-15 18:38:02'),(1132,11,'2025-07-14','今日は重要な会議があり、プロジェクトの進捗について詳細に議論しました。いくつかの課題が見つかり、対応方針を決定しました。引き続きフォローします。',NULL,'2025-07-14 09:00:00','2025-10-15 18:38:02'),(1133,11,'2025-07-15','今日は重要な会議があり、プロジェクトの進捗について詳細に議論しました。いくつかの課題が見つかり、対応方針を決定しました。引き続きフォローします。',NULL,'2025-07-15 09:00:00','2025-10-15 18:38:02'),(1134,11,'2025-07-16','今日は重要な会議があり、プロジェクトの進捗について詳細に議論しました。いくつかの課題が見つかり、対応方針を決定しました。引き続きフォローします。',NULL,'2025-07-16 09:00:00','2025-10-15 18:38:02'),(1135,11,'2025-07-17','今日は重要な会議があり、プロジェクトの進捗について詳細に議論しました。いくつかの課題が見つかり、対応方針を決定しました。引き続きフォローします。',NULL,'2025-07-17 09:00:00','2025-10-15 18:38:02'),(1136,11,'2025-07-18','今日は重要な会議があり、プロジェクトの進捗について詳細に議論しました。いくつかの課題が見つかり、対応方針を決定しました。引き続きフォローします。',NULL,'2025-07-18 09:00:00','2025-10-15 18:38:02'),(1137,11,'2025-07-21','今日は重要な会議があり、プロジェクトの進捗について詳細に議論しました。いくつかの課題が見つかり、対応方針を決定しました。引き続きフォローします。',NULL,'2025-07-21 09:00:00','2025-10-15 18:38:02'),(1138,11,'2025-07-22','今日は重要な会議があり、プロジェクトの進捗について詳細に議論しました。いくつかの課題が見つかり、対応方針を決定しました。引き続きフォローします。',NULL,'2025-07-22 09:00:00','2025-10-15 18:38:02'),(1139,11,'2025-07-23','今日は重要な会議があり、プロジェクトの進捗について詳細に議論しました。いくつかの課題が見つかり、対応方針を決定しました。引き続きフォローします。',NULL,'2025-07-23 09:00:00','2025-10-15 18:38:02'),(1140,11,'2025-07-24','今日は重要な会議があり、プロジェクトの進捗について詳細に議論しました。いくつかの課題が見つかり、対応方針を決定しました。引き続きフォローします。',NULL,'2025-07-24 09:00:00','2025-10-15 18:38:02'),(1141,11,'2025-07-25','今日は重要な会議があり、プロジェクトの進捗について詳細に議論しました。いくつかの課題が見つかり、対応方針を決定しました。引き続きフォローします。',NULL,'2025-07-25 09:00:00','2025-10-15 18:38:02'),(1142,11,'2025-07-28','今日は重要な会議があり、プロジェクトの進捗について詳細に議論しました。いくつかの課題が見つかり、対応方針を決定しました。引き続きフォローします。',NULL,'2025-07-28 09:00:00','2025-10-15 18:38:02'),(1143,11,'2025-07-29','今日は重要な会議があり、プロジェクトの進捗について詳細に議論しました。いくつかの課題が見つかり、対応方針を決定しました。引き続きフォローします。',NULL,'2025-07-29 09:00:00','2025-10-15 18:38:02'),(1144,11,'2025-07-30','今日は重要な会議があり、プロジェクトの進捗について詳細に議論しました。いくつかの課題が見つかり、対応方針を決定しました。引き続きフォローします。',NULL,'2025-07-30 09:00:00','2025-10-15 18:38:02'),(1145,11,'2025-07-31','今日は重要な会議があり、プロジェクトの進捗について詳細に議論しました。いくつかの課題が見つかり、対応方針を決定しました。引き続きフォローします。',NULL,'2025-07-31 09:00:00','2025-10-15 18:38:02'),(1146,11,'2025-08-01','今日は重要な会議があり、プロジェクトの進捗について詳細に議論しました。いくつかの課題が見つかり、対応方針を決定しました。引き続きフォローします。',NULL,'2025-08-01 09:00:00','2025-10-15 18:38:02'),(1147,11,'2025-08-04','今日は重要な会議があり、プロジェクトの進捗について詳細に議論しました。いくつかの課題が見つかり、対応方針を決定しました。引き続きフォローします。',NULL,'2025-08-04 09:00:00','2025-10-15 18:38:02'),(1148,11,'2025-08-05','今日は重要な会議があり、プロジェクトの進捗について詳細に議論しました。いくつかの課題が見つかり、対応方針を決定しました。引き続きフォローします。',NULL,'2025-08-05 09:00:00','2025-10-15 18:38:02'),(1149,11,'2025-08-06','今日は重要な会議があり、プロジェクトの進捗について詳細に議論しました。いくつかの課題が見つかり、対応方針を決定しました。引き続きフォローします。',NULL,'2025-08-06 09:00:00','2025-10-15 18:38:02'),(1150,11,'2025-08-07','今日は重要な会議があり、プロジェクトの進捗について詳細に議論しました。いくつかの課題が見つかり、対応方針を決定しました。引き続きフォローします。',NULL,'2025-08-07 09:00:00','2025-10-15 18:38:02'),(1151,11,'2025-08-08','今日は重要な会議があり、プロジェクトの進捗について詳細に議論しました。いくつかの課題が見つかり、対応方針を決定しました。引き続きフォローします。',NULL,'2025-08-08 09:00:00','2025-10-15 18:38:02'),(1152,11,'2025-08-11','今日は重要な会議があり、プロジェクトの進捗について詳細に議論しました。いくつかの課題が見つかり、対応方針を決定しました。引き続きフォローします。',NULL,'2025-08-11 09:00:00','2025-10-15 18:38:02'),(1153,11,'2025-08-12','今日は重要な会議があり、プロジェクトの進捗について詳細に議論しました。いくつかの課題が見つかり、対応方針を決定しました。引き続きフォローします。',NULL,'2025-08-12 09:00:00','2025-10-15 18:38:02'),(1154,11,'2025-08-13','今日は重要な会議があり、プロジェクトの進捗について詳細に議論しました。いくつかの課題が見つかり、対応方針を決定しました。引き続きフォローします。',NULL,'2025-08-13 09:00:00','2025-10-15 18:38:02'),(1155,11,'2025-08-14','今日は重要な会議があり、プロジェクトの進捗について詳細に議論しました。いくつかの課題が見つかり、対応方針を決定しました。引き続きフォローします。',NULL,'2025-08-14 09:00:00','2025-10-15 18:38:02'),(1156,11,'2025-08-15','今日は重要な会議があり、プロジェクトの進捗について詳細に議論しました。いくつかの課題が見つかり、対応方針を決定しました。引き続きフォローします。',NULL,'2025-08-15 09:00:00','2025-10-15 18:38:02'),(1157,11,'2025-08-18','今日は重要な会議があり、プロジェクトの進捗について詳細に議論しました。いくつかの課題が見つかり、対応方針を決定しました。引き続きフォローします。',NULL,'2025-08-18 09:00:00','2025-10-15 18:38:02'),(1158,11,'2025-08-19','今日は重要な会議があり、プロジェクトの進捗について詳細に議論しました。いくつかの課題が見つかり、対応方針を決定しました。引き続きフォローします。',NULL,'2025-08-19 09:00:00','2025-10-15 18:38:02'),(1159,11,'2025-08-20','今日は重要な会議があり、プロジェクトの進捗について詳細に議論しました。いくつかの課題が見つかり、対応方針を決定しました。引き続きフォローします。',NULL,'2025-08-20 09:00:00','2025-10-15 18:38:02'),(1160,11,'2025-08-21','今日は重要な会議があり、プロジェクトの進捗について詳細に議論しました。いくつかの課題が見つかり、対応方針を決定しました。引き続きフォローします。',NULL,'2025-08-21 09:00:00','2025-10-15 18:38:02'),(1161,11,'2025-08-22','今日は重要な会議があり、プロジェクトの進捗について詳細に議論しました。いくつかの課題が見つかり、対応方針を決定しました。引き続きフォローします。',NULL,'2025-08-22 09:00:00','2025-10-15 18:38:02'),(1162,11,'2025-08-25','今日は重要な会議があり、プロジェクトの進捗について詳細に議論しました。いくつかの課題が見つかり、対応方針を決定しました。引き続きフォローします。',NULL,'2025-08-25 09:00:00','2025-10-15 18:38:02'),(1163,11,'2025-08-26','今日は重要な会議があり、プロジェクトの進捗について詳細に議論しました。いくつかの課題が見つかり、対応方針を決定しました。引き続きフォローします。',NULL,'2025-08-26 09:00:00','2025-10-15 18:38:02'),(1164,11,'2025-08-27','今日は重要な会議があり、プロジェクトの進捗について詳細に議論しました。いくつかの課題が見つかり、対応方針を決定しました。引き続きフォローします。',NULL,'2025-08-27 09:00:00','2025-10-15 18:38:02'),(1165,11,'2025-08-28','今日は重要な会議があり、プロジェクトの進捗について詳細に議論しました。いくつかの課題が見つかり、対応方針を決定しました。引き続きフォローします。',NULL,'2025-08-28 09:00:00','2025-10-15 18:38:02'),(1166,11,'2025-08-29','今日は重要な会議があり、プロジェクトの進捗について詳細に議論しました。いくつかの課題が見つかり、対応方針を決定しました。引き続きフォローします。',NULL,'2025-08-29 09:00:00','2025-10-15 18:38:02'),(1167,11,'2025-09-01','今日は重要な会議があり、プロジェクトの進捗について詳細に議論しました。いくつかの課題が見つかり、対応方針を決定しました。引き続きフォローします。',NULL,'2025-09-01 09:00:00','2025-10-15 18:38:02'),(1168,11,'2025-09-02','今日は重要な会議があり、プロジェクトの進捗について詳細に議論しました。いくつかの課題が見つかり、対応方針を決定しました。引き続きフォローします。',NULL,'2025-09-02 09:00:00','2025-10-15 18:38:02'),(1169,11,'2025-09-03','今日は重要な会議があり、プロジェクトの進捗について詳細に議論しました。いくつかの課題が見つかり、対応方針を決定しました。引き続きフォローします。',NULL,'2025-09-03 09:00:00','2025-10-15 18:38:02'),(1170,11,'2025-09-04','今日は重要な会議があり、プロジェクトの進捗について詳細に議論しました。いくつかの課題が見つかり、対応方針を決定しました。引き続きフォローします。',NULL,'2025-09-04 09:00:00','2025-10-15 18:38:02'),(1171,11,'2025-09-05','今日は重要な会議があり、プロジェクトの進捗について詳細に議論しました。いくつかの課題が見つかり、対応方針を決定しました。引き続きフォローします。',NULL,'2025-09-05 09:00:00','2025-10-15 18:38:02'),(1172,11,'2025-09-08','今日は重要な会議があり、プロジェクトの進捗について詳細に議論しました。いくつかの課題が見つかり、対応方針を決定しました。引き続きフォローします。',NULL,'2025-09-08 09:00:00','2025-10-15 18:38:02'),(1173,11,'2025-09-09','今日は重要な会議があり、プロジェクトの進捗について詳細に議論しました。いくつかの課題が見つかり、対応方針を決定しました。引き続きフォローします。',NULL,'2025-09-09 09:00:00','2025-10-15 18:38:02'),(1174,11,'2025-09-10','今日は重要な会議があり、プロジェクトの進捗について詳細に議論しました。いくつかの課題が見つかり、対応方針を決定しました。引き続きフォローします。',NULL,'2025-09-10 09:00:00','2025-10-15 18:38:02'),(1175,11,'2025-09-11','今日は重要な会議があり、プロジェクトの進捗について詳細に議論しました。いくつかの課題が見つかり、対応方針を決定しました。引き続きフォローします。',NULL,'2025-09-11 09:00:00','2025-10-15 18:38:02'),(1176,11,'2025-09-12','今日は重要な会議があり、プロジェクトの進捗について詳細に議論しました。いくつかの課題が見つかり、対応方針を決定しました。引き続きフォローします。',NULL,'2025-09-12 09:00:00','2025-10-15 18:38:02'),(1177,11,'2025-09-15','今日は重要な会議があり、プロジェクトの進捗について詳細に議論しました。いくつかの課題が見つかり、対応方針を決定しました。引き続きフォローします。',NULL,'2025-09-15 09:00:00','2025-10-15 18:38:02'),(1178,11,'2025-09-16','今日は重要な会議があり、プロジェクトの進捗について詳細に議論しました。いくつかの課題が見つかり、対応方針を決定しました。引き続きフォローします。',NULL,'2025-09-16 09:00:00','2025-10-15 18:38:02'),(1179,11,'2025-09-17','今日は重要な会議があり、プロジェクトの進捗について詳細に議論しました。いくつかの課題が見つかり、対応方針を決定しました。引き続きフォローします。',NULL,'2025-09-17 09:00:00','2025-10-15 18:38:02'),(1180,11,'2025-09-18','今日は重要な会議があり、プロジェクトの進捗について詳細に議論しました。いくつかの課題が見つかり、対応方針を決定しました。引き続きフォローします。',NULL,'2025-09-18 09:00:00','2025-10-15 18:38:02'),(1181,11,'2025-09-19','今日は重要な会議があり、プロジェクトの進捗について詳細に議論しました。いくつかの課題が見つかり、対応方針を決定しました。引き続きフォローします。',NULL,'2025-09-19 09:00:00','2025-10-15 18:38:02'),(1182,11,'2025-09-22','今日は重要な会議があり、プロジェクトの進捗について詳細に議論しました。いくつかの課題が見つかり、対応方針を決定しました。引き続きフォローします。',NULL,'2025-09-22 09:00:00','2025-10-15 18:38:02'),(1183,11,'2025-09-23','今日は重要な会議があり、プロジェクトの進捗について詳細に議論しました。いくつかの課題が見つかり、対応方針を決定しました。引き続きフォローします。',NULL,'2025-09-23 09:00:00','2025-10-15 18:38:02'),(1184,11,'2025-09-24','今日は重要な会議があり、プロジェクトの進捗について詳細に議論しました。いくつかの課題が見つかり、対応方針を決定しました。引き続きフォローします。',NULL,'2025-09-24 09:00:00','2025-10-15 18:38:02'),(1185,11,'2025-09-25','今日は重要な会議があり、プロジェクトの進捗について詳細に議論しました。いくつかの課題が見つかり、対応方針を決定しました。引き続きフォローします。',NULL,'2025-09-25 09:00:00','2025-10-15 18:38:02'),(1186,11,'2025-09-26','今日は重要な会議があり、プロジェクトの進捗について詳細に議論しました。いくつかの課題が見つかり、対応方針を決定しました。引き続きフォローします。',NULL,'2025-09-26 09:00:00','2025-10-15 18:38:02'),(1187,11,'2025-09-29','今日は重要な会議があり、プロジェクトの進捗について詳細に議論しました。いくつかの課題が見つかり、対応方針を決定しました。引き続きフォローします。',NULL,'2025-09-29 09:00:00','2025-10-15 18:38:02'),(1188,11,'2025-09-30','今日は重要な会議があり、プロジェクトの進捗について詳細に議論しました。いくつかの課題が見つかり、対応方針を決定しました。引き続きフォローします。','[1]','2025-09-30 09:00:00','2025-10-15 18:48:03'),(1189,5,'2025-07-01','今日は重要な会議があり、プロジェクトの進捗について詳細に議論しました。いくつかの課題が見つかり、対応方針を決定しました。引き続きフォローします。',NULL,'2025-07-01 09:00:00','2025-10-15 18:38:02'),(1190,5,'2025-07-02','今日は重要な会議があり、プロジェクトの進捗について詳細に議論しました。いくつかの課題が見つかり、対応方針を決定しました。引き続きフォローします。',NULL,'2025-07-02 09:00:00','2025-10-15 18:38:02'),(1191,5,'2025-07-03','今日は重要な会議があり、プロジェクトの進捗について詳細に議論しました。いくつかの課題が見つかり、対応方針を決定しました。引き続きフォローします。',NULL,'2025-07-03 09:00:00','2025-10-15 18:38:02'),(1192,5,'2025-07-04','今日は重要な会議があり、プロジェクトの進捗について詳細に議論しました。いくつかの課題が見つかり、対応方針を決定しました。引き続きフォローします。',NULL,'2025-07-04 09:00:00','2025-10-15 18:38:02'),(1193,5,'2025-07-07','今日は重要な会議があり、プロジェクトの進捗について詳細に議論しました。いくつかの課題が見つかり、対応方針を決定しました。引き続きフォローします。',NULL,'2025-07-07 09:00:00','2025-10-15 18:38:02'),(1194,5,'2025-07-08','今日は重要な会議があり、プロジェクトの進捗について詳細に議論しました。いくつかの課題が見つかり、対応方針を決定しました。引き続きフォローします。',NULL,'2025-07-08 09:00:00','2025-10-15 18:38:02'),(1195,5,'2025-07-09','今日は重要な会議があり、プロジェクトの進捗について詳細に議論しました。いくつかの課題が見つかり、対応方針を決定しました。引き続きフォローします。',NULL,'2025-07-09 09:00:00','2025-10-15 18:38:02'),(1196,5,'2025-07-10','今日は重要な会議があり、プロジェクトの進捗について詳細に議論しました。いくつかの課題が見つかり、対応方針を決定しました。引き続きフォローします。',NULL,'2025-07-10 09:00:00','2025-10-15 18:38:02'),(1197,5,'2025-07-11','今日は重要な会議があり、プロジェクトの進捗について詳細に議論しました。いくつかの課題が見つかり、対応方針を決定しました。引き続きフォローします。',NULL,'2025-07-11 09:00:00','2025-10-15 18:38:02'),(1198,5,'2025-07-14','今日は重要な会議があり、プロジェクトの進捗について詳細に議論しました。いくつかの課題が見つかり、対応方針を決定しました。引き続きフォローします。',NULL,'2025-07-14 09:00:00','2025-10-15 18:38:02'),(1199,5,'2025-07-15','今日は重要な会議があり、プロジェクトの進捗について詳細に議論しました。いくつかの課題が見つかり、対応方針を決定しました。引き続きフォローします。',NULL,'2025-07-15 09:00:00','2025-10-15 18:38:02'),(1200,5,'2025-07-16','今日は重要な会議があり、プロジェクトの進捗について詳細に議論しました。いくつかの課題が見つかり、対応方針を決定しました。引き続きフォローします。',NULL,'2025-07-16 09:00:00','2025-10-15 18:38:02'),(1201,5,'2025-07-17','今日は重要な会議があり、プロジェクトの進捗について詳細に議論しました。いくつかの課題が見つかり、対応方針を決定しました。引き続きフォローします。',NULL,'2025-07-17 09:00:00','2025-10-15 18:38:02'),(1202,5,'2025-07-18','今日は重要な会議があり、プロジェクトの進捗について詳細に議論しました。いくつかの課題が見つかり、対応方針を決定しました。引き続きフォローします。',NULL,'2025-07-18 09:00:00','2025-10-15 18:38:02'),(1203,5,'2025-07-21','今日は重要な会議があり、プロジェクトの進捗について詳細に議論しました。いくつかの課題が見つかり、対応方針を決定しました。引き続きフォローします。',NULL,'2025-07-21 09:00:00','2025-10-15 18:38:02'),(1204,5,'2025-07-22','今日は重要な会議があり、プロジェクトの進捗について詳細に議論しました。いくつかの課題が見つかり、対応方針を決定しました。引き続きフォローします。',NULL,'2025-07-22 09:00:00','2025-10-15 18:38:02'),(1205,5,'2025-07-23','今日は重要な会議があり、プロジェクトの進捗について詳細に議論しました。いくつかの課題が見つかり、対応方針を決定しました。引き続きフォローします。',NULL,'2025-07-23 09:00:00','2025-10-15 18:38:02'),(1206,5,'2025-07-24','今日は重要な会議があり、プロジェクトの進捗について詳細に議論しました。いくつかの課題が見つかり、対応方針を決定しました。引き続きフォローします。',NULL,'2025-07-24 09:00:00','2025-10-15 18:38:02'),(1207,5,'2025-07-25','今日は重要な会議があり、プロジェクトの進捗について詳細に議論しました。いくつかの課題が見つかり、対応方針を決定しました。引き続きフォローします。',NULL,'2025-07-25 09:00:00','2025-10-15 18:38:02'),(1208,5,'2025-07-28','今日は重要な会議があり、プロジェクトの進捗について詳細に議論しました。いくつかの課題が見つかり、対応方針を決定しました。引き続きフォローします。',NULL,'2025-07-28 09:00:00','2025-10-15 18:38:02'),(1209,5,'2025-07-29','今日は重要な会議があり、プロジェクトの進捗について詳細に議論しました。いくつかの課題が見つかり、対応方針を決定しました。引き続きフォローします。',NULL,'2025-07-29 09:00:00','2025-10-15 18:38:02'),(1210,5,'2025-07-30','今日は重要な会議があり、プロジェクトの進捗について詳細に議論しました。いくつかの課題が見つかり、対応方針を決定しました。引き続きフォローします。',NULL,'2025-07-30 09:00:00','2025-10-15 18:38:02'),(1211,5,'2025-07-31','今日は重要な会議があり、プロジェクトの進捗について詳細に議論しました。いくつかの課題が見つかり、対応方針を決定しました。引き続きフォローします。',NULL,'2025-07-31 09:00:00','2025-10-15 18:38:02'),(1212,5,'2025-08-01','今日は重要な会議があり、プロジェクトの進捗について詳細に議論しました。いくつかの課題が見つかり、対応方針を決定しました。引き続きフォローします。',NULL,'2025-08-01 09:00:00','2025-10-15 18:38:02'),(1213,5,'2025-08-04','今日は重要な会議があり、プロジェクトの進捗について詳細に議論しました。いくつかの課題が見つかり、対応方針を決定しました。引き続きフォローします。',NULL,'2025-08-04 09:00:00','2025-10-15 18:38:02'),(1214,5,'2025-08-05','今日は重要な会議があり、プロジェクトの進捗について詳細に議論しました。いくつかの課題が見つかり、対応方針を決定しました。引き続きフォローします。',NULL,'2025-08-05 09:00:00','2025-10-15 18:38:02'),(1215,5,'2025-08-06','今日は重要な会議があり、プロジェクトの進捗について詳細に議論しました。いくつかの課題が見つかり、対応方針を決定しました。引き続きフォローします。',NULL,'2025-08-06 09:00:00','2025-10-15 18:38:02'),(1216,5,'2025-08-07','今日は重要な会議があり、プロジェクトの進捗について詳細に議論しました。いくつかの課題が見つかり、対応方針を決定しました。引き続きフォローします。',NULL,'2025-08-07 09:00:00','2025-10-15 18:38:02'),(1217,5,'2025-08-08','今日は重要な会議があり、プロジェクトの進捗について詳細に議論しました。いくつかの課題が見つかり、対応方針を決定しました。引き続きフォローします。',NULL,'2025-08-08 09:00:00','2025-10-15 18:38:02'),(1218,5,'2025-08-11','今日は重要な会議があり、プロジェクトの進捗について詳細に議論しました。いくつかの課題が見つかり、対応方針を決定しました。引き続きフォローします。',NULL,'2025-08-11 09:00:00','2025-10-15 18:38:02'),(1219,5,'2025-08-12','今日は重要な会議があり、プロジェクトの進捗について詳細に議論しました。いくつかの課題が見つかり、対応方針を決定しました。引き続きフォローします。',NULL,'2025-08-12 09:00:00','2025-10-15 18:38:02'),(1220,5,'2025-08-13','今日は重要な会議があり、プロジェクトの進捗について詳細に議論しました。いくつかの課題が見つかり、対応方針を決定しました。引き続きフォローします。',NULL,'2025-08-13 09:00:00','2025-10-15 18:38:02'),(1221,5,'2025-08-14','今日は重要な会議があり、プロジェクトの進捗について詳細に議論しました。いくつかの課題が見つかり、対応方針を決定しました。引き続きフォローします。',NULL,'2025-08-14 09:00:00','2025-10-15 18:38:02'),(1222,5,'2025-08-15','今日は重要な会議があり、プロジェクトの進捗について詳細に議論しました。いくつかの課題が見つかり、対応方針を決定しました。引き続きフォローします。',NULL,'2025-08-15 09:00:00','2025-10-15 18:38:02'),(1223,5,'2025-08-18','今日は重要な会議があり、プロジェクトの進捗について詳細に議論しました。いくつかの課題が見つかり、対応方針を決定しました。引き続きフォローします。',NULL,'2025-08-18 09:00:00','2025-10-15 18:38:02'),(1224,5,'2025-08-19','今日は重要な会議があり、プロジェクトの進捗について詳細に議論しました。いくつかの課題が見つかり、対応方針を決定しました。引き続きフォローします。',NULL,'2025-08-19 09:00:00','2025-10-15 18:38:02'),(1225,5,'2025-08-20','今日は重要な会議があり、プロジェクトの進捗について詳細に議論しました。いくつかの課題が見つかり、対応方針を決定しました。引き続きフォローします。',NULL,'2025-08-20 09:00:00','2025-10-15 18:38:02'),(1226,5,'2025-08-21','今日は重要な会議があり、プロジェクトの進捗について詳細に議論しました。いくつかの課題が見つかり、対応方針を決定しました。引き続きフォローします。',NULL,'2025-08-21 09:00:00','2025-10-15 18:38:02'),(1227,5,'2025-08-22','今日は重要な会議があり、プロジェクトの進捗について詳細に議論しました。いくつかの課題が見つかり、対応方針を決定しました。引き続きフォローします。',NULL,'2025-08-22 09:00:00','2025-10-15 18:38:02'),(1228,5,'2025-08-25','今日は重要な会議があり、プロジェクトの進捗について詳細に議論しました。いくつかの課題が見つかり、対応方針を決定しました。引き続きフォローします。',NULL,'2025-08-25 09:00:00','2025-10-15 18:38:02'),(1229,5,'2025-08-26','今日は重要な会議があり、プロジェクトの進捗について詳細に議論しました。いくつかの課題が見つかり、対応方針を決定しました。引き続きフォローします。',NULL,'2025-08-26 09:00:00','2025-10-15 18:38:02'),(1230,5,'2025-08-27','今日は重要な会議があり、プロジェクトの進捗について詳細に議論しました。いくつかの課題が見つかり、対応方針を決定しました。引き続きフォローします。',NULL,'2025-08-27 09:00:00','2025-10-15 18:38:02'),(1231,5,'2025-08-28','今日は重要な会議があり、プロジェクトの進捗について詳細に議論しました。いくつかの課題が見つかり、対応方針を決定しました。引き続きフォローします。',NULL,'2025-08-28 09:00:00','2025-10-15 18:38:02'),(1232,5,'2025-08-29','今日は重要な会議があり、プロジェクトの進捗について詳細に議論しました。いくつかの課題が見つかり、対応方針を決定しました。引き続きフォローします。',NULL,'2025-08-29 09:00:00','2025-10-15 18:38:02'),(1233,5,'2025-09-01','今日は重要な会議があり、プロジェクトの進捗について詳細に議論しました。いくつかの課題が見つかり、対応方針を決定しました。引き続きフォローします。',NULL,'2025-09-01 09:00:00','2025-10-15 18:38:02'),(1234,5,'2025-09-02','今日は重要な会議があり、プロジェクトの進捗について詳細に議論しました。いくつかの課題が見つかり、対応方針を決定しました。引き続きフォローします。',NULL,'2025-09-02 09:00:00','2025-10-15 18:38:02'),(1235,5,'2025-09-03','今日は重要な会議があり、プロジェクトの進捗について詳細に議論しました。いくつかの課題が見つかり、対応方針を決定しました。引き続きフォローします。',NULL,'2025-09-03 09:00:00','2025-10-15 18:38:02'),(1236,5,'2025-09-04','今日は重要な会議があり、プロジェクトの進捗について詳細に議論しました。いくつかの課題が見つかり、対応方針を決定しました。引き続きフォローします。',NULL,'2025-09-04 09:00:00','2025-10-15 18:38:02'),(1237,5,'2025-09-05','今日は重要な会議があり、プロジェクトの進捗について詳細に議論しました。いくつかの課題が見つかり、対応方針を決定しました。引き続きフォローします。',NULL,'2025-09-05 09:00:00','2025-10-15 18:38:02'),(1238,5,'2025-09-08','今日は重要な会議があり、プロジェクトの進捗について詳細に議論しました。いくつかの課題が見つかり、対応方針を決定しました。引き続きフォローします。',NULL,'2025-09-08 09:00:00','2025-10-15 18:38:02'),(1239,5,'2025-09-09','今日は重要な会議があり、プロジェクトの進捗について詳細に議論しました。いくつかの課題が見つかり、対応方針を決定しました。引き続きフォローします。',NULL,'2025-09-09 09:00:00','2025-10-15 18:38:02'),(1240,5,'2025-09-10','今日は重要な会議があり、プロジェクトの進捗について詳細に議論しました。いくつかの課題が見つかり、対応方針を決定しました。引き続きフォローします。',NULL,'2025-09-10 09:00:00','2025-10-15 18:38:02'),(1241,5,'2025-09-11','今日は重要な会議があり、プロジェクトの進捗について詳細に議論しました。いくつかの課題が見つかり、対応方針を決定しました。引き続きフォローします。',NULL,'2025-09-11 09:00:00','2025-10-15 18:38:02'),(1242,5,'2025-09-12','今日は重要な会議があり、プロジェクトの進捗について詳細に議論しました。いくつかの課題が見つかり、対応方針を決定しました。引き続きフォローします。',NULL,'2025-09-12 09:00:00','2025-10-15 18:38:02'),(1243,5,'2025-09-15','今日は重要な会議があり、プロジェクトの進捗について詳細に議論しました。いくつかの課題が見つかり、対応方針を決定しました。引き続きフォローします。',NULL,'2025-09-15 09:00:00','2025-10-15 18:38:02'),(1244,5,'2025-09-16','今日は重要な会議があり、プロジェクトの進捗について詳細に議論しました。いくつかの課題が見つかり、対応方針を決定しました。引き続きフォローします。',NULL,'2025-09-16 09:00:00','2025-10-15 18:38:02'),(1245,5,'2025-09-17','今日は重要な会議があり、プロジェクトの進捗について詳細に議論しました。いくつかの課題が見つかり、対応方針を決定しました。引き続きフォローします。',NULL,'2025-09-17 09:00:00','2025-10-15 18:38:02'),(1246,5,'2025-09-18','今日は重要な会議があり、プロジェクトの進捗について詳細に議論しました。いくつかの課題が見つかり、対応方針を決定しました。引き続きフォローします。',NULL,'2025-09-18 09:00:00','2025-10-15 18:38:02'),(1247,5,'2025-09-19','今日は重要な会議があり、プロジェクトの進捗について詳細に議論しました。いくつかの課題が見つかり、対応方針を決定しました。引き続きフォローします。',NULL,'2025-09-19 09:00:00','2025-10-15 18:38:02'),(1248,5,'2025-09-22','今日は重要な会議があり、プロジェクトの進捗について詳細に議論しました。いくつかの課題が見つかり、対応方針を決定しました。引き続きフォローします。',NULL,'2025-09-22 09:00:00','2025-10-15 18:38:02'),(1249,5,'2025-09-23','今日は重要な会議があり、プロジェクトの進捗について詳細に議論しました。いくつかの課題が見つかり、対応方針を決定しました。引き続きフォローします。',NULL,'2025-09-23 09:00:00','2025-10-15 18:38:02'),(1250,5,'2025-09-24','今日は重要な会議があり、プロジェクトの進捗について詳細に議論しました。いくつかの課題が見つかり、対応方針を決定しました。引き続きフォローします。',NULL,'2025-09-24 09:00:00','2025-10-15 18:38:02'),(1251,5,'2025-09-25','今日は重要な会議があり、プロジェクトの進捗について詳細に議論しました。いくつかの課題が見つかり、対応方針を決定しました。引き続きフォローします。',NULL,'2025-09-25 09:00:00','2025-10-15 18:38:02'),(1252,5,'2025-09-26','今日は重要な会議があり、プロジェクトの進捗について詳細に議論しました。いくつかの課題が見つかり、対応方針を決定しました。引き続きフォローします。',NULL,'2025-09-26 09:00:00','2025-10-15 18:38:02'),(1253,5,'2025-09-29','今日は重要な会議があり、プロジェクトの進捗について詳細に議論しました。いくつかの課題が見つかり、対応方針を決定しました。引き続きフォローします。',NULL,'2025-09-29 09:00:00','2025-10-15 18:38:02'),(1254,5,'2025-09-30','今日は重要な会議があり、プロジェクトの進捗について詳細に議論しました。いくつかの課題が見つかり、対応方針を決定しました。引き続きフォローします。','[1]','2025-09-30 09:00:00','2025-10-15 18:48:03'),(1255,9,'2025-07-01','今日は重要な会議があり、プロジェクトの進捗について詳細に議論しました。いくつかの課題が見つかり、対応方針を決定しました。引き続きフォローします。',NULL,'2025-07-01 09:00:00','2025-10-15 18:38:02'),(1256,9,'2025-07-02','今日は重要な会議があり、プロジェクトの進捗について詳細に議論しました。いくつかの課題が見つかり、対応方針を決定しました。引き続きフォローします。',NULL,'2025-07-02 09:00:00','2025-10-15 18:38:02'),(1257,9,'2025-07-03','今日は重要な会議があり、プロジェクトの進捗について詳細に議論しました。いくつかの課題が見つかり、対応方針を決定しました。引き続きフォローします。',NULL,'2025-07-03 09:00:00','2025-10-15 18:38:02'),(1258,9,'2025-07-04','今日は重要な会議があり、プロジェクトの進捗について詳細に議論しました。いくつかの課題が見つかり、対応方針を決定しました。引き続きフォローします。',NULL,'2025-07-04 09:00:00','2025-10-15 18:38:02'),(1259,9,'2025-07-07','今日は重要な会議があり、プロジェクトの進捗について詳細に議論しました。いくつかの課題が見つかり、対応方針を決定しました。引き続きフォローします。',NULL,'2025-07-07 09:00:00','2025-10-15 18:38:02'),(1260,9,'2025-07-08','今日は重要な会議があり、プロジェクトの進捗について詳細に議論しました。いくつかの課題が見つかり、対応方針を決定しました。引き続きフォローします。',NULL,'2025-07-08 09:00:00','2025-10-15 18:38:02'),(1261,9,'2025-07-09','今日は重要な会議があり、プロジェクトの進捗について詳細に議論しました。いくつかの課題が見つかり、対応方針を決定しました。引き続きフォローします。',NULL,'2025-07-09 09:00:00','2025-10-15 18:38:02'),(1262,9,'2025-07-10','今日は重要な会議があり、プロジェクトの進捗について詳細に議論しました。いくつかの課題が見つかり、対応方針を決定しました。引き続きフォローします。',NULL,'2025-07-10 09:00:00','2025-10-15 18:38:02'),(1263,9,'2025-07-11','今日は重要な会議があり、プロジェクトの進捗について詳細に議論しました。いくつかの課題が見つかり、対応方針を決定しました。引き続きフォローします。',NULL,'2025-07-11 09:00:00','2025-10-15 18:38:02'),(1264,9,'2025-07-14','今日は重要な会議があり、プロジェクトの進捗について詳細に議論しました。いくつかの課題が見つかり、対応方針を決定しました。引き続きフォローします。',NULL,'2025-07-14 09:00:00','2025-10-15 18:38:02'),(1265,9,'2025-07-15','今日は重要な会議があり、プロジェクトの進捗について詳細に議論しました。いくつかの課題が見つかり、対応方針を決定しました。引き続きフォローします。',NULL,'2025-07-15 09:00:00','2025-10-15 18:38:02'),(1266,9,'2025-07-16','今日は重要な会議があり、プロジェクトの進捗について詳細に議論しました。いくつかの課題が見つかり、対応方針を決定しました。引き続きフォローします。',NULL,'2025-07-16 09:00:00','2025-10-15 18:38:02'),(1267,9,'2025-07-17','今日は重要な会議があり、プロジェクトの進捗について詳細に議論しました。いくつかの課題が見つかり、対応方針を決定しました。引き続きフォローします。',NULL,'2025-07-17 09:00:00','2025-10-15 18:38:02'),(1268,9,'2025-07-18','今日は重要な会議があり、プロジェクトの進捗について詳細に議論しました。いくつかの課題が見つかり、対応方針を決定しました。引き続きフォローします。',NULL,'2025-07-18 09:00:00','2025-10-15 18:38:02'),(1269,9,'2025-07-21','今日は重要な会議があり、プロジェクトの進捗について詳細に議論しました。いくつかの課題が見つかり、対応方針を決定しました。引き続きフォローします。',NULL,'2025-07-21 09:00:00','2025-10-15 18:38:02'),(1270,9,'2025-07-22','今日は重要な会議があり、プロジェクトの進捗について詳細に議論しました。いくつかの課題が見つかり、対応方針を決定しました。引き続きフォローします。',NULL,'2025-07-22 09:00:00','2025-10-15 18:38:02'),(1271,9,'2025-07-23','今日は重要な会議があり、プロジェクトの進捗について詳細に議論しました。いくつかの課題が見つかり、対応方針を決定しました。引き続きフォローします。',NULL,'2025-07-23 09:00:00','2025-10-15 18:38:02'),(1272,9,'2025-07-24','今日は重要な会議があり、プロジェクトの進捗について詳細に議論しました。いくつかの課題が見つかり、対応方針を決定しました。引き続きフォローします。',NULL,'2025-07-24 09:00:00','2025-10-15 18:38:02'),(1273,9,'2025-07-25','今日は重要な会議があり、プロジェクトの進捗について詳細に議論しました。いくつかの課題が見つかり、対応方針を決定しました。引き続きフォローします。',NULL,'2025-07-25 09:00:00','2025-10-15 18:38:02'),(1274,9,'2025-07-28','今日は重要な会議があり、プロジェクトの進捗について詳細に議論しました。いくつかの課題が見つかり、対応方針を決定しました。引き続きフォローします。',NULL,'2025-07-28 09:00:00','2025-10-15 18:38:02'),(1275,9,'2025-07-29','今日は重要な会議があり、プロジェクトの進捗について詳細に議論しました。いくつかの課題が見つかり、対応方針を決定しました。引き続きフォローします。',NULL,'2025-07-29 09:00:00','2025-10-15 18:38:02'),(1276,9,'2025-07-30','今日は重要な会議があり、プロジェクトの進捗について詳細に議論しました。いくつかの課題が見つかり、対応方針を決定しました。引き続きフォローします。',NULL,'2025-07-30 09:00:00','2025-10-15 18:38:02'),(1277,9,'2025-07-31','今日は重要な会議があり、プロジェクトの進捗について詳細に議論しました。いくつかの課題が見つかり、対応方針を決定しました。引き続きフォローします。',NULL,'2025-07-31 09:00:00','2025-10-15 18:38:02'),(1278,9,'2025-08-01','今日は重要な会議があり、プロジェクトの進捗について詳細に議論しました。いくつかの課題が見つかり、対応方針を決定しました。引き続きフォローします。',NULL,'2025-08-01 09:00:00','2025-10-15 18:38:02'),(1279,9,'2025-08-04','今日は重要な会議があり、プロジェクトの進捗について詳細に議論しました。いくつかの課題が見つかり、対応方針を決定しました。引き続きフォローします。',NULL,'2025-08-04 09:00:00','2025-10-15 18:38:02'),(1280,9,'2025-08-05','今日は重要な会議があり、プロジェクトの進捗について詳細に議論しました。いくつかの課題が見つかり、対応方針を決定しました。引き続きフォローします。',NULL,'2025-08-05 09:00:00','2025-10-15 18:38:02'),(1281,9,'2025-08-06','今日は重要な会議があり、プロジェクトの進捗について詳細に議論しました。いくつかの課題が見つかり、対応方針を決定しました。引き続きフォローします。',NULL,'2025-08-06 09:00:00','2025-10-15 18:38:02'),(1282,9,'2025-08-07','今日は重要な会議があり、プロジェクトの進捗について詳細に議論しました。いくつかの課題が見つかり、対応方針を決定しました。引き続きフォローします。',NULL,'2025-08-07 09:00:00','2025-10-15 18:38:02'),(1283,9,'2025-08-08','今日は重要な会議があり、プロジェクトの進捗について詳細に議論しました。いくつかの課題が見つかり、対応方針を決定しました。引き続きフォローします。',NULL,'2025-08-08 09:00:00','2025-10-15 18:38:02'),(1284,9,'2025-08-11','今日は重要な会議があり、プロジェクトの進捗について詳細に議論しました。いくつかの課題が見つかり、対応方針を決定しました。引き続きフォローします。',NULL,'2025-08-11 09:00:00','2025-10-15 18:38:02'),(1285,9,'2025-08-12','今日は重要な会議があり、プロジェクトの進捗について詳細に議論しました。いくつかの課題が見つかり、対応方針を決定しました。引き続きフォローします。',NULL,'2025-08-12 09:00:00','2025-10-15 18:38:02'),(1286,9,'2025-08-13','今日は重要な会議があり、プロジェクトの進捗について詳細に議論しました。いくつかの課題が見つかり、対応方針を決定しました。引き続きフォローします。',NULL,'2025-08-13 09:00:00','2025-10-15 18:38:02'),(1287,9,'2025-08-14','今日は重要な会議があり、プロジェクトの進捗について詳細に議論しました。いくつかの課題が見つかり、対応方針を決定しました。引き続きフォローします。',NULL,'2025-08-14 09:00:00','2025-10-15 18:38:02'),(1288,9,'2025-08-15','今日は重要な会議があり、プロジェクトの進捗について詳細に議論しました。いくつかの課題が見つかり、対応方針を決定しました。引き続きフォローします。',NULL,'2025-08-15 09:00:00','2025-10-15 18:38:02'),(1289,9,'2025-08-18','今日は重要な会議があり、プロジェクトの進捗について詳細に議論しました。いくつかの課題が見つかり、対応方針を決定しました。引き続きフォローします。',NULL,'2025-08-18 09:00:00','2025-10-15 18:38:02'),(1290,9,'2025-08-19','今日は重要な会議があり、プロジェクトの進捗について詳細に議論しました。いくつかの課題が見つかり、対応方針を決定しました。引き続きフォローします。',NULL,'2025-08-19 09:00:00','2025-10-15 18:38:02'),(1291,9,'2025-08-20','今日は重要な会議があり、プロジェクトの進捗について詳細に議論しました。いくつかの課題が見つかり、対応方針を決定しました。引き続きフォローします。',NULL,'2025-08-20 09:00:00','2025-10-15 18:38:02'),(1292,9,'2025-08-21','今日は重要な会議があり、プロジェクトの進捗について詳細に議論しました。いくつかの課題が見つかり、対応方針を決定しました。引き続きフォローします。',NULL,'2025-08-21 09:00:00','2025-10-15 18:38:02'),(1293,9,'2025-08-22','今日は重要な会議があり、プロジェクトの進捗について詳細に議論しました。いくつかの課題が見つかり、対応方針を決定しました。引き続きフォローします。',NULL,'2025-08-22 09:00:00','2025-10-15 18:38:02'),(1294,9,'2025-08-25','今日は重要な会議があり、プロジェクトの進捗について詳細に議論しました。いくつかの課題が見つかり、対応方針を決定しました。引き続きフォローします。',NULL,'2025-08-25 09:00:00','2025-10-15 18:38:02'),(1295,9,'2025-08-26','今日は重要な会議があり、プロジェクトの進捗について詳細に議論しました。いくつかの課題が見つかり、対応方針を決定しました。引き続きフォローします。',NULL,'2025-08-26 09:00:00','2025-10-15 18:38:02'),(1296,9,'2025-08-27','今日は重要な会議があり、プロジェクトの進捗について詳細に議論しました。いくつかの課題が見つかり、対応方針を決定しました。引き続きフォローします。',NULL,'2025-08-27 09:00:00','2025-10-15 18:38:02'),(1297,9,'2025-08-28','今日は重要な会議があり、プロジェクトの進捗について詳細に議論しました。いくつかの課題が見つかり、対応方針を決定しました。引き続きフォローします。',NULL,'2025-08-28 09:00:00','2025-10-15 18:38:02'),(1298,9,'2025-08-29','今日は重要な会議があり、プロジェクトの進捗について詳細に議論しました。いくつかの課題が見つかり、対応方針を決定しました。引き続きフォローします。',NULL,'2025-08-29 09:00:00','2025-10-15 18:38:02'),(1299,9,'2025-09-01','今日は重要な会議があり、プロジェクトの進捗について詳細に議論しました。いくつかの課題が見つかり、対応方針を決定しました。引き続きフォローします。',NULL,'2025-09-01 09:00:00','2025-10-15 18:38:02'),(1300,9,'2025-09-02','今日は重要な会議があり、プロジェクトの進捗について詳細に議論しました。いくつかの課題が見つかり、対応方針を決定しました。引き続きフォローします。',NULL,'2025-09-02 09:00:00','2025-10-15 18:38:02'),(1301,9,'2025-09-03','今日は重要な会議があり、プロジェクトの進捗について詳細に議論しました。いくつかの課題が見つかり、対応方針を決定しました。引き続きフォローします。',NULL,'2025-09-03 09:00:00','2025-10-15 18:38:02'),(1302,9,'2025-09-04','今日は重要な会議があり、プロジェクトの進捗について詳細に議論しました。いくつかの課題が見つかり、対応方針を決定しました。引き続きフォローします。',NULL,'2025-09-04 09:00:00','2025-10-15 18:38:02'),(1303,9,'2025-09-05','今日は重要な会議があり、プロジェクトの進捗について詳細に議論しました。いくつかの課題が見つかり、対応方針を決定しました。引き続きフォローします。',NULL,'2025-09-05 09:00:00','2025-10-15 18:38:02'),(1304,9,'2025-09-08','今日は重要な会議があり、プロジェクトの進捗について詳細に議論しました。いくつかの課題が見つかり、対応方針を決定しました。引き続きフォローします。',NULL,'2025-09-08 09:00:00','2025-10-15 18:38:02'),(1305,9,'2025-09-09','今日は重要な会議があり、プロジェクトの進捗について詳細に議論しました。いくつかの課題が見つかり、対応方針を決定しました。引き続きフォローします。',NULL,'2025-09-09 09:00:00','2025-10-15 18:38:02'),(1306,9,'2025-09-10','今日は重要な会議があり、プロジェクトの進捗について詳細に議論しました。いくつかの課題が見つかり、対応方針を決定しました。引き続きフォローします。',NULL,'2025-09-10 09:00:00','2025-10-15 18:38:02'),(1307,9,'2025-09-11','今日は重要な会議があり、プロジェクトの進捗について詳細に議論しました。いくつかの課題が見つかり、対応方針を決定しました。引き続きフォローします。',NULL,'2025-09-11 09:00:00','2025-10-15 18:38:02'),(1308,9,'2025-09-12','今日は重要な会議があり、プロジェクトの進捗について詳細に議論しました。いくつかの課題が見つかり、対応方針を決定しました。引き続きフォローします。',NULL,'2025-09-12 09:00:00','2025-10-15 18:38:02'),(1309,9,'2025-09-15','今日は重要な会議があり、プロジェクトの進捗について詳細に議論しました。いくつかの課題が見つかり、対応方針を決定しました。引き続きフォローします。',NULL,'2025-09-15 09:00:00','2025-10-15 18:38:02'),(1310,9,'2025-09-16','今日は重要な会議があり、プロジェクトの進捗について詳細に議論しました。いくつかの課題が見つかり、対応方針を決定しました。引き続きフォローします。',NULL,'2025-09-16 09:00:00','2025-10-15 18:38:02'),(1311,9,'2025-09-17','今日は重要な会議があり、プロジェクトの進捗について詳細に議論しました。いくつかの課題が見つかり、対応方針を決定しました。引き続きフォローします。',NULL,'2025-09-17 09:00:00','2025-10-15 18:38:02'),(1312,9,'2025-09-18','今日は重要な会議があり、プロジェクトの進捗について詳細に議論しました。いくつかの課題が見つかり、対応方針を決定しました。引き続きフォローします。',NULL,'2025-09-18 09:00:00','2025-10-15 18:38:02'),(1313,9,'2025-09-19','今日は重要な会議があり、プロジェクトの進捗について詳細に議論しました。いくつかの課題が見つかり、対応方針を決定しました。引き続きフォローします。',NULL,'2025-09-19 09:00:00','2025-10-15 18:38:02'),(1314,9,'2025-09-22','今日は重要な会議があり、プロジェクトの進捗について詳細に議論しました。いくつかの課題が見つかり、対応方針を決定しました。引き続きフォローします。',NULL,'2025-09-22 09:00:00','2025-10-15 18:38:02'),(1315,9,'2025-09-23','今日は重要な会議があり、プロジェクトの進捗について詳細に議論しました。いくつかの課題が見つかり、対応方針を決定しました。引き続きフォローします。',NULL,'2025-09-23 09:00:00','2025-10-15 18:38:02'),(1316,9,'2025-09-24','今日は重要な会議があり、プロジェクトの進捗について詳細に議論しました。いくつかの課題が見つかり、対応方針を決定しました。引き続きフォローします。',NULL,'2025-09-24 09:00:00','2025-10-15 18:38:02'),(1317,9,'2025-09-25','今日は重要な会議があり、プロジェクトの進捗について詳細に議論しました。いくつかの課題が見つかり、対応方針を決定しました。引き続きフォローします。',NULL,'2025-09-25 09:00:00','2025-10-15 18:38:02'),(1318,9,'2025-09-26','今日は重要な会議があり、プロジェクトの進捗について詳細に議論しました。いくつかの課題が見つかり、対応方針を決定しました。引き続きフォローします。',NULL,'2025-09-26 09:00:00','2025-10-15 18:38:02'),(1319,9,'2025-09-29','今日は重要な会議があり、プロジェクトの進捗について詳細に議論しました。いくつかの課題が見つかり、対応方針を決定しました。引き続きフォローします。',NULL,'2025-09-29 09:00:00','2025-10-15 18:38:02'),(1320,9,'2025-09-30','今日は重要な会議があり、プロジェクトの進捗について詳細に議論しました。いくつかの課題が見つかり、対応方針を決定しました。引き続きフォローします。','[1]','2025-09-30 09:00:00','2025-10-15 18:48:03'),(1321,12,'2025-07-01','今日は重要な会議があり、プロジェクトの進捗について詳細に議論しました。いくつかの課題が見つかり、対応方針を決定しました。引き続きフォローします。',NULL,'2025-07-01 09:00:00','2025-10-15 18:38:02'),(1322,12,'2025-07-02','今日は重要な会議があり、プロジェクトの進捗について詳細に議論しました。いくつかの課題が見つかり、対応方針を決定しました。引き続きフォローします。',NULL,'2025-07-02 09:00:00','2025-10-15 18:38:02'),(1323,12,'2025-07-03','今日は重要な会議があり、プロジェクトの進捗について詳細に議論しました。いくつかの課題が見つかり、対応方針を決定しました。引き続きフォローします。',NULL,'2025-07-03 09:00:00','2025-10-15 18:38:02'),(1324,12,'2025-07-04','今日は重要な会議があり、プロジェクトの進捗について詳細に議論しました。いくつかの課題が見つかり、対応方針を決定しました。引き続きフォローします。',NULL,'2025-07-04 09:00:00','2025-10-15 18:38:02'),(1325,12,'2025-07-07','今日は重要な会議があり、プロジェクトの進捗について詳細に議論しました。いくつかの課題が見つかり、対応方針を決定しました。引き続きフォローします。',NULL,'2025-07-07 09:00:00','2025-10-15 18:38:02'),(1326,12,'2025-07-08','今日は重要な会議があり、プロジェクトの進捗について詳細に議論しました。いくつかの課題が見つかり、対応方針を決定しました。引き続きフォローします。',NULL,'2025-07-08 09:00:00','2025-10-15 18:38:02'),(1327,12,'2025-07-09','今日は重要な会議があり、プロジェクトの進捗について詳細に議論しました。いくつかの課題が見つかり、対応方針を決定しました。引き続きフォローします。',NULL,'2025-07-09 09:00:00','2025-10-15 18:38:02'),(1328,12,'2025-07-10','今日は重要な会議があり、プロジェクトの進捗について詳細に議論しました。いくつかの課題が見つかり、対応方針を決定しました。引き続きフォローします。',NULL,'2025-07-10 09:00:00','2025-10-15 18:38:02'),(1329,12,'2025-07-11','今日は重要な会議があり、プロジェクトの進捗について詳細に議論しました。いくつかの課題が見つかり、対応方針を決定しました。引き続きフォローします。',NULL,'2025-07-11 09:00:00','2025-10-15 18:38:02'),(1330,12,'2025-07-14','今日は重要な会議があり、プロジェクトの進捗について詳細に議論しました。いくつかの課題が見つかり、対応方針を決定しました。引き続きフォローします。',NULL,'2025-07-14 09:00:00','2025-10-15 18:38:02'),(1331,12,'2025-07-15','今日は重要な会議があり、プロジェクトの進捗について詳細に議論しました。いくつかの課題が見つかり、対応方針を決定しました。引き続きフォローします。',NULL,'2025-07-15 09:00:00','2025-10-15 18:38:02'),(1332,12,'2025-07-16','今日は重要な会議があり、プロジェクトの進捗について詳細に議論しました。いくつかの課題が見つかり、対応方針を決定しました。引き続きフォローします。',NULL,'2025-07-16 09:00:00','2025-10-15 18:38:02'),(1333,12,'2025-07-17','今日は重要な会議があり、プロジェクトの進捗について詳細に議論しました。いくつかの課題が見つかり、対応方針を決定しました。引き続きフォローします。',NULL,'2025-07-17 09:00:00','2025-10-15 18:38:02'),(1334,12,'2025-07-18','今日は重要な会議があり、プロジェクトの進捗について詳細に議論しました。いくつかの課題が見つかり、対応方針を決定しました。引き続きフォローします。',NULL,'2025-07-18 09:00:00','2025-10-15 18:38:02'),(1335,12,'2025-07-21','今日は重要な会議があり、プロジェクトの進捗について詳細に議論しました。いくつかの課題が見つかり、対応方針を決定しました。引き続きフォローします。',NULL,'2025-07-21 09:00:00','2025-10-15 18:38:02'),(1336,12,'2025-07-22','今日は重要な会議があり、プロジェクトの進捗について詳細に議論しました。いくつかの課題が見つかり、対応方針を決定しました。引き続きフォローします。',NULL,'2025-07-22 09:00:00','2025-10-15 18:38:02'),(1337,12,'2025-07-23','今日は重要な会議があり、プロジェクトの進捗について詳細に議論しました。いくつかの課題が見つかり、対応方針を決定しました。引き続きフォローします。',NULL,'2025-07-23 09:00:00','2025-10-15 18:38:02'),(1338,12,'2025-07-24','今日は重要な会議があり、プロジェクトの進捗について詳細に議論しました。いくつかの課題が見つかり、対応方針を決定しました。引き続きフォローします。',NULL,'2025-07-24 09:00:00','2025-10-15 18:38:02'),(1339,12,'2025-07-25','今日は重要な会議があり、プロジェクトの進捗について詳細に議論しました。いくつかの課題が見つかり、対応方針を決定しました。引き続きフォローします。',NULL,'2025-07-25 09:00:00','2025-10-15 18:38:02'),(1340,12,'2025-07-28','今日は重要な会議があり、プロジェクトの進捗について詳細に議論しました。いくつかの課題が見つかり、対応方針を決定しました。引き続きフォローします。',NULL,'2025-07-28 09:00:00','2025-10-15 18:38:02'),(1341,12,'2025-07-29','今日は重要な会議があり、プロジェクトの進捗について詳細に議論しました。いくつかの課題が見つかり、対応方針を決定しました。引き続きフォローします。',NULL,'2025-07-29 09:00:00','2025-10-15 18:38:02'),(1342,12,'2025-07-30','今日は重要な会議があり、プロジェクトの進捗について詳細に議論しました。いくつかの課題が見つかり、対応方針を決定しました。引き続きフォローします。',NULL,'2025-07-30 09:00:00','2025-10-15 18:38:02'),(1343,12,'2025-07-31','今日は重要な会議があり、プロジェクトの進捗について詳細に議論しました。いくつかの課題が見つかり、対応方針を決定しました。引き続きフォローします。',NULL,'2025-07-31 09:00:00','2025-10-15 18:38:02'),(1344,12,'2025-08-01','今日は重要な会議があり、プロジェクトの進捗について詳細に議論しました。いくつかの課題が見つかり、対応方針を決定しました。引き続きフォローします。',NULL,'2025-08-01 09:00:00','2025-10-15 18:38:02'),(1345,12,'2025-08-04','今日は重要な会議があり、プロジェクトの進捗について詳細に議論しました。いくつかの課題が見つかり、対応方針を決定しました。引き続きフォローします。',NULL,'2025-08-04 09:00:00','2025-10-15 18:38:02'),(1346,12,'2025-08-05','今日は重要な会議があり、プロジェクトの進捗について詳細に議論しました。いくつかの課題が見つかり、対応方針を決定しました。引き続きフォローします。',NULL,'2025-08-05 09:00:00','2025-10-15 18:38:02'),(1347,12,'2025-08-06','今日は重要な会議があり、プロジェクトの進捗について詳細に議論しました。いくつかの課題が見つかり、対応方針を決定しました。引き続きフォローします。',NULL,'2025-08-06 09:00:00','2025-10-15 18:38:02'),(1348,12,'2025-08-07','今日は重要な会議があり、プロジェクトの進捗について詳細に議論しました。いくつかの課題が見つかり、対応方針を決定しました。引き続きフォローします。',NULL,'2025-08-07 09:00:00','2025-10-15 18:38:02'),(1349,12,'2025-08-08','今日は重要な会議があり、プロジェクトの進捗について詳細に議論しました。いくつかの課題が見つかり、対応方針を決定しました。引き続きフォローします。',NULL,'2025-08-08 09:00:00','2025-10-15 18:38:02'),(1350,12,'2025-08-11','今日は重要な会議があり、プロジェクトの進捗について詳細に議論しました。いくつかの課題が見つかり、対応方針を決定しました。引き続きフォローします。',NULL,'2025-08-11 09:00:00','2025-10-15 18:38:02'),(1351,12,'2025-08-12','今日は重要な会議があり、プロジェクトの進捗について詳細に議論しました。いくつかの課題が見つかり、対応方針を決定しました。引き続きフォローします。',NULL,'2025-08-12 09:00:00','2025-10-15 18:38:02'),(1352,12,'2025-08-13','今日は重要な会議があり、プロジェクトの進捗について詳細に議論しました。いくつかの課題が見つかり、対応方針を決定しました。引き続きフォローします。',NULL,'2025-08-13 09:00:00','2025-10-15 18:38:02'),(1353,12,'2025-08-14','今日は重要な会議があり、プロジェクトの進捗について詳細に議論しました。いくつかの課題が見つかり、対応方針を決定しました。引き続きフォローします。',NULL,'2025-08-14 09:00:00','2025-10-15 18:38:02'),(1354,12,'2025-08-15','今日は重要な会議があり、プロジェクトの進捗について詳細に議論しました。いくつかの課題が見つかり、対応方針を決定しました。引き続きフォローします。',NULL,'2025-08-15 09:00:00','2025-10-15 18:38:02'),(1355,12,'2025-08-18','今日は重要な会議があり、プロジェクトの進捗について詳細に議論しました。いくつかの課題が見つかり、対応方針を決定しました。引き続きフォローします。',NULL,'2025-08-18 09:00:00','2025-10-15 18:38:02'),(1356,12,'2025-08-19','今日は重要な会議があり、プロジェクトの進捗について詳細に議論しました。いくつかの課題が見つかり、対応方針を決定しました。引き続きフォローします。',NULL,'2025-08-19 09:00:00','2025-10-15 18:38:02'),(1357,12,'2025-08-20','今日は重要な会議があり、プロジェクトの進捗について詳細に議論しました。いくつかの課題が見つかり、対応方針を決定しました。引き続きフォローします。',NULL,'2025-08-20 09:00:00','2025-10-15 18:38:02'),(1358,12,'2025-08-21','今日は重要な会議があり、プロジェクトの進捗について詳細に議論しました。いくつかの課題が見つかり、対応方針を決定しました。引き続きフォローします。',NULL,'2025-08-21 09:00:00','2025-10-15 18:38:02'),(1359,12,'2025-08-22','今日は重要な会議があり、プロジェクトの進捗について詳細に議論しました。いくつかの課題が見つかり、対応方針を決定しました。引き続きフォローします。',NULL,'2025-08-22 09:00:00','2025-10-15 18:38:02'),(1360,12,'2025-08-25','今日は重要な会議があり、プロジェクトの進捗について詳細に議論しました。いくつかの課題が見つかり、対応方針を決定しました。引き続きフォローします。',NULL,'2025-08-25 09:00:00','2025-10-15 18:38:02'),(1361,12,'2025-08-26','今日は重要な会議があり、プロジェクトの進捗について詳細に議論しました。いくつかの課題が見つかり、対応方針を決定しました。引き続きフォローします。',NULL,'2025-08-26 09:00:00','2025-10-15 18:38:02'),(1362,12,'2025-08-27','今日は重要な会議があり、プロジェクトの進捗について詳細に議論しました。いくつかの課題が見つかり、対応方針を決定しました。引き続きフォローします。',NULL,'2025-08-27 09:00:00','2025-10-15 18:38:02'),(1363,12,'2025-08-28','今日は重要な会議があり、プロジェクトの進捗について詳細に議論しました。いくつかの課題が見つかり、対応方針を決定しました。引き続きフォローします。',NULL,'2025-08-28 09:00:00','2025-10-15 18:38:02'),(1364,12,'2025-08-29','今日は重要な会議があり、プロジェクトの進捗について詳細に議論しました。いくつかの課題が見つかり、対応方針を決定しました。引き続きフォローします。',NULL,'2025-08-29 09:00:00','2025-10-15 18:38:02'),(1365,12,'2025-09-01','今日は重要な会議があり、プロジェクトの進捗について詳細に議論しました。いくつかの課題が見つかり、対応方針を決定しました。引き続きフォローします。',NULL,'2025-09-01 09:00:00','2025-10-15 18:38:02'),(1366,12,'2025-09-02','今日は重要な会議があり、プロジェクトの進捗について詳細に議論しました。いくつかの課題が見つかり、対応方針を決定しました。引き続きフォローします。',NULL,'2025-09-02 09:00:00','2025-10-15 18:38:02'),(1367,12,'2025-09-03','今日は重要な会議があり、プロジェクトの進捗について詳細に議論しました。いくつかの課題が見つかり、対応方針を決定しました。引き続きフォローします。',NULL,'2025-09-03 09:00:00','2025-10-15 18:38:02'),(1368,12,'2025-09-04','今日は重要な会議があり、プロジェクトの進捗について詳細に議論しました。いくつかの課題が見つかり、対応方針を決定しました。引き続きフォローします。',NULL,'2025-09-04 09:00:00','2025-10-15 18:38:02'),(1369,12,'2025-09-05','今日は重要な会議があり、プロジェクトの進捗について詳細に議論しました。いくつかの課題が見つかり、対応方針を決定しました。引き続きフォローします。',NULL,'2025-09-05 09:00:00','2025-10-15 18:38:02'),(1370,12,'2025-09-08','今日は重要な会議があり、プロジェクトの進捗について詳細に議論しました。いくつかの課題が見つかり、対応方針を決定しました。引き続きフォローします。',NULL,'2025-09-08 09:00:00','2025-10-15 18:38:02'),(1371,12,'2025-09-09','今日は重要な会議があり、プロジェクトの進捗について詳細に議論しました。いくつかの課題が見つかり、対応方針を決定しました。引き続きフォローします。',NULL,'2025-09-09 09:00:00','2025-10-15 18:38:02'),(1372,12,'2025-09-10','今日は重要な会議があり、プロジェクトの進捗について詳細に議論しました。いくつかの課題が見つかり、対応方針を決定しました。引き続きフォローします。',NULL,'2025-09-10 09:00:00','2025-10-15 18:38:02'),(1373,12,'2025-09-11','今日は重要な会議があり、プロジェクトの進捗について詳細に議論しました。いくつかの課題が見つかり、対応方針を決定しました。引き続きフォローします。',NULL,'2025-09-11 09:00:00','2025-10-15 18:38:02'),(1374,12,'2025-09-12','今日は重要な会議があり、プロジェクトの進捗について詳細に議論しました。いくつかの課題が見つかり、対応方針を決定しました。引き続きフォローします。',NULL,'2025-09-12 09:00:00','2025-10-15 18:38:02'),(1375,12,'2025-09-15','今日は重要な会議があり、プロジェクトの進捗について詳細に議論しました。いくつかの課題が見つかり、対応方針を決定しました。引き続きフォローします。',NULL,'2025-09-15 09:00:00','2025-10-15 18:38:02'),(1376,12,'2025-09-16','今日は重要な会議があり、プロジェクトの進捗について詳細に議論しました。いくつかの課題が見つかり、対応方針を決定しました。引き続きフォローします。',NULL,'2025-09-16 09:00:00','2025-10-15 18:38:02'),(1377,12,'2025-09-17','今日は重要な会議があり、プロジェクトの進捗について詳細に議論しました。いくつかの課題が見つかり、対応方針を決定しました。引き続きフォローします。',NULL,'2025-09-17 09:00:00','2025-10-15 18:38:02'),(1378,12,'2025-09-18','今日は重要な会議があり、プロジェクトの進捗について詳細に議論しました。いくつかの課題が見つかり、対応方針を決定しました。引き続きフォローします。',NULL,'2025-09-18 09:00:00','2025-10-15 18:38:02'),(1379,12,'2025-09-19','今日は重要な会議があり、プロジェクトの進捗について詳細に議論しました。いくつかの課題が見つかり、対応方針を決定しました。引き続きフォローします。',NULL,'2025-09-19 09:00:00','2025-10-15 18:38:02'),(1380,12,'2025-09-22','今日は重要な会議があり、プロジェクトの進捗について詳細に議論しました。いくつかの課題が見つかり、対応方針を決定しました。引き続きフォローします。',NULL,'2025-09-22 09:00:00','2025-10-15 18:38:02'),(1381,12,'2025-09-23','今日は重要な会議があり、プロジェクトの進捗について詳細に議論しました。いくつかの課題が見つかり、対応方針を決定しました。引き続きフォローします。',NULL,'2025-09-23 09:00:00','2025-10-15 18:38:02'),(1382,12,'2025-09-24','今日は重要な会議があり、プロジェクトの進捗について詳細に議論しました。いくつかの課題が見つかり、対応方針を決定しました。引き続きフォローします。',NULL,'2025-09-24 09:00:00','2025-10-15 18:38:02'),(1383,12,'2025-09-25','今日は重要な会議があり、プロジェクトの進捗について詳細に議論しました。いくつかの課題が見つかり、対応方針を決定しました。引き続きフォローします。',NULL,'2025-09-25 09:00:00','2025-10-15 18:38:02'),(1384,12,'2025-09-26','今日は重要な会議があり、プロジェクトの進捗について詳細に議論しました。いくつかの課題が見つかり、対応方針を決定しました。引き続きフォローします。',NULL,'2025-09-26 09:00:00','2025-10-15 18:38:02'),(1385,12,'2025-09-29','今日は重要な会議があり、プロジェクトの進捗について詳細に議論しました。いくつかの課題が見つかり、対応方針を決定しました。引き続きフォローします。',NULL,'2025-09-29 09:00:00','2025-10-15 18:38:02'),(1386,12,'2025-09-30','今日は重要な会議があり、プロジェクトの進捗について詳細に議論しました。いくつかの課題が見つかり、対応方針を決定しました。引き続きフォローします。','[1]','2025-09-30 09:00:00','2025-10-15 18:48:03'),(1387,13,'2025-07-01','今日は重要な会議があり、プロジェクトの進捗について詳細に議論しました。いくつかの課題が見つかり、対応方針を決定しました。引き続きフォローします。',NULL,'2025-07-01 09:00:00','2025-10-15 18:38:02'),(1388,13,'2025-07-02','今日は重要な会議があり、プロジェクトの進捗について詳細に議論しました。いくつかの課題が見つかり、対応方針を決定しました。引き続きフォローします。',NULL,'2025-07-02 09:00:00','2025-10-15 18:38:02'),(1389,13,'2025-07-03','今日は重要な会議があり、プロジェクトの進捗について詳細に議論しました。いくつかの課題が見つかり、対応方針を決定しました。引き続きフォローします。',NULL,'2025-07-03 09:00:00','2025-10-15 18:38:02'),(1390,13,'2025-07-04','今日は重要な会議があり、プロジェクトの進捗について詳細に議論しました。いくつかの課題が見つかり、対応方針を決定しました。引き続きフォローします。',NULL,'2025-07-04 09:00:00','2025-10-15 18:38:02'),(1391,13,'2025-07-07','今日は重要な会議があり、プロジェクトの進捗について詳細に議論しました。いくつかの課題が見つかり、対応方針を決定しました。引き続きフォローします。',NULL,'2025-07-07 09:00:00','2025-10-15 18:38:02'),(1392,13,'2025-07-08','今日は重要な会議があり、プロジェクトの進捗について詳細に議論しました。いくつかの課題が見つかり、対応方針を決定しました。引き続きフォローします。',NULL,'2025-07-08 09:00:00','2025-10-15 18:38:02'),(1393,13,'2025-07-09','今日は重要な会議があり、プロジェクトの進捗について詳細に議論しました。いくつかの課題が見つかり、対応方針を決定しました。引き続きフォローします。',NULL,'2025-07-09 09:00:00','2025-10-15 18:38:02'),(1394,13,'2025-07-10','今日は重要な会議があり、プロジェクトの進捗について詳細に議論しました。いくつかの課題が見つかり、対応方針を決定しました。引き続きフォローします。',NULL,'2025-07-10 09:00:00','2025-10-15 18:38:02'),(1395,13,'2025-07-11','今日は重要な会議があり、プロジェクトの進捗について詳細に議論しました。いくつかの課題が見つかり、対応方針を決定しました。引き続きフォローします。',NULL,'2025-07-11 09:00:00','2025-10-15 18:38:02'),(1396,13,'2025-07-14','今日は重要な会議があり、プロジェクトの進捗について詳細に議論しました。いくつかの課題が見つかり、対応方針を決定しました。引き続きフォローします。',NULL,'2025-07-14 09:00:00','2025-10-15 18:38:02'),(1397,13,'2025-07-15','今日は重要な会議があり、プロジェクトの進捗について詳細に議論しました。いくつかの課題が見つかり、対応方針を決定しました。引き続きフォローします。',NULL,'2025-07-15 09:00:00','2025-10-15 18:38:02'),(1398,13,'2025-07-16','今日は重要な会議があり、プロジェクトの進捗について詳細に議論しました。いくつかの課題が見つかり、対応方針を決定しました。引き続きフォローします。',NULL,'2025-07-16 09:00:00','2025-10-15 18:38:02'),(1399,13,'2025-07-17','今日は重要な会議があり、プロジェクトの進捗について詳細に議論しました。いくつかの課題が見つかり、対応方針を決定しました。引き続きフォローします。',NULL,'2025-07-17 09:00:00','2025-10-15 18:38:02'),(1400,13,'2025-07-18','今日は重要な会議があり、プロジェクトの進捗について詳細に議論しました。いくつかの課題が見つかり、対応方針を決定しました。引き続きフォローします。',NULL,'2025-07-18 09:00:00','2025-10-15 18:38:02'),(1401,13,'2025-07-21','今日は重要な会議があり、プロジェクトの進捗について詳細に議論しました。いくつかの課題が見つかり、対応方針を決定しました。引き続きフォローします。',NULL,'2025-07-21 09:00:00','2025-10-15 18:38:02'),(1402,13,'2025-07-22','今日は重要な会議があり、プロジェクトの進捗について詳細に議論しました。いくつかの課題が見つかり、対応方針を決定しました。引き続きフォローします。',NULL,'2025-07-22 09:00:00','2025-10-15 18:38:02'),(1403,13,'2025-07-23','今日は重要な会議があり、プロジェクトの進捗について詳細に議論しました。いくつかの課題が見つかり、対応方針を決定しました。引き続きフォローします。',NULL,'2025-07-23 09:00:00','2025-10-15 18:38:02'),(1404,13,'2025-07-24','今日は重要な会議があり、プロジェクトの進捗について詳細に議論しました。いくつかの課題が見つかり、対応方針を決定しました。引き続きフォローします。',NULL,'2025-07-24 09:00:00','2025-10-15 18:38:02'),(1405,13,'2025-07-25','今日は重要な会議があり、プロジェクトの進捗について詳細に議論しました。いくつかの課題が見つかり、対応方針を決定しました。引き続きフォローします。',NULL,'2025-07-25 09:00:00','2025-10-15 18:38:02'),(1406,13,'2025-07-28','今日は重要な会議があり、プロジェクトの進捗について詳細に議論しました。いくつかの課題が見つかり、対応方針を決定しました。引き続きフォローします。',NULL,'2025-07-28 09:00:00','2025-10-15 18:38:02'),(1407,13,'2025-07-29','今日は重要な会議があり、プロジェクトの進捗について詳細に議論しました。いくつかの課題が見つかり、対応方針を決定しました。引き続きフォローします。',NULL,'2025-07-29 09:00:00','2025-10-15 18:38:02'),(1408,13,'2025-07-30','今日は重要な会議があり、プロジェクトの進捗について詳細に議論しました。いくつかの課題が見つかり、対応方針を決定しました。引き続きフォローします。',NULL,'2025-07-30 09:00:00','2025-10-15 18:38:02'),(1409,13,'2025-07-31','今日は重要な会議があり、プロジェクトの進捗について詳細に議論しました。いくつかの課題が見つかり、対応方針を決定しました。引き続きフォローします。',NULL,'2025-07-31 09:00:00','2025-10-15 18:38:02'),(1410,13,'2025-08-01','今日は重要な会議があり、プロジェクトの進捗について詳細に議論しました。いくつかの課題が見つかり、対応方針を決定しました。引き続きフォローします。',NULL,'2025-08-01 09:00:00','2025-10-15 18:38:02'),(1411,13,'2025-08-04','今日は重要な会議があり、プロジェクトの進捗について詳細に議論しました。いくつかの課題が見つかり、対応方針を決定しました。引き続きフォローします。',NULL,'2025-08-04 09:00:00','2025-10-15 18:38:02'),(1412,13,'2025-08-05','今日は重要な会議があり、プロジェクトの進捗について詳細に議論しました。いくつかの課題が見つかり、対応方針を決定しました。引き続きフォローします。',NULL,'2025-08-05 09:00:00','2025-10-15 18:38:02'),(1413,13,'2025-08-06','今日は重要な会議があり、プロジェクトの進捗について詳細に議論しました。いくつかの課題が見つかり、対応方針を決定しました。引き続きフォローします。',NULL,'2025-08-06 09:00:00','2025-10-15 18:38:02'),(1414,13,'2025-08-07','今日は重要な会議があり、プロジェクトの進捗について詳細に議論しました。いくつかの課題が見つかり、対応方針を決定しました。引き続きフォローします。',NULL,'2025-08-07 09:00:00','2025-10-15 18:38:02'),(1415,13,'2025-08-08','今日は重要な会議があり、プロジェクトの進捗について詳細に議論しました。いくつかの課題が見つかり、対応方針を決定しました。引き続きフォローします。',NULL,'2025-08-08 09:00:00','2025-10-15 18:38:02'),(1416,13,'2025-08-11','今日は重要な会議があり、プロジェクトの進捗について詳細に議論しました。いくつかの課題が見つかり、対応方針を決定しました。引き続きフォローします。',NULL,'2025-08-11 09:00:00','2025-10-15 18:38:02'),(1417,13,'2025-08-12','今日は重要な会議があり、プロジェクトの進捗について詳細に議論しました。いくつかの課題が見つかり、対応方針を決定しました。引き続きフォローします。',NULL,'2025-08-12 09:00:00','2025-10-15 18:38:02'),(1418,13,'2025-08-13','今日は重要な会議があり、プロジェクトの進捗について詳細に議論しました。いくつかの課題が見つかり、対応方針を決定しました。引き続きフォローします。',NULL,'2025-08-13 09:00:00','2025-10-15 18:38:02'),(1419,13,'2025-08-14','今日は重要な会議があり、プロジェクトの進捗について詳細に議論しました。いくつかの課題が見つかり、対応方針を決定しました。引き続きフォローします。',NULL,'2025-08-14 09:00:00','2025-10-15 18:38:02'),(1420,13,'2025-08-15','今日は重要な会議があり、プロジェクトの進捗について詳細に議論しました。いくつかの課題が見つかり、対応方針を決定しました。引き続きフォローします。',NULL,'2025-08-15 09:00:00','2025-10-15 18:38:02'),(1421,13,'2025-08-18','今日は重要な会議があり、プロジェクトの進捗について詳細に議論しました。いくつかの課題が見つかり、対応方針を決定しました。引き続きフォローします。',NULL,'2025-08-18 09:00:00','2025-10-15 18:38:02'),(1422,13,'2025-08-19','今日は重要な会議があり、プロジェクトの進捗について詳細に議論しました。いくつかの課題が見つかり、対応方針を決定しました。引き続きフォローします。',NULL,'2025-08-19 09:00:00','2025-10-15 18:38:02'),(1423,13,'2025-08-20','今日は重要な会議があり、プロジェクトの進捗について詳細に議論しました。いくつかの課題が見つかり、対応方針を決定しました。引き続きフォローします。',NULL,'2025-08-20 09:00:00','2025-10-15 18:38:02'),(1424,13,'2025-08-21','今日は重要な会議があり、プロジェクトの進捗について詳細に議論しました。いくつかの課題が見つかり、対応方針を決定しました。引き続きフォローします。',NULL,'2025-08-21 09:00:00','2025-10-15 18:38:02'),(1425,13,'2025-08-22','今日は重要な会議があり、プロジェクトの進捗について詳細に議論しました。いくつかの課題が見つかり、対応方針を決定しました。引き続きフォローします。',NULL,'2025-08-22 09:00:00','2025-10-15 18:38:02'),(1426,13,'2025-08-25','今日は重要な会議があり、プロジェクトの進捗について詳細に議論しました。いくつかの課題が見つかり、対応方針を決定しました。引き続きフォローします。',NULL,'2025-08-25 09:00:00','2025-10-15 18:38:02'),(1427,13,'2025-08-26','今日は重要な会議があり、プロジェクトの進捗について詳細に議論しました。いくつかの課題が見つかり、対応方針を決定しました。引き続きフォローします。',NULL,'2025-08-26 09:00:00','2025-10-15 18:38:02'),(1428,13,'2025-08-27','今日は重要な会議があり、プロジェクトの進捗について詳細に議論しました。いくつかの課題が見つかり、対応方針を決定しました。引き続きフォローします。',NULL,'2025-08-27 09:00:00','2025-10-15 18:38:02'),(1429,13,'2025-08-28','今日は重要な会議があり、プロジェクトの進捗について詳細に議論しました。いくつかの課題が見つかり、対応方針を決定しました。引き続きフォローします。',NULL,'2025-08-28 09:00:00','2025-10-15 18:38:02'),(1430,13,'2025-08-29','今日は重要な会議があり、プロジェクトの進捗について詳細に議論しました。いくつかの課題が見つかり、対応方針を決定しました。引き続きフォローします。',NULL,'2025-08-29 09:00:00','2025-10-15 18:38:02'),(1431,13,'2025-09-01','今日は重要な会議があり、プロジェクトの進捗について詳細に議論しました。いくつかの課題が見つかり、対応方針を決定しました。引き続きフォローします。',NULL,'2025-09-01 09:00:00','2025-10-15 18:38:02'),(1432,13,'2025-09-02','今日は重要な会議があり、プロジェクトの進捗について詳細に議論しました。いくつかの課題が見つかり、対応方針を決定しました。引き続きフォローします。',NULL,'2025-09-02 09:00:00','2025-10-15 18:38:02'),(1433,13,'2025-09-03','今日は重要な会議があり、プロジェクトの進捗について詳細に議論しました。いくつかの課題が見つかり、対応方針を決定しました。引き続きフォローします。',NULL,'2025-09-03 09:00:00','2025-10-15 18:38:02'),(1434,13,'2025-09-04','今日は重要な会議があり、プロジェクトの進捗について詳細に議論しました。いくつかの課題が見つかり、対応方針を決定しました。引き続きフォローします。',NULL,'2025-09-04 09:00:00','2025-10-15 18:38:02'),(1435,13,'2025-09-05','今日は重要な会議があり、プロジェクトの進捗について詳細に議論しました。いくつかの課題が見つかり、対応方針を決定しました。引き続きフォローします。',NULL,'2025-09-05 09:00:00','2025-10-15 18:38:02'),(1436,13,'2025-09-08','今日は重要な会議があり、プロジェクトの進捗について詳細に議論しました。いくつかの課題が見つかり、対応方針を決定しました。引き続きフォローします。',NULL,'2025-09-08 09:00:00','2025-10-15 18:38:02'),(1437,13,'2025-09-09','今日は重要な会議があり、プロジェクトの進捗について詳細に議論しました。いくつかの課題が見つかり、対応方針を決定しました。引き続きフォローします。',NULL,'2025-09-09 09:00:00','2025-10-15 18:38:02'),(1438,13,'2025-09-10','今日は重要な会議があり、プロジェクトの進捗について詳細に議論しました。いくつかの課題が見つかり、対応方針を決定しました。引き続きフォローします。',NULL,'2025-09-10 09:00:00','2025-10-15 18:38:02'),(1439,13,'2025-09-11','今日は重要な会議があり、プロジェクトの進捗について詳細に議論しました。いくつかの課題が見つかり、対応方針を決定しました。引き続きフォローします。',NULL,'2025-09-11 09:00:00','2025-10-15 18:38:02'),(1440,13,'2025-09-12','今日は重要な会議があり、プロジェクトの進捗について詳細に議論しました。いくつかの課題が見つかり、対応方針を決定しました。引き続きフォローします。',NULL,'2025-09-12 09:00:00','2025-10-15 18:38:02'),(1441,13,'2025-09-15','今日は重要な会議があり、プロジェクトの進捗について詳細に議論しました。いくつかの課題が見つかり、対応方針を決定しました。引き続きフォローします。',NULL,'2025-09-15 09:00:00','2025-10-15 18:38:02'),(1442,13,'2025-09-16','今日は重要な会議があり、プロジェクトの進捗について詳細に議論しました。いくつかの課題が見つかり、対応方針を決定しました。引き続きフォローします。',NULL,'2025-09-16 09:00:00','2025-10-15 18:38:02'),(1443,13,'2025-09-17','今日は重要な会議があり、プロジェクトの進捗について詳細に議論しました。いくつかの課題が見つかり、対応方針を決定しました。引き続きフォローします。',NULL,'2025-09-17 09:00:00','2025-10-15 18:38:02'),(1444,13,'2025-09-18','今日は重要な会議があり、プロジェクトの進捗について詳細に議論しました。いくつかの課題が見つかり、対応方針を決定しました。引き続きフォローします。',NULL,'2025-09-18 09:00:00','2025-10-15 18:38:02'),(1445,13,'2025-09-19','今日は重要な会議があり、プロジェクトの進捗について詳細に議論しました。いくつかの課題が見つかり、対応方針を決定しました。引き続きフォローします。',NULL,'2025-09-19 09:00:00','2025-10-15 18:38:02'),(1446,13,'2025-09-22','今日は重要な会議があり、プロジェクトの進捗について詳細に議論しました。いくつかの課題が見つかり、対応方針を決定しました。引き続きフォローします。',NULL,'2025-09-22 09:00:00','2025-10-15 18:38:02'),(1447,13,'2025-09-23','今日は重要な会議があり、プロジェクトの進捗について詳細に議論しました。いくつかの課題が見つかり、対応方針を決定しました。引き続きフォローします。',NULL,'2025-09-23 09:00:00','2025-10-15 18:38:02'),(1448,13,'2025-09-24','今日は重要な会議があり、プロジェクトの進捗について詳細に議論しました。いくつかの課題が見つかり、対応方針を決定しました。引き続きフォローします。',NULL,'2025-09-24 09:00:00','2025-10-15 18:38:02'),(1449,13,'2025-09-25','今日は重要な会議があり、プロジェクトの進捗について詳細に議論しました。いくつかの課題が見つかり、対応方針を決定しました。引き続きフォローします。',NULL,'2025-09-25 09:00:00','2025-10-15 18:38:02'),(1450,13,'2025-09-26','今日は重要な会議があり、プロジェクトの進捗について詳細に議論しました。いくつかの課題が見つかり、対応方針を決定しました。引き続きフォローします。',NULL,'2025-09-26 09:00:00','2025-10-15 18:38:02'),(1451,13,'2025-09-29','今日は重要な会議があり、プロジェクトの進捗について詳細に議論しました。いくつかの課題が見つかり、対応方針を決定しました。引き続きフォローします。',NULL,'2025-09-29 09:00:00','2025-10-15 18:38:02'),(1452,13,'2025-09-30','今日は重要な会議があり、プロジェクトの進捗について詳細に議論しました。いくつかの課題が見つかり、対応方針を決定しました。引き続きフォローします。','[1]','2025-09-30 09:00:00','2025-10-15 18:48:03'),(1453,22,'2025-07-01','今日は重要な会議があり、プロジェクトの進捗について詳細に議論しました。いくつかの課題が見つかり、対応方針を決定しました。引き続きフォローします。',NULL,'2025-07-01 09:00:00','2025-10-15 18:38:02'),(1454,22,'2025-07-02','今日は重要な会議があり、プロジェクトの進捗について詳細に議論しました。いくつかの課題が見つかり、対応方針を決定しました。引き続きフォローします。',NULL,'2025-07-02 09:00:00','2025-10-15 18:38:02'),(1455,22,'2025-07-03','今日は重要な会議があり、プロジェクトの進捗について詳細に議論しました。いくつかの課題が見つかり、対応方針を決定しました。引き続きフォローします。',NULL,'2025-07-03 09:00:00','2025-10-15 18:38:02'),(1456,22,'2025-07-04','今日は重要な会議があり、プロジェクトの進捗について詳細に議論しました。いくつかの課題が見つかり、対応方針を決定しました。引き続きフォローします。',NULL,'2025-07-04 09:00:00','2025-10-15 18:38:02'),(1457,22,'2025-07-07','今日は重要な会議があり、プロジェクトの進捗について詳細に議論しました。いくつかの課題が見つかり、対応方針を決定しました。引き続きフォローします。',NULL,'2025-07-07 09:00:00','2025-10-15 18:38:02'),(1458,22,'2025-07-08','今日は重要な会議があり、プロジェクトの進捗について詳細に議論しました。いくつかの課題が見つかり、対応方針を決定しました。引き続きフォローします。',NULL,'2025-07-08 09:00:00','2025-10-15 18:38:02'),(1459,22,'2025-07-09','今日は重要な会議があり、プロジェクトの進捗について詳細に議論しました。いくつかの課題が見つかり、対応方針を決定しました。引き続きフォローします。',NULL,'2025-07-09 09:00:00','2025-10-15 18:38:02'),(1460,22,'2025-07-10','今日は重要な会議があり、プロジェクトの進捗について詳細に議論しました。いくつかの課題が見つかり、対応方針を決定しました。引き続きフォローします。',NULL,'2025-07-10 09:00:00','2025-10-15 18:38:02'),(1461,22,'2025-07-11','今日は重要な会議があり、プロジェクトの進捗について詳細に議論しました。いくつかの課題が見つかり、対応方針を決定しました。引き続きフォローします。',NULL,'2025-07-11 09:00:00','2025-10-15 18:38:02'),(1462,22,'2025-07-14','今日は重要な会議があり、プロジェクトの進捗について詳細に議論しました。いくつかの課題が見つかり、対応方針を決定しました。引き続きフォローします。',NULL,'2025-07-14 09:00:00','2025-10-15 18:38:02'),(1463,22,'2025-07-15','今日は重要な会議があり、プロジェクトの進捗について詳細に議論しました。いくつかの課題が見つかり、対応方針を決定しました。引き続きフォローします。',NULL,'2025-07-15 09:00:00','2025-10-15 18:38:02'),(1464,22,'2025-07-16','今日は重要な会議があり、プロジェクトの進捗について詳細に議論しました。いくつかの課題が見つかり、対応方針を決定しました。引き続きフォローします。',NULL,'2025-07-16 09:00:00','2025-10-15 18:38:02'),(1465,22,'2025-07-17','今日は重要な会議があり、プロジェクトの進捗について詳細に議論しました。いくつかの課題が見つかり、対応方針を決定しました。引き続きフォローします。',NULL,'2025-07-17 09:00:00','2025-10-15 18:38:02'),(1466,22,'2025-07-18','今日は重要な会議があり、プロジェクトの進捗について詳細に議論しました。いくつかの課題が見つかり、対応方針を決定しました。引き続きフォローします。',NULL,'2025-07-18 09:00:00','2025-10-15 18:38:02'),(1467,22,'2025-07-21','今日は重要な会議があり、プロジェクトの進捗について詳細に議論しました。いくつかの課題が見つかり、対応方針を決定しました。引き続きフォローします。',NULL,'2025-07-21 09:00:00','2025-10-15 18:38:02'),(1468,22,'2025-07-22','今日は重要な会議があり、プロジェクトの進捗について詳細に議論しました。いくつかの課題が見つかり、対応方針を決定しました。引き続きフォローします。',NULL,'2025-07-22 09:00:00','2025-10-15 18:38:02'),(1469,22,'2025-07-23','今日は重要な会議があり、プロジェクトの進捗について詳細に議論しました。いくつかの課題が見つかり、対応方針を決定しました。引き続きフォローします。',NULL,'2025-07-23 09:00:00','2025-10-15 18:38:02'),(1470,22,'2025-07-24','今日は重要な会議があり、プロジェクトの進捗について詳細に議論しました。いくつかの課題が見つかり、対応方針を決定しました。引き続きフォローします。',NULL,'2025-07-24 09:00:00','2025-10-15 18:38:02'),(1471,22,'2025-07-25','今日は重要な会議があり、プロジェクトの進捗について詳細に議論しました。いくつかの課題が見つかり、対応方針を決定しました。引き続きフォローします。',NULL,'2025-07-25 09:00:00','2025-10-15 18:38:02'),(1472,22,'2025-07-28','今日は重要な会議があり、プロジェクトの進捗について詳細に議論しました。いくつかの課題が見つかり、対応方針を決定しました。引き続きフォローします。',NULL,'2025-07-28 09:00:00','2025-10-15 18:38:02'),(1473,22,'2025-07-29','今日は重要な会議があり、プロジェクトの進捗について詳細に議論しました。いくつかの課題が見つかり、対応方針を決定しました。引き続きフォローします。',NULL,'2025-07-29 09:00:00','2025-10-15 18:38:02'),(1474,22,'2025-07-30','今日は重要な会議があり、プロジェクトの進捗について詳細に議論しました。いくつかの課題が見つかり、対応方針を決定しました。引き続きフォローします。',NULL,'2025-07-30 09:00:00','2025-10-15 18:38:02'),(1475,22,'2025-07-31','今日は重要な会議があり、プロジェクトの進捗について詳細に議論しました。いくつかの課題が見つかり、対応方針を決定しました。引き続きフォローします。',NULL,'2025-07-31 09:00:00','2025-10-15 18:38:02'),(1476,22,'2025-08-01','今日は重要な会議があり、プロジェクトの進捗について詳細に議論しました。いくつかの課題が見つかり、対応方針を決定しました。引き続きフォローします。',NULL,'2025-08-01 09:00:00','2025-10-15 18:38:02'),(1477,22,'2025-08-04','今日は重要な会議があり、プロジェクトの進捗について詳細に議論しました。いくつかの課題が見つかり、対応方針を決定しました。引き続きフォローします。',NULL,'2025-08-04 09:00:00','2025-10-15 18:38:02'),(1478,22,'2025-08-05','今日は重要な会議があり、プロジェクトの進捗について詳細に議論しました。いくつかの課題が見つかり、対応方針を決定しました。引き続きフォローします。',NULL,'2025-08-05 09:00:00','2025-10-15 18:38:02'),(1479,22,'2025-08-06','今日は重要な会議があり、プロジェクトの進捗について詳細に議論しました。いくつかの課題が見つかり、対応方針を決定しました。引き続きフォローします。',NULL,'2025-08-06 09:00:00','2025-10-15 18:38:02'),(1480,22,'2025-08-07','今日は重要な会議があり、プロジェクトの進捗について詳細に議論しました。いくつかの課題が見つかり、対応方針を決定しました。引き続きフォローします。',NULL,'2025-08-07 09:00:00','2025-10-15 18:38:02'),(1481,22,'2025-08-08','今日は重要な会議があり、プロジェクトの進捗について詳細に議論しました。いくつかの課題が見つかり、対応方針を決定しました。引き続きフォローします。',NULL,'2025-08-08 09:00:00','2025-10-15 18:38:02'),(1482,22,'2025-08-11','今日は重要な会議があり、プロジェクトの進捗について詳細に議論しました。いくつかの課題が見つかり、対応方針を決定しました。引き続きフォローします。',NULL,'2025-08-11 09:00:00','2025-10-15 18:38:02'),(1483,22,'2025-08-12','今日は重要な会議があり、プロジェクトの進捗について詳細に議論しました。いくつかの課題が見つかり、対応方針を決定しました。引き続きフォローします。',NULL,'2025-08-12 09:00:00','2025-10-15 18:38:02'),(1484,22,'2025-08-13','今日は重要な会議があり、プロジェクトの進捗について詳細に議論しました。いくつかの課題が見つかり、対応方針を決定しました。引き続きフォローします。',NULL,'2025-08-13 09:00:00','2025-10-15 18:38:02'),(1485,22,'2025-08-14','今日は重要な会議があり、プロジェクトの進捗について詳細に議論しました。いくつかの課題が見つかり、対応方針を決定しました。引き続きフォローします。',NULL,'2025-08-14 09:00:00','2025-10-15 18:38:02'),(1486,22,'2025-08-15','今日は重要な会議があり、プロジェクトの進捗について詳細に議論しました。いくつかの課題が見つかり、対応方針を決定しました。引き続きフォローします。',NULL,'2025-08-15 09:00:00','2025-10-15 18:38:02'),(1487,22,'2025-08-18','今日は重要な会議があり、プロジェクトの進捗について詳細に議論しました。いくつかの課題が見つかり、対応方針を決定しました。引き続きフォローします。',NULL,'2025-08-18 09:00:00','2025-10-15 18:38:02'),(1488,22,'2025-08-19','今日は重要な会議があり、プロジェクトの進捗について詳細に議論しました。いくつかの課題が見つかり、対応方針を決定しました。引き続きフォローします。',NULL,'2025-08-19 09:00:00','2025-10-15 18:38:02'),(1489,22,'2025-08-20','今日は重要な会議があり、プロジェクトの進捗について詳細に議論しました。いくつかの課題が見つかり、対応方針を決定しました。引き続きフォローします。',NULL,'2025-08-20 09:00:00','2025-10-15 18:38:02'),(1490,22,'2025-08-21','今日は重要な会議があり、プロジェクトの進捗について詳細に議論しました。いくつかの課題が見つかり、対応方針を決定しました。引き続きフォローします。',NULL,'2025-08-21 09:00:00','2025-10-15 18:38:02'),(1491,22,'2025-08-22','今日は重要な会議があり、プロジェクトの進捗について詳細に議論しました。いくつかの課題が見つかり、対応方針を決定しました。引き続きフォローします。',NULL,'2025-08-22 09:00:00','2025-10-15 18:38:02'),(1492,22,'2025-08-25','今日は重要な会議があり、プロジェクトの進捗について詳細に議論しました。いくつかの課題が見つかり、対応方針を決定しました。引き続きフォローします。',NULL,'2025-08-25 09:00:00','2025-10-15 18:38:02'),(1493,22,'2025-08-26','今日は重要な会議があり、プロジェクトの進捗について詳細に議論しました。いくつかの課題が見つかり、対応方針を決定しました。引き続きフォローします。',NULL,'2025-08-26 09:00:00','2025-10-15 18:38:02'),(1494,22,'2025-08-27','今日は重要な会議があり、プロジェクトの進捗について詳細に議論しました。いくつかの課題が見つかり、対応方針を決定しました。引き続きフォローします。',NULL,'2025-08-27 09:00:00','2025-10-15 18:38:02'),(1495,22,'2025-08-28','今日は重要な会議があり、プロジェクトの進捗について詳細に議論しました。いくつかの課題が見つかり、対応方針を決定しました。引き続きフォローします。',NULL,'2025-08-28 09:00:00','2025-10-15 18:38:02'),(1496,22,'2025-08-29','今日は重要な会議があり、プロジェクトの進捗について詳細に議論しました。いくつかの課題が見つかり、対応方針を決定しました。引き続きフォローします。',NULL,'2025-08-29 09:00:00','2025-10-15 18:38:02'),(1497,22,'2025-09-01','今日は重要な会議があり、プロジェクトの進捗について詳細に議論しました。いくつかの課題が見つかり、対応方針を決定しました。引き続きフォローします。',NULL,'2025-09-01 09:00:00','2025-10-15 18:38:02'),(1498,22,'2025-09-02','今日は重要な会議があり、プロジェクトの進捗について詳細に議論しました。いくつかの課題が見つかり、対応方針を決定しました。引き続きフォローします。',NULL,'2025-09-02 09:00:00','2025-10-15 18:38:02'),(1499,22,'2025-09-03','今日は重要な会議があり、プロジェクトの進捗について詳細に議論しました。いくつかの課題が見つかり、対応方針を決定しました。引き続きフォローします。',NULL,'2025-09-03 09:00:00','2025-10-15 18:38:02'),(1500,22,'2025-09-04','今日は重要な会議があり、プロジェクトの進捗について詳細に議論しました。いくつかの課題が見つかり、対応方針を決定しました。引き続きフォローします。',NULL,'2025-09-04 09:00:00','2025-10-15 18:38:02'),(1501,22,'2025-09-05','今日は重要な会議があり、プロジェクトの進捗について詳細に議論しました。いくつかの課題が見つかり、対応方針を決定しました。引き続きフォローします。',NULL,'2025-09-05 09:00:00','2025-10-15 18:38:02'),(1502,22,'2025-09-08','今日は重要な会議があり、プロジェクトの進捗について詳細に議論しました。いくつかの課題が見つかり、対応方針を決定しました。引き続きフォローします。',NULL,'2025-09-08 09:00:00','2025-10-15 18:38:02'),(1503,22,'2025-09-09','今日は重要な会議があり、プロジェクトの進捗について詳細に議論しました。いくつかの課題が見つかり、対応方針を決定しました。引き続きフォローします。',NULL,'2025-09-09 09:00:00','2025-10-15 18:38:02'),(1504,22,'2025-09-10','今日は重要な会議があり、プロジェクトの進捗について詳細に議論しました。いくつかの課題が見つかり、対応方針を決定しました。引き続きフォローします。',NULL,'2025-09-10 09:00:00','2025-10-15 18:38:02'),(1505,22,'2025-09-11','今日は重要な会議があり、プロジェクトの進捗について詳細に議論しました。いくつかの課題が見つかり、対応方針を決定しました。引き続きフォローします。',NULL,'2025-09-11 09:00:00','2025-10-15 18:38:02'),(1506,22,'2025-09-12','今日は重要な会議があり、プロジェクトの進捗について詳細に議論しました。いくつかの課題が見つかり、対応方針を決定しました。引き続きフォローします。',NULL,'2025-09-12 09:00:00','2025-10-15 18:38:02'),(1507,22,'2025-09-15','今日は重要な会議があり、プロジェクトの進捗について詳細に議論しました。いくつかの課題が見つかり、対応方針を決定しました。引き続きフォローします。',NULL,'2025-09-15 09:00:00','2025-10-15 18:38:02'),(1508,22,'2025-09-16','今日は重要な会議があり、プロジェクトの進捗について詳細に議論しました。いくつかの課題が見つかり、対応方針を決定しました。引き続きフォローします。',NULL,'2025-09-16 09:00:00','2025-10-15 18:38:02'),(1509,22,'2025-09-17','今日は重要な会議があり、プロジェクトの進捗について詳細に議論しました。いくつかの課題が見つかり、対応方針を決定しました。引き続きフォローします。',NULL,'2025-09-17 09:00:00','2025-10-15 18:38:02'),(1510,22,'2025-09-18','今日は重要な会議があり、プロジェクトの進捗について詳細に議論しました。いくつかの課題が見つかり、対応方針を決定しました。引き続きフォローします。',NULL,'2025-09-18 09:00:00','2025-10-15 18:38:02'),(1511,22,'2025-09-19','今日は重要な会議があり、プロジェクトの進捗について詳細に議論しました。いくつかの課題が見つかり、対応方針を決定しました。引き続きフォローします。',NULL,'2025-09-19 09:00:00','2025-10-15 18:38:02'),(1512,22,'2025-09-22','今日は重要な会議があり、プロジェクトの進捗について詳細に議論しました。いくつかの課題が見つかり、対応方針を決定しました。引き続きフォローします。',NULL,'2025-09-22 09:00:00','2025-10-15 18:38:02'),(1513,22,'2025-09-23','今日は重要な会議があり、プロジェクトの進捗について詳細に議論しました。いくつかの課題が見つかり、対応方針を決定しました。引き続きフォローします。',NULL,'2025-09-23 09:00:00','2025-10-15 18:38:02'),(1514,22,'2025-09-24','今日は重要な会議があり、プロジェクトの進捗について詳細に議論しました。いくつかの課題が見つかり、対応方針を決定しました。引き続きフォローします。',NULL,'2025-09-24 09:00:00','2025-10-15 18:38:02'),(1515,22,'2025-09-25','今日は重要な会議があり、プロジェクトの進捗について詳細に議論しました。いくつかの課題が見つかり、対応方針を決定しました。引き続きフォローします。',NULL,'2025-09-25 09:00:00','2025-10-15 18:38:02'),(1516,22,'2025-09-26','今日は重要な会議があり、プロジェクトの進捗について詳細に議論しました。いくつかの課題が見つかり、対応方針を決定しました。引き続きフォローします。',NULL,'2025-09-26 09:00:00','2025-10-15 18:38:02'),(1517,22,'2025-09-29','今日は重要な会議があり、プロジェクトの進捗について詳細に議論しました。いくつかの課題が見つかり、対応方針を決定しました。引き続きフォローします。',NULL,'2025-09-29 09:00:00','2025-10-15 18:38:02'),(1518,22,'2025-09-30','今日は重要な会議があり、プロジェクトの進捗について詳細に議論しました。いくつかの課題が見つかり、対応方針を決定しました。引き続きフォローします。','[1]','2025-09-30 09:00:00','2025-10-15 18:48:03'),(1519,26,'2025-07-01','今日は重要な会議があり、プロジェクトの進捗について詳細に議論しました。いくつかの課題が見つかり、対応方針を決定しました。引き続きフォローします。',NULL,'2025-07-01 09:00:00','2025-10-15 18:38:02'),(1520,26,'2025-07-02','今日は重要な会議があり、プロジェクトの進捗について詳細に議論しました。いくつかの課題が見つかり、対応方針を決定しました。引き続きフォローします。',NULL,'2025-07-02 09:00:00','2025-10-15 18:38:02'),(1521,26,'2025-07-03','今日は重要な会議があり、プロジェクトの進捗について詳細に議論しました。いくつかの課題が見つかり、対応方針を決定しました。引き続きフォローします。',NULL,'2025-07-03 09:00:00','2025-10-15 18:38:02'),(1522,26,'2025-07-04','今日は重要な会議があり、プロジェクトの進捗について詳細に議論しました。いくつかの課題が見つかり、対応方針を決定しました。引き続きフォローします。',NULL,'2025-07-04 09:00:00','2025-10-15 18:38:02'),(1523,26,'2025-07-07','今日は重要な会議があり、プロジェクトの進捗について詳細に議論しました。いくつかの課題が見つかり、対応方針を決定しました。引き続きフォローします。',NULL,'2025-07-07 09:00:00','2025-10-15 18:38:02'),(1524,26,'2025-07-08','今日は重要な会議があり、プロジェクトの進捗について詳細に議論しました。いくつかの課題が見つかり、対応方針を決定しました。引き続きフォローします。',NULL,'2025-07-08 09:00:00','2025-10-15 18:38:02'),(1525,26,'2025-07-09','今日は重要な会議があり、プロジェクトの進捗について詳細に議論しました。いくつかの課題が見つかり、対応方針を決定しました。引き続きフォローします。',NULL,'2025-07-09 09:00:00','2025-10-15 18:38:02'),(1526,26,'2025-07-10','今日は重要な会議があり、プロジェクトの進捗について詳細に議論しました。いくつかの課題が見つかり、対応方針を決定しました。引き続きフォローします。',NULL,'2025-07-10 09:00:00','2025-10-15 18:38:02'),(1527,26,'2025-07-11','今日は重要な会議があり、プロジェクトの進捗について詳細に議論しました。いくつかの課題が見つかり、対応方針を決定しました。引き続きフォローします。',NULL,'2025-07-11 09:00:00','2025-10-15 18:38:02'),(1528,26,'2025-07-14','今日は重要な会議があり、プロジェクトの進捗について詳細に議論しました。いくつかの課題が見つかり、対応方針を決定しました。引き続きフォローします。',NULL,'2025-07-14 09:00:00','2025-10-15 18:38:02'),(1529,26,'2025-07-15','今日は重要な会議があり、プロジェクトの進捗について詳細に議論しました。いくつかの課題が見つかり、対応方針を決定しました。引き続きフォローします。',NULL,'2025-07-15 09:00:00','2025-10-15 18:38:02'),(1530,26,'2025-07-16','今日は重要な会議があり、プロジェクトの進捗について詳細に議論しました。いくつかの課題が見つかり、対応方針を決定しました。引き続きフォローします。',NULL,'2025-07-16 09:00:00','2025-10-15 18:38:02'),(1531,26,'2025-07-17','今日は重要な会議があり、プロジェクトの進捗について詳細に議論しました。いくつかの課題が見つかり、対応方針を決定しました。引き続きフォローします。',NULL,'2025-07-17 09:00:00','2025-10-15 18:38:02'),(1532,26,'2025-07-18','今日は重要な会議があり、プロジェクトの進捗について詳細に議論しました。いくつかの課題が見つかり、対応方針を決定しました。引き続きフォローします。',NULL,'2025-07-18 09:00:00','2025-10-15 18:38:02'),(1533,26,'2025-07-21','今日は重要な会議があり、プロジェクトの進捗について詳細に議論しました。いくつかの課題が見つかり、対応方針を決定しました。引き続きフォローします。',NULL,'2025-07-21 09:00:00','2025-10-15 18:38:02'),(1534,26,'2025-07-22','今日は重要な会議があり、プロジェクトの進捗について詳細に議論しました。いくつかの課題が見つかり、対応方針を決定しました。引き続きフォローします。',NULL,'2025-07-22 09:00:00','2025-10-15 18:38:02'),(1535,26,'2025-07-23','今日は重要な会議があり、プロジェクトの進捗について詳細に議論しました。いくつかの課題が見つかり、対応方針を決定しました。引き続きフォローします。',NULL,'2025-07-23 09:00:00','2025-10-15 18:38:02'),(1536,26,'2025-07-24','今日は重要な会議があり、プロジェクトの進捗について詳細に議論しました。いくつかの課題が見つかり、対応方針を決定しました。引き続きフォローします。',NULL,'2025-07-24 09:00:00','2025-10-15 18:38:02'),(1537,26,'2025-07-25','今日は重要な会議があり、プロジェクトの進捗について詳細に議論しました。いくつかの課題が見つかり、対応方針を決定しました。引き続きフォローします。',NULL,'2025-07-25 09:00:00','2025-10-15 18:38:02'),(1538,26,'2025-07-28','今日は重要な会議があり、プロジェクトの進捗について詳細に議論しました。いくつかの課題が見つかり、対応方針を決定しました。引き続きフォローします。',NULL,'2025-07-28 09:00:00','2025-10-15 18:38:02'),(1539,26,'2025-07-29','今日は重要な会議があり、プロジェクトの進捗について詳細に議論しました。いくつかの課題が見つかり、対応方針を決定しました。引き続きフォローします。',NULL,'2025-07-29 09:00:00','2025-10-15 18:38:02'),(1540,26,'2025-07-30','今日は重要な会議があり、プロジェクトの進捗について詳細に議論しました。いくつかの課題が見つかり、対応方針を決定しました。引き続きフォローします。',NULL,'2025-07-30 09:00:00','2025-10-15 18:38:02'),(1541,26,'2025-07-31','今日は重要な会議があり、プロジェクトの進捗について詳細に議論しました。いくつかの課題が見つかり、対応方針を決定しました。引き続きフォローします。',NULL,'2025-07-31 09:00:00','2025-10-15 18:38:02'),(1542,26,'2025-08-01','今日は重要な会議があり、プロジェクトの進捗について詳細に議論しました。いくつかの課題が見つかり、対応方針を決定しました。引き続きフォローします。',NULL,'2025-08-01 09:00:00','2025-10-15 18:38:02'),(1543,26,'2025-08-04','今日は重要な会議があり、プロジェクトの進捗について詳細に議論しました。いくつかの課題が見つかり、対応方針を決定しました。引き続きフォローします。',NULL,'2025-08-04 09:00:00','2025-10-15 18:38:02'),(1544,26,'2025-08-05','今日は重要な会議があり、プロジェクトの進捗について詳細に議論しました。いくつかの課題が見つかり、対応方針を決定しました。引き続きフォローします。',NULL,'2025-08-05 09:00:00','2025-10-15 18:38:02'),(1545,26,'2025-08-06','今日は重要な会議があり、プロジェクトの進捗について詳細に議論しました。いくつかの課題が見つかり、対応方針を決定しました。引き続きフォローします。',NULL,'2025-08-06 09:00:00','2025-10-15 18:38:02'),(1546,26,'2025-08-07','今日は重要な会議があり、プロジェクトの進捗について詳細に議論しました。いくつかの課題が見つかり、対応方針を決定しました。引き続きフォローします。',NULL,'2025-08-07 09:00:00','2025-10-15 18:38:02'),(1547,26,'2025-08-08','今日は重要な会議があり、プロジェクトの進捗について詳細に議論しました。いくつかの課題が見つかり、対応方針を決定しました。引き続きフォローします。',NULL,'2025-08-08 09:00:00','2025-10-15 18:38:02'),(1548,26,'2025-08-11','今日は重要な会議があり、プロジェクトの進捗について詳細に議論しました。いくつかの課題が見つかり、対応方針を決定しました。引き続きフォローします。',NULL,'2025-08-11 09:00:00','2025-10-15 18:38:02'),(1549,26,'2025-08-12','今日は重要な会議があり、プロジェクトの進捗について詳細に議論しました。いくつかの課題が見つかり、対応方針を決定しました。引き続きフォローします。',NULL,'2025-08-12 09:00:00','2025-10-15 18:38:02'),(1550,26,'2025-08-13','今日は重要な会議があり、プロジェクトの進捗について詳細に議論しました。いくつかの課題が見つかり、対応方針を決定しました。引き続きフォローします。',NULL,'2025-08-13 09:00:00','2025-10-15 18:38:02'),(1551,26,'2025-08-14','今日は重要な会議があり、プロジェクトの進捗について詳細に議論しました。いくつかの課題が見つかり、対応方針を決定しました。引き続きフォローします。',NULL,'2025-08-14 09:00:00','2025-10-15 18:38:02'),(1552,26,'2025-08-15','今日は重要な会議があり、プロジェクトの進捗について詳細に議論しました。いくつかの課題が見つかり、対応方針を決定しました。引き続きフォローします。',NULL,'2025-08-15 09:00:00','2025-10-15 18:38:02'),(1553,26,'2025-08-18','今日は重要な会議があり、プロジェクトの進捗について詳細に議論しました。いくつかの課題が見つかり、対応方針を決定しました。引き続きフォローします。',NULL,'2025-08-18 09:00:00','2025-10-15 18:38:02'),(1554,26,'2025-08-19','今日は重要な会議があり、プロジェクトの進捗について詳細に議論しました。いくつかの課題が見つかり、対応方針を決定しました。引き続きフォローします。',NULL,'2025-08-19 09:00:00','2025-10-15 18:38:02'),(1555,26,'2025-08-20','今日は重要な会議があり、プロジェクトの進捗について詳細に議論しました。いくつかの課題が見つかり、対応方針を決定しました。引き続きフォローします。',NULL,'2025-08-20 09:00:00','2025-10-15 18:38:02'),(1556,26,'2025-08-21','今日は重要な会議があり、プロジェクトの進捗について詳細に議論しました。いくつかの課題が見つかり、対応方針を決定しました。引き続きフォローします。',NULL,'2025-08-21 09:00:00','2025-10-15 18:38:02'),(1557,26,'2025-08-22','今日は重要な会議があり、プロジェクトの進捗について詳細に議論しました。いくつかの課題が見つかり、対応方針を決定しました。引き続きフォローします。',NULL,'2025-08-22 09:00:00','2025-10-15 18:38:02'),(1558,26,'2025-08-25','今日は重要な会議があり、プロジェクトの進捗について詳細に議論しました。いくつかの課題が見つかり、対応方針を決定しました。引き続きフォローします。',NULL,'2025-08-25 09:00:00','2025-10-15 18:38:02'),(1559,26,'2025-08-26','今日は重要な会議があり、プロジェクトの進捗について詳細に議論しました。いくつかの課題が見つかり、対応方針を決定しました。引き続きフォローします。',NULL,'2025-08-26 09:00:00','2025-10-15 18:38:02'),(1560,26,'2025-08-27','今日は重要な会議があり、プロジェクトの進捗について詳細に議論しました。いくつかの課題が見つかり、対応方針を決定しました。引き続きフォローします。',NULL,'2025-08-27 09:00:00','2025-10-15 18:38:02'),(1561,26,'2025-08-28','今日は重要な会議があり、プロジェクトの進捗について詳細に議論しました。いくつかの課題が見つかり、対応方針を決定しました。引き続きフォローします。',NULL,'2025-08-28 09:00:00','2025-10-15 18:38:02'),(1562,26,'2025-08-29','今日は重要な会議があり、プロジェクトの進捗について詳細に議論しました。いくつかの課題が見つかり、対応方針を決定しました。引き続きフォローします。',NULL,'2025-08-29 09:00:00','2025-10-15 18:38:02'),(1563,26,'2025-09-01','今日は重要な会議があり、プロジェクトの進捗について詳細に議論しました。いくつかの課題が見つかり、対応方針を決定しました。引き続きフォローします。',NULL,'2025-09-01 09:00:00','2025-10-15 18:38:02'),(1564,26,'2025-09-02','今日は重要な会議があり、プロジェクトの進捗について詳細に議論しました。いくつかの課題が見つかり、対応方針を決定しました。引き続きフォローします。',NULL,'2025-09-02 09:00:00','2025-10-15 18:38:02'),(1565,26,'2025-09-03','今日は重要な会議があり、プロジェクトの進捗について詳細に議論しました。いくつかの課題が見つかり、対応方針を決定しました。引き続きフォローします。',NULL,'2025-09-03 09:00:00','2025-10-15 18:38:02'),(1566,26,'2025-09-04','今日は重要な会議があり、プロジェクトの進捗について詳細に議論しました。いくつかの課題が見つかり、対応方針を決定しました。引き続きフォローします。',NULL,'2025-09-04 09:00:00','2025-10-15 18:38:02'),(1567,26,'2025-09-05','今日は重要な会議があり、プロジェクトの進捗について詳細に議論しました。いくつかの課題が見つかり、対応方針を決定しました。引き続きフォローします。',NULL,'2025-09-05 09:00:00','2025-10-15 18:38:02'),(1568,26,'2025-09-08','今日は重要な会議があり、プロジェクトの進捗について詳細に議論しました。いくつかの課題が見つかり、対応方針を決定しました。引き続きフォローします。',NULL,'2025-09-08 09:00:00','2025-10-15 18:38:02'),(1569,26,'2025-09-09','今日は重要な会議があり、プロジェクトの進捗について詳細に議論しました。いくつかの課題が見つかり、対応方針を決定しました。引き続きフォローします。',NULL,'2025-09-09 09:00:00','2025-10-15 18:38:02'),(1570,26,'2025-09-10','今日は重要な会議があり、プロジェクトの進捗について詳細に議論しました。いくつかの課題が見つかり、対応方針を決定しました。引き続きフォローします。',NULL,'2025-09-10 09:00:00','2025-10-15 18:38:02'),(1571,26,'2025-09-11','今日は重要な会議があり、プロジェクトの進捗について詳細に議論しました。いくつかの課題が見つかり、対応方針を決定しました。引き続きフォローします。',NULL,'2025-09-11 09:00:00','2025-10-15 18:38:02'),(1572,26,'2025-09-12','今日は重要な会議があり、プロジェクトの進捗について詳細に議論しました。いくつかの課題が見つかり、対応方針を決定しました。引き続きフォローします。',NULL,'2025-09-12 09:00:00','2025-10-15 18:38:02'),(1573,26,'2025-09-15','今日は重要な会議があり、プロジェクトの進捗について詳細に議論しました。いくつかの課題が見つかり、対応方針を決定しました。引き続きフォローします。',NULL,'2025-09-15 09:00:00','2025-10-15 18:38:02'),(1574,26,'2025-09-16','今日は重要な会議があり、プロジェクトの進捗について詳細に議論しました。いくつかの課題が見つかり、対応方針を決定しました。引き続きフォローします。',NULL,'2025-09-16 09:00:00','2025-10-15 18:38:02'),(1575,26,'2025-09-17','今日は重要な会議があり、プロジェクトの進捗について詳細に議論しました。いくつかの課題が見つかり、対応方針を決定しました。引き続きフォローします。',NULL,'2025-09-17 09:00:00','2025-10-15 18:38:02'),(1576,26,'2025-09-18','今日は重要な会議があり、プロジェクトの進捗について詳細に議論しました。いくつかの課題が見つかり、対応方針を決定しました。引き続きフォローします。',NULL,'2025-09-18 09:00:00','2025-10-15 18:38:02'),(1577,26,'2025-09-19','今日は重要な会議があり、プロジェクトの進捗について詳細に議論しました。いくつかの課題が見つかり、対応方針を決定しました。引き続きフォローします。',NULL,'2025-09-19 09:00:00','2025-10-15 18:38:02'),(1578,26,'2025-09-22','今日は重要な会議があり、プロジェクトの進捗について詳細に議論しました。いくつかの課題が見つかり、対応方針を決定しました。引き続きフォローします。',NULL,'2025-09-22 09:00:00','2025-10-15 18:38:02'),(1579,26,'2025-09-23','今日は重要な会議があり、プロジェクトの進捗について詳細に議論しました。いくつかの課題が見つかり、対応方針を決定しました。引き続きフォローします。',NULL,'2025-09-23 09:00:00','2025-10-15 18:38:02'),(1580,26,'2025-09-24','今日は重要な会議があり、プロジェクトの進捗について詳細に議論しました。いくつかの課題が見つかり、対応方針を決定しました。引き続きフォローします。',NULL,'2025-09-24 09:00:00','2025-10-15 18:38:02'),(1581,26,'2025-09-25','今日は重要な会議があり、プロジェクトの進捗について詳細に議論しました。いくつかの課題が見つかり、対応方針を決定しました。引き続きフォローします。',NULL,'2025-09-25 09:00:00','2025-10-15 18:38:02'),(1582,26,'2025-09-26','今日は重要な会議があり、プロジェクトの進捗について詳細に議論しました。いくつかの課題が見つかり、対応方針を決定しました。引き続きフォローします。',NULL,'2025-09-26 09:00:00','2025-10-15 18:38:02'),(1583,26,'2025-09-29','今日は重要な会議があり、プロジェクトの進捗について詳細に議論しました。いくつかの課題が見つかり、対応方針を決定しました。引き続きフォローします。',NULL,'2025-09-29 09:00:00','2025-10-15 18:38:02'),(1584,26,'2025-09-30','今日は重要な会議があり、プロジェクトの進捗について詳細に議論しました。いくつかの課題が見つかり、対応方針を決定しました。引き続きフォローします。','[1]','2025-09-30 09:00:00','2025-10-15 18:48:03'),(1585,14,'2025-07-01','今日は重要な会議があり、プロジェクトの進捗について詳細に議論しました。いくつかの課題が見つかり、対応方針を決定しました。引き続きフォローします。',NULL,'2025-07-01 09:00:00','2025-10-15 18:38:02'),(1586,14,'2025-07-02','今日は重要な会議があり、プロジェクトの進捗について詳細に議論しました。いくつかの課題が見つかり、対応方針を決定しました。引き続きフォローします。',NULL,'2025-07-02 09:00:00','2025-10-15 18:38:02'),(1587,14,'2025-07-03','今日は重要な会議があり、プロジェクトの進捗について詳細に議論しました。いくつかの課題が見つかり、対応方針を決定しました。引き続きフォローします。',NULL,'2025-07-03 09:00:00','2025-10-15 18:38:02'),(1588,14,'2025-07-04','今日は重要な会議があり、プロジェクトの進捗について詳細に議論しました。いくつかの課題が見つかり、対応方針を決定しました。引き続きフォローします。',NULL,'2025-07-04 09:00:00','2025-10-15 18:38:02'),(1589,14,'2025-07-07','今日は重要な会議があり、プロジェクトの進捗について詳細に議論しました。いくつかの課題が見つかり、対応方針を決定しました。引き続きフォローします。',NULL,'2025-07-07 09:00:00','2025-10-15 18:38:02'),(1590,14,'2025-07-08','今日は重要な会議があり、プロジェクトの進捗について詳細に議論しました。いくつかの課題が見つかり、対応方針を決定しました。引き続きフォローします。',NULL,'2025-07-08 09:00:00','2025-10-15 18:38:02'),(1591,14,'2025-07-09','今日は重要な会議があり、プロジェクトの進捗について詳細に議論しました。いくつかの課題が見つかり、対応方針を決定しました。引き続きフォローします。',NULL,'2025-07-09 09:00:00','2025-10-15 18:38:02'),(1592,14,'2025-07-10','今日は重要な会議があり、プロジェクトの進捗について詳細に議論しました。いくつかの課題が見つかり、対応方針を決定しました。引き続きフォローします。',NULL,'2025-07-10 09:00:00','2025-10-15 18:38:02'),(1593,14,'2025-07-11','今日は重要な会議があり、プロジェクトの進捗について詳細に議論しました。いくつかの課題が見つかり、対応方針を決定しました。引き続きフォローします。',NULL,'2025-07-11 09:00:00','2025-10-15 18:38:02'),(1594,14,'2025-07-14','今日は重要な会議があり、プロジェクトの進捗について詳細に議論しました。いくつかの課題が見つかり、対応方針を決定しました。引き続きフォローします。',NULL,'2025-07-14 09:00:00','2025-10-15 18:38:02'),(1595,14,'2025-07-15','今日は重要な会議があり、プロジェクトの進捗について詳細に議論しました。いくつかの課題が見つかり、対応方針を決定しました。引き続きフォローします。',NULL,'2025-07-15 09:00:00','2025-10-15 18:38:02'),(1596,14,'2025-07-16','今日は重要な会議があり、プロジェクトの進捗について詳細に議論しました。いくつかの課題が見つかり、対応方針を決定しました。引き続きフォローします。',NULL,'2025-07-16 09:00:00','2025-10-15 18:38:02'),(1597,14,'2025-07-17','今日は重要な会議があり、プロジェクトの進捗について詳細に議論しました。いくつかの課題が見つかり、対応方針を決定しました。引き続きフォローします。',NULL,'2025-07-17 09:00:00','2025-10-15 18:38:02'),(1598,14,'2025-07-18','今日は重要な会議があり、プロジェクトの進捗について詳細に議論しました。いくつかの課題が見つかり、対応方針を決定しました。引き続きフォローします。',NULL,'2025-07-18 09:00:00','2025-10-15 18:38:02'),(1599,14,'2025-07-21','今日は重要な会議があり、プロジェクトの進捗について詳細に議論しました。いくつかの課題が見つかり、対応方針を決定しました。引き続きフォローします。',NULL,'2025-07-21 09:00:00','2025-10-15 18:38:02'),(1600,14,'2025-07-22','今日は重要な会議があり、プロジェクトの進捗について詳細に議論しました。いくつかの課題が見つかり、対応方針を決定しました。引き続きフォローします。',NULL,'2025-07-22 09:00:00','2025-10-15 18:38:02'),(1601,14,'2025-07-23','今日は重要な会議があり、プロジェクトの進捗について詳細に議論しました。いくつかの課題が見つかり、対応方針を決定しました。引き続きフォローします。',NULL,'2025-07-23 09:00:00','2025-10-15 18:38:02'),(1602,14,'2025-07-24','今日は重要な会議があり、プロジェクトの進捗について詳細に議論しました。いくつかの課題が見つかり、対応方針を決定しました。引き続きフォローします。',NULL,'2025-07-24 09:00:00','2025-10-15 18:38:02'),(1603,14,'2025-07-25','今日は重要な会議があり、プロジェクトの進捗について詳細に議論しました。いくつかの課題が見つかり、対応方針を決定しました。引き続きフォローします。',NULL,'2025-07-25 09:00:00','2025-10-15 18:38:02'),(1604,14,'2025-07-28','今日は重要な会議があり、プロジェクトの進捗について詳細に議論しました。いくつかの課題が見つかり、対応方針を決定しました。引き続きフォローします。',NULL,'2025-07-28 09:00:00','2025-10-15 18:38:02'),(1605,14,'2025-07-29','今日は重要な会議があり、プロジェクトの進捗について詳細に議論しました。いくつかの課題が見つかり、対応方針を決定しました。引き続きフォローします。',NULL,'2025-07-29 09:00:00','2025-10-15 18:38:02'),(1606,14,'2025-07-30','今日は重要な会議があり、プロジェクトの進捗について詳細に議論しました。いくつかの課題が見つかり、対応方針を決定しました。引き続きフォローします。',NULL,'2025-07-30 09:00:00','2025-10-15 18:38:02'),(1607,14,'2025-07-31','今日は重要な会議があり、プロジェクトの進捗について詳細に議論しました。いくつかの課題が見つかり、対応方針を決定しました。引き続きフォローします。',NULL,'2025-07-31 09:00:00','2025-10-15 18:38:02'),(1608,14,'2025-08-01','今日は重要な会議があり、プロジェクトの進捗について詳細に議論しました。いくつかの課題が見つかり、対応方針を決定しました。引き続きフォローします。',NULL,'2025-08-01 09:00:00','2025-10-15 18:38:02'),(1609,14,'2025-08-04','今日は重要な会議があり、プロジェクトの進捗について詳細に議論しました。いくつかの課題が見つかり、対応方針を決定しました。引き続きフォローします。',NULL,'2025-08-04 09:00:00','2025-10-15 18:38:02'),(1610,14,'2025-08-05','今日は重要な会議があり、プロジェクトの進捗について詳細に議論しました。いくつかの課題が見つかり、対応方針を決定しました。引き続きフォローします。',NULL,'2025-08-05 09:00:00','2025-10-15 18:38:02'),(1611,14,'2025-08-06','今日は重要な会議があり、プロジェクトの進捗について詳細に議論しました。いくつかの課題が見つかり、対応方針を決定しました。引き続きフォローします。',NULL,'2025-08-06 09:00:00','2025-10-15 18:38:02'),(1612,14,'2025-08-07','今日は重要な会議があり、プロジェクトの進捗について詳細に議論しました。いくつかの課題が見つかり、対応方針を決定しました。引き続きフォローします。',NULL,'2025-08-07 09:00:00','2025-10-15 18:38:02'),(1613,14,'2025-08-08','今日は重要な会議があり、プロジェクトの進捗について詳細に議論しました。いくつかの課題が見つかり、対応方針を決定しました。引き続きフォローします。',NULL,'2025-08-08 09:00:00','2025-10-15 18:38:02'),(1614,14,'2025-08-11','今日は重要な会議があり、プロジェクトの進捗について詳細に議論しました。いくつかの課題が見つかり、対応方針を決定しました。引き続きフォローします。',NULL,'2025-08-11 09:00:00','2025-10-15 18:38:02'),(1615,14,'2025-08-12','今日は重要な会議があり、プロジェクトの進捗について詳細に議論しました。いくつかの課題が見つかり、対応方針を決定しました。引き続きフォローします。',NULL,'2025-08-12 09:00:00','2025-10-15 18:38:02'),(1616,14,'2025-08-13','今日は重要な会議があり、プロジェクトの進捗について詳細に議論しました。いくつかの課題が見つかり、対応方針を決定しました。引き続きフォローします。',NULL,'2025-08-13 09:00:00','2025-10-15 18:38:02'),(1617,14,'2025-08-14','今日は重要な会議があり、プロジェクトの進捗について詳細に議論しました。いくつかの課題が見つかり、対応方針を決定しました。引き続きフォローします。',NULL,'2025-08-14 09:00:00','2025-10-15 18:38:02'),(1618,14,'2025-08-15','今日は重要な会議があり、プロジェクトの進捗について詳細に議論しました。いくつかの課題が見つかり、対応方針を決定しました。引き続きフォローします。',NULL,'2025-08-15 09:00:00','2025-10-15 18:38:02'),(1619,14,'2025-08-18','今日は重要な会議があり、プロジェクトの進捗について詳細に議論しました。いくつかの課題が見つかり、対応方針を決定しました。引き続きフォローします。',NULL,'2025-08-18 09:00:00','2025-10-15 18:38:02'),(1620,14,'2025-08-19','今日は重要な会議があり、プロジェクトの進捗について詳細に議論しました。いくつかの課題が見つかり、対応方針を決定しました。引き続きフォローします。',NULL,'2025-08-19 09:00:00','2025-10-15 18:38:02'),(1621,14,'2025-08-20','今日は重要な会議があり、プロジェクトの進捗について詳細に議論しました。いくつかの課題が見つかり、対応方針を決定しました。引き続きフォローします。',NULL,'2025-08-20 09:00:00','2025-10-15 18:38:02'),(1622,14,'2025-08-21','今日は重要な会議があり、プロジェクトの進捗について詳細に議論しました。いくつかの課題が見つかり、対応方針を決定しました。引き続きフォローします。',NULL,'2025-08-21 09:00:00','2025-10-15 18:38:02'),(1623,14,'2025-08-22','今日は重要な会議があり、プロジェクトの進捗について詳細に議論しました。いくつかの課題が見つかり、対応方針を決定しました。引き続きフォローします。',NULL,'2025-08-22 09:00:00','2025-10-15 18:38:02'),(1624,14,'2025-08-25','今日は重要な会議があり、プロジェクトの進捗について詳細に議論しました。いくつかの課題が見つかり、対応方針を決定しました。引き続きフォローします。',NULL,'2025-08-25 09:00:00','2025-10-15 18:38:02'),(1625,14,'2025-08-26','今日は重要な会議があり、プロジェクトの進捗について詳細に議論しました。いくつかの課題が見つかり、対応方針を決定しました。引き続きフォローします。',NULL,'2025-08-26 09:00:00','2025-10-15 18:38:02'),(1626,14,'2025-08-27','今日は重要な会議があり、プロジェクトの進捗について詳細に議論しました。いくつかの課題が見つかり、対応方針を決定しました。引き続きフォローします。',NULL,'2025-08-27 09:00:00','2025-10-15 18:38:02'),(1627,14,'2025-08-28','今日は重要な会議があり、プロジェクトの進捗について詳細に議論しました。いくつかの課題が見つかり、対応方針を決定しました。引き続きフォローします。',NULL,'2025-08-28 09:00:00','2025-10-15 18:38:02'),(1628,14,'2025-08-29','今日は重要な会議があり、プロジェクトの進捗について詳細に議論しました。いくつかの課題が見つかり、対応方針を決定しました。引き続きフォローします。',NULL,'2025-08-29 09:00:00','2025-10-15 18:38:02'),(1629,14,'2025-09-01','今日は重要な会議があり、プロジェクトの進捗について詳細に議論しました。いくつかの課題が見つかり、対応方針を決定しました。引き続きフォローします。',NULL,'2025-09-01 09:00:00','2025-10-15 18:38:02'),(1630,14,'2025-09-02','今日は重要な会議があり、プロジェクトの進捗について詳細に議論しました。いくつかの課題が見つかり、対応方針を決定しました。引き続きフォローします。',NULL,'2025-09-02 09:00:00','2025-10-15 18:38:02'),(1631,14,'2025-09-03','今日は重要な会議があり、プロジェクトの進捗について詳細に議論しました。いくつかの課題が見つかり、対応方針を決定しました。引き続きフォローします。',NULL,'2025-09-03 09:00:00','2025-10-15 18:38:02'),(1632,14,'2025-09-04','今日は重要な会議があり、プロジェクトの進捗について詳細に議論しました。いくつかの課題が見つかり、対応方針を決定しました。引き続きフォローします。',NULL,'2025-09-04 09:00:00','2025-10-15 18:38:02'),(1633,14,'2025-09-05','今日は重要な会議があり、プロジェクトの進捗について詳細に議論しました。いくつかの課題が見つかり、対応方針を決定しました。引き続きフォローします。',NULL,'2025-09-05 09:00:00','2025-10-15 18:38:02'),(1634,14,'2025-09-08','今日は重要な会議があり、プロジェクトの進捗について詳細に議論しました。いくつかの課題が見つかり、対応方針を決定しました。引き続きフォローします。',NULL,'2025-09-08 09:00:00','2025-10-15 18:38:02'),(1635,14,'2025-09-09','今日は重要な会議があり、プロジェクトの進捗について詳細に議論しました。いくつかの課題が見つかり、対応方針を決定しました。引き続きフォローします。',NULL,'2025-09-09 09:00:00','2025-10-15 18:38:02'),(1636,14,'2025-09-10','今日は重要な会議があり、プロジェクトの進捗について詳細に議論しました。いくつかの課題が見つかり、対応方針を決定しました。引き続きフォローします。',NULL,'2025-09-10 09:00:00','2025-10-15 18:38:02'),(1637,14,'2025-09-11','今日は重要な会議があり、プロジェクトの進捗について詳細に議論しました。いくつかの課題が見つかり、対応方針を決定しました。引き続きフォローします。',NULL,'2025-09-11 09:00:00','2025-10-15 18:38:02'),(1638,14,'2025-09-12','今日は重要な会議があり、プロジェクトの進捗について詳細に議論しました。いくつかの課題が見つかり、対応方針を決定しました。引き続きフォローします。',NULL,'2025-09-12 09:00:00','2025-10-15 18:38:02'),(1639,14,'2025-09-15','今日は重要な会議があり、プロジェクトの進捗について詳細に議論しました。いくつかの課題が見つかり、対応方針を決定しました。引き続きフォローします。',NULL,'2025-09-15 09:00:00','2025-10-15 18:38:02'),(1640,14,'2025-09-16','今日は重要な会議があり、プロジェクトの進捗について詳細に議論しました。いくつかの課題が見つかり、対応方針を決定しました。引き続きフォローします。',NULL,'2025-09-16 09:00:00','2025-10-15 18:38:02'),(1641,14,'2025-09-17','今日は重要な会議があり、プロジェクトの進捗について詳細に議論しました。いくつかの課題が見つかり、対応方針を決定しました。引き続きフォローします。',NULL,'2025-09-17 09:00:00','2025-10-15 18:38:02'),(1642,14,'2025-09-18','今日は重要な会議があり、プロジェクトの進捗について詳細に議論しました。いくつかの課題が見つかり、対応方針を決定しました。引き続きフォローします。',NULL,'2025-09-18 09:00:00','2025-10-15 18:38:02'),(1643,14,'2025-09-19','今日は重要な会議があり、プロジェクトの進捗について詳細に議論しました。いくつかの課題が見つかり、対応方針を決定しました。引き続きフォローします。',NULL,'2025-09-19 09:00:00','2025-10-15 18:38:02'),(1644,14,'2025-09-22','今日は重要な会議があり、プロジェクトの進捗について詳細に議論しました。いくつかの課題が見つかり、対応方針を決定しました。引き続きフォローします。',NULL,'2025-09-22 09:00:00','2025-10-15 18:38:02'),(1645,14,'2025-09-23','今日は重要な会議があり、プロジェクトの進捗について詳細に議論しました。いくつかの課題が見つかり、対応方針を決定しました。引き続きフォローします。',NULL,'2025-09-23 09:00:00','2025-10-15 18:38:02'),(1646,14,'2025-09-24','今日は重要な会議があり、プロジェクトの進捗について詳細に議論しました。いくつかの課題が見つかり、対応方針を決定しました。引き続きフォローします。',NULL,'2025-09-24 09:00:00','2025-10-15 18:38:02'),(1647,14,'2025-09-25','今日は重要な会議があり、プロジェクトの進捗について詳細に議論しました。いくつかの課題が見つかり、対応方針を決定しました。引き続きフォローします。',NULL,'2025-09-25 09:00:00','2025-10-15 18:38:02'),(1648,14,'2025-09-26','今日は重要な会議があり、プロジェクトの進捗について詳細に議論しました。いくつかの課題が見つかり、対応方針を決定しました。引き続きフォローします。',NULL,'2025-09-26 09:00:00','2025-10-15 18:38:02'),(1649,14,'2025-09-29','今日は重要な会議があり、プロジェクトの進捗について詳細に議論しました。いくつかの課題が見つかり、対応方針を決定しました。引き続きフォローします。',NULL,'2025-09-29 09:00:00','2025-10-15 18:38:02'),(1650,14,'2025-09-30','今日は重要な会議があり、プロジェクトの進捗について詳細に議論しました。いくつかの課題が見つかり、対応方針を決定しました。引き続きフォローします。','[10, 1]','2025-09-30 09:00:00','2025-10-15 18:48:03'),(1651,3,'2025-07-01','今日は重要な会議があり、プロジェクトの進捗について詳細に議論しました。いくつかの課題が見つかり、対応方針を決定しました。引き続きフォローします。',NULL,'2025-07-01 09:00:00','2025-10-15 18:38:02'),(1652,3,'2025-07-02','今日は重要な会議があり、プロジェクトの進捗について詳細に議論しました。いくつかの課題が見つかり、対応方針を決定しました。引き続きフォローします。',NULL,'2025-07-02 09:00:00','2025-10-15 18:38:02'),(1653,3,'2025-07-03','今日は重要な会議があり、プロジェクトの進捗について詳細に議論しました。いくつかの課題が見つかり、対応方針を決定しました。引き続きフォローします。',NULL,'2025-07-03 09:00:00','2025-10-15 18:38:02'),(1654,3,'2025-07-04','今日は重要な会議があり、プロジェクトの進捗について詳細に議論しました。いくつかの課題が見つかり、対応方針を決定しました。引き続きフォローします。',NULL,'2025-07-04 09:00:00','2025-10-15 18:38:02'),(1655,3,'2025-07-07','今日は重要な会議があり、プロジェクトの進捗について詳細に議論しました。いくつかの課題が見つかり、対応方針を決定しました。引き続きフォローします。',NULL,'2025-07-07 09:00:00','2025-10-15 18:38:02'),(1656,3,'2025-07-08','今日は重要な会議があり、プロジェクトの進捗について詳細に議論しました。いくつかの課題が見つかり、対応方針を決定しました。引き続きフォローします。',NULL,'2025-07-08 09:00:00','2025-10-15 18:38:02'),(1657,3,'2025-07-09','今日は重要な会議があり、プロジェクトの進捗について詳細に議論しました。いくつかの課題が見つかり、対応方針を決定しました。引き続きフォローします。',NULL,'2025-07-09 09:00:00','2025-10-15 18:38:02'),(1658,3,'2025-07-10','今日は重要な会議があり、プロジェクトの進捗について詳細に議論しました。いくつかの課題が見つかり、対応方針を決定しました。引き続きフォローします。',NULL,'2025-07-10 09:00:00','2025-10-15 18:38:02'),(1659,3,'2025-07-11','今日は重要な会議があり、プロジェクトの進捗について詳細に議論しました。いくつかの課題が見つかり、対応方針を決定しました。引き続きフォローします。',NULL,'2025-07-11 09:00:00','2025-10-15 18:38:02'),(1660,3,'2025-07-14','今日は重要な会議があり、プロジェクトの進捗について詳細に議論しました。いくつかの課題が見つかり、対応方針を決定しました。引き続きフォローします。',NULL,'2025-07-14 09:00:00','2025-10-15 18:38:02'),(1661,3,'2025-07-15','今日は重要な会議があり、プロジェクトの進捗について詳細に議論しました。いくつかの課題が見つかり、対応方針を決定しました。引き続きフォローします。',NULL,'2025-07-15 09:00:00','2025-10-15 18:38:02'),(1662,3,'2025-07-16','今日は重要な会議があり、プロジェクトの進捗について詳細に議論しました。いくつかの課題が見つかり、対応方針を決定しました。引き続きフォローします。',NULL,'2025-07-16 09:00:00','2025-10-15 18:38:02'),(1663,3,'2025-07-17','今日は重要な会議があり、プロジェクトの進捗について詳細に議論しました。いくつかの課題が見つかり、対応方針を決定しました。引き続きフォローします。',NULL,'2025-07-17 09:00:00','2025-10-15 18:38:02'),(1664,3,'2025-07-18','今日は重要な会議があり、プロジェクトの進捗について詳細に議論しました。いくつかの課題が見つかり、対応方針を決定しました。引き続きフォローします。',NULL,'2025-07-18 09:00:00','2025-10-15 18:38:02'),(1665,3,'2025-07-21','今日は重要な会議があり、プロジェクトの進捗について詳細に議論しました。いくつかの課題が見つかり、対応方針を決定しました。引き続きフォローします。',NULL,'2025-07-21 09:00:00','2025-10-15 18:38:02'),(1666,3,'2025-07-22','今日は重要な会議があり、プロジェクトの進捗について詳細に議論しました。いくつかの課題が見つかり、対応方針を決定しました。引き続きフォローします。',NULL,'2025-07-22 09:00:00','2025-10-15 18:38:02'),(1667,3,'2025-07-23','今日は重要な会議があり、プロジェクトの進捗について詳細に議論しました。いくつかの課題が見つかり、対応方針を決定しました。引き続きフォローします。',NULL,'2025-07-23 09:00:00','2025-10-15 18:38:02'),(1668,3,'2025-07-24','今日は重要な会議があり、プロジェクトの進捗について詳細に議論しました。いくつかの課題が見つかり、対応方針を決定しました。引き続きフォローします。',NULL,'2025-07-24 09:00:00','2025-10-15 18:38:02'),(1669,3,'2025-07-25','今日は重要な会議があり、プロジェクトの進捗について詳細に議論しました。いくつかの課題が見つかり、対応方針を決定しました。引き続きフォローします。',NULL,'2025-07-25 09:00:00','2025-10-15 18:38:02'),(1670,3,'2025-07-28','今日は重要な会議があり、プロジェクトの進捗について詳細に議論しました。いくつかの課題が見つかり、対応方針を決定しました。引き続きフォローします。',NULL,'2025-07-28 09:00:00','2025-10-15 18:38:02'),(1671,3,'2025-07-29','今日は重要な会議があり、プロジェクトの進捗について詳細に議論しました。いくつかの課題が見つかり、対応方針を決定しました。引き続きフォローします。',NULL,'2025-07-29 09:00:00','2025-10-15 18:38:02'),(1672,3,'2025-07-30','今日は重要な会議があり、プロジェクトの進捗について詳細に議論しました。いくつかの課題が見つかり、対応方針を決定しました。引き続きフォローします。',NULL,'2025-07-30 09:00:00','2025-10-15 18:38:02'),(1673,3,'2025-07-31','今日は重要な会議があり、プロジェクトの進捗について詳細に議論しました。いくつかの課題が見つかり、対応方針を決定しました。引き続きフォローします。',NULL,'2025-07-31 09:00:00','2025-10-15 18:38:02'),(1674,3,'2025-08-01','今日は重要な会議があり、プロジェクトの進捗について詳細に議論しました。いくつかの課題が見つかり、対応方針を決定しました。引き続きフォローします。',NULL,'2025-08-01 09:00:00','2025-10-15 18:38:02'),(1675,3,'2025-08-04','今日は重要な会議があり、プロジェクトの進捗について詳細に議論しました。いくつかの課題が見つかり、対応方針を決定しました。引き続きフォローします。',NULL,'2025-08-04 09:00:00','2025-10-15 18:38:02'),(1676,3,'2025-08-05','今日は重要な会議があり、プロジェクトの進捗について詳細に議論しました。いくつかの課題が見つかり、対応方針を決定しました。引き続きフォローします。',NULL,'2025-08-05 09:00:00','2025-10-15 18:38:02'),(1677,3,'2025-08-06','今日は重要な会議があり、プロジェクトの進捗について詳細に議論しました。いくつかの課題が見つかり、対応方針を決定しました。引き続きフォローします。',NULL,'2025-08-06 09:00:00','2025-10-15 18:38:02'),(1678,3,'2025-08-07','今日は重要な会議があり、プロジェクトの進捗について詳細に議論しました。いくつかの課題が見つかり、対応方針を決定しました。引き続きフォローします。',NULL,'2025-08-07 09:00:00','2025-10-15 18:38:02'),(1679,3,'2025-08-08','今日は重要な会議があり、プロジェクトの進捗について詳細に議論しました。いくつかの課題が見つかり、対応方針を決定しました。引き続きフォローします。',NULL,'2025-08-08 09:00:00','2025-10-15 18:38:02'),(1680,3,'2025-08-11','今日は重要な会議があり、プロジェクトの進捗について詳細に議論しました。いくつかの課題が見つかり、対応方針を決定しました。引き続きフォローします。',NULL,'2025-08-11 09:00:00','2025-10-15 18:38:02'),(1681,3,'2025-08-12','今日は重要な会議があり、プロジェクトの進捗について詳細に議論しました。いくつかの課題が見つかり、対応方針を決定しました。引き続きフォローします。',NULL,'2025-08-12 09:00:00','2025-10-15 18:38:02'),(1682,3,'2025-08-13','今日は重要な会議があり、プロジェクトの進捗について詳細に議論しました。いくつかの課題が見つかり、対応方針を決定しました。引き続きフォローします。',NULL,'2025-08-13 09:00:00','2025-10-15 18:38:02'),(1683,3,'2025-08-14','今日は重要な会議があり、プロジェクトの進捗について詳細に議論しました。いくつかの課題が見つかり、対応方針を決定しました。引き続きフォローします。',NULL,'2025-08-14 09:00:00','2025-10-15 18:38:02'),(1684,3,'2025-08-15','今日は重要な会議があり、プロジェクトの進捗について詳細に議論しました。いくつかの課題が見つかり、対応方針を決定しました。引き続きフォローします。',NULL,'2025-08-15 09:00:00','2025-10-15 18:38:02'),(1685,3,'2025-08-18','今日は重要な会議があり、プロジェクトの進捗について詳細に議論しました。いくつかの課題が見つかり、対応方針を決定しました。引き続きフォローします。',NULL,'2025-08-18 09:00:00','2025-10-15 18:38:02'),(1686,3,'2025-08-19','今日は重要な会議があり、プロジェクトの進捗について詳細に議論しました。いくつかの課題が見つかり、対応方針を決定しました。引き続きフォローします。',NULL,'2025-08-19 09:00:00','2025-10-15 18:38:02'),(1687,3,'2025-08-20','今日は重要な会議があり、プロジェクトの進捗について詳細に議論しました。いくつかの課題が見つかり、対応方針を決定しました。引き続きフォローします。',NULL,'2025-08-20 09:00:00','2025-10-15 18:38:02'),(1688,3,'2025-08-21','今日は重要な会議があり、プロジェクトの進捗について詳細に議論しました。いくつかの課題が見つかり、対応方針を決定しました。引き続きフォローします。',NULL,'2025-08-21 09:00:00','2025-10-15 18:38:02'),(1689,3,'2025-08-22','今日は重要な会議があり、プロジェクトの進捗について詳細に議論しました。いくつかの課題が見つかり、対応方針を決定しました。引き続きフォローします。',NULL,'2025-08-22 09:00:00','2025-10-15 18:38:02'),(1690,3,'2025-08-25','今日は重要な会議があり、プロジェクトの進捗について詳細に議論しました。いくつかの課題が見つかり、対応方針を決定しました。引き続きフォローします。',NULL,'2025-08-25 09:00:00','2025-10-15 18:38:02'),(1691,3,'2025-08-26','今日は重要な会議があり、プロジェクトの進捗について詳細に議論しました。いくつかの課題が見つかり、対応方針を決定しました。引き続きフォローします。',NULL,'2025-08-26 09:00:00','2025-10-15 18:38:02'),(1692,3,'2025-08-27','今日は重要な会議があり、プロジェクトの進捗について詳細に議論しました。いくつかの課題が見つかり、対応方針を決定しました。引き続きフォローします。',NULL,'2025-08-27 09:00:00','2025-10-15 18:38:02'),(1693,3,'2025-08-28','今日は重要な会議があり、プロジェクトの進捗について詳細に議論しました。いくつかの課題が見つかり、対応方針を決定しました。引き続きフォローします。',NULL,'2025-08-28 09:00:00','2025-10-15 18:38:02'),(1694,3,'2025-08-29','今日は重要な会議があり、プロジェクトの進捗について詳細に議論しました。いくつかの課題が見つかり、対応方針を決定しました。引き続きフォローします。',NULL,'2025-08-29 09:00:00','2025-10-15 18:38:02'),(1695,3,'2025-09-01','今日は重要な会議があり、プロジェクトの進捗について詳細に議論しました。いくつかの課題が見つかり、対応方針を決定しました。引き続きフォローします。',NULL,'2025-09-01 09:00:00','2025-10-15 18:38:02'),(1696,3,'2025-09-02','今日は重要な会議があり、プロジェクトの進捗について詳細に議論しました。いくつかの課題が見つかり、対応方針を決定しました。引き続きフォローします。',NULL,'2025-09-02 09:00:00','2025-10-15 18:38:02'),(1697,3,'2025-09-03','今日は重要な会議があり、プロジェクトの進捗について詳細に議論しました。いくつかの課題が見つかり、対応方針を決定しました。引き続きフォローします。',NULL,'2025-09-03 09:00:00','2025-10-15 18:38:02'),(1698,3,'2025-09-04','今日は重要な会議があり、プロジェクトの進捗について詳細に議論しました。いくつかの課題が見つかり、対応方針を決定しました。引き続きフォローします。',NULL,'2025-09-04 09:00:00','2025-10-15 18:38:02'),(1699,3,'2025-09-05','今日は重要な会議があり、プロジェクトの進捗について詳細に議論しました。いくつかの課題が見つかり、対応方針を決定しました。引き続きフォローします。',NULL,'2025-09-05 09:00:00','2025-10-15 18:38:02'),(1700,3,'2025-09-08','今日は重要な会議があり、プロジェクトの進捗について詳細に議論しました。いくつかの課題が見つかり、対応方針を決定しました。引き続きフォローします。',NULL,'2025-09-08 09:00:00','2025-10-15 18:38:02'),(1701,3,'2025-09-09','今日は重要な会議があり、プロジェクトの進捗について詳細に議論しました。いくつかの課題が見つかり、対応方針を決定しました。引き続きフォローします。',NULL,'2025-09-09 09:00:00','2025-10-15 18:38:02'),(1702,3,'2025-09-10','今日は重要な会議があり、プロジェクトの進捗について詳細に議論しました。いくつかの課題が見つかり、対応方針を決定しました。引き続きフォローします。',NULL,'2025-09-10 09:00:00','2025-10-15 18:38:02'),(1703,3,'2025-09-11','今日は重要な会議があり、プロジェクトの進捗について詳細に議論しました。いくつかの課題が見つかり、対応方針を決定しました。引き続きフォローします。',NULL,'2025-09-11 09:00:00','2025-10-15 18:38:02'),(1704,3,'2025-09-12','今日は重要な会議があり、プロジェクトの進捗について詳細に議論しました。いくつかの課題が見つかり、対応方針を決定しました。引き続きフォローします。',NULL,'2025-09-12 09:00:00','2025-10-15 18:38:02'),(1705,3,'2025-09-15','今日は重要な会議があり、プロジェクトの進捗について詳細に議論しました。いくつかの課題が見つかり、対応方針を決定しました。引き続きフォローします。',NULL,'2025-09-15 09:00:00','2025-10-15 18:38:02'),(1706,3,'2025-09-16','今日は重要な会議があり、プロジェクトの進捗について詳細に議論しました。いくつかの課題が見つかり、対応方針を決定しました。引き続きフォローします。',NULL,'2025-09-16 09:00:00','2025-10-15 18:38:02'),(1707,3,'2025-09-17','今日は重要な会議があり、プロジェクトの進捗について詳細に議論しました。いくつかの課題が見つかり、対応方針を決定しました。引き続きフォローします。',NULL,'2025-09-17 09:00:00','2025-10-15 18:38:02'),(1708,3,'2025-09-18','今日は重要な会議があり、プロジェクトの進捗について詳細に議論しました。いくつかの課題が見つかり、対応方針を決定しました。引き続きフォローします。',NULL,'2025-09-18 09:00:00','2025-10-15 18:38:02'),(1709,3,'2025-09-19','今日は重要な会議があり、プロジェクトの進捗について詳細に議論しました。いくつかの課題が見つかり、対応方針を決定しました。引き続きフォローします。',NULL,'2025-09-19 09:00:00','2025-10-15 18:38:02'),(1710,3,'2025-09-22','今日は重要な会議があり、プロジェクトの進捗について詳細に議論しました。いくつかの課題が見つかり、対応方針を決定しました。引き続きフォローします。',NULL,'2025-09-22 09:00:00','2025-10-15 18:38:02'),(1711,3,'2025-09-23','今日は重要な会議があり、プロジェクトの進捗について詳細に議論しました。いくつかの課題が見つかり、対応方針を決定しました。引き続きフォローします。',NULL,'2025-09-23 09:00:00','2025-10-15 18:38:02'),(1712,3,'2025-09-24','今日は重要な会議があり、プロジェクトの進捗について詳細に議論しました。いくつかの課題が見つかり、対応方針を決定しました。引き続きフォローします。',NULL,'2025-09-24 09:00:00','2025-10-15 18:38:02'),(1713,3,'2025-09-25','今日は重要な会議があり、プロジェクトの進捗について詳細に議論しました。いくつかの課題が見つかり、対応方針を決定しました。引き続きフォローします。',NULL,'2025-09-25 09:00:00','2025-10-15 18:38:02'),(1714,3,'2025-09-26','今日は重要な会議があり、プロジェクトの進捗について詳細に議論しました。いくつかの課題が見つかり、対応方針を決定しました。引き続きフォローします。',NULL,'2025-09-26 09:00:00','2025-10-15 18:38:02'),(1715,3,'2025-09-29','今日は重要な会議があり、プロジェクトの進捗について詳細に議論しました。いくつかの課題が見つかり、対応方針を決定しました。引き続きフォローします。',NULL,'2025-09-29 09:00:00','2025-10-15 18:38:02'),(1716,3,'2025-09-30','今日は重要な会議があり、プロジェクトの進捗について詳細に議論しました。いくつかの課題が見つかり、対応方針を決定しました。引き続きフォローします。','[1]','2025-09-30 09:00:00','2025-10-15 18:48:03'),(1717,20,'2025-07-01','今日は重要な会議があり、プロジェクトの進捗について詳細に議論しました。いくつかの課題が見つかり、対応方針を決定しました。引き続きフォローします。',NULL,'2025-07-01 09:00:00','2025-10-15 18:38:02'),(1718,20,'2025-07-02','今日は重要な会議があり、プロジェクトの進捗について詳細に議論しました。いくつかの課題が見つかり、対応方針を決定しました。引き続きフォローします。',NULL,'2025-07-02 09:00:00','2025-10-15 18:38:02'),(1719,20,'2025-07-03','今日は重要な会議があり、プロジェクトの進捗について詳細に議論しました。いくつかの課題が見つかり、対応方針を決定しました。引き続きフォローします。',NULL,'2025-07-03 09:00:00','2025-10-15 18:38:02'),(1720,20,'2025-07-04','今日は重要な会議があり、プロジェクトの進捗について詳細に議論しました。いくつかの課題が見つかり、対応方針を決定しました。引き続きフォローします。',NULL,'2025-07-04 09:00:00','2025-10-15 18:38:02'),(1721,20,'2025-07-07','今日は重要な会議があり、プロジェクトの進捗について詳細に議論しました。いくつかの課題が見つかり、対応方針を決定しました。引き続きフォローします。',NULL,'2025-07-07 09:00:00','2025-10-15 18:38:02'),(1722,20,'2025-07-08','今日は重要な会議があり、プロジェクトの進捗について詳細に議論しました。いくつかの課題が見つかり、対応方針を決定しました。引き続きフォローします。',NULL,'2025-07-08 09:00:00','2025-10-15 18:38:02'),(1723,20,'2025-07-09','今日は重要な会議があり、プロジェクトの進捗について詳細に議論しました。いくつかの課題が見つかり、対応方針を決定しました。引き続きフォローします。',NULL,'2025-07-09 09:00:00','2025-10-15 18:38:02'),(1724,20,'2025-07-10','今日は重要な会議があり、プロジェクトの進捗について詳細に議論しました。いくつかの課題が見つかり、対応方針を決定しました。引き続きフォローします。',NULL,'2025-07-10 09:00:00','2025-10-15 18:38:02'),(1725,20,'2025-07-11','今日は重要な会議があり、プロジェクトの進捗について詳細に議論しました。いくつかの課題が見つかり、対応方針を決定しました。引き続きフォローします。',NULL,'2025-07-11 09:00:00','2025-10-15 18:38:02'),(1726,20,'2025-07-14','今日は重要な会議があり、プロジェクトの進捗について詳細に議論しました。いくつかの課題が見つかり、対応方針を決定しました。引き続きフォローします。',NULL,'2025-07-14 09:00:00','2025-10-15 18:38:02'),(1727,20,'2025-07-15','今日は重要な会議があり、プロジェクトの進捗について詳細に議論しました。いくつかの課題が見つかり、対応方針を決定しました。引き続きフォローします。',NULL,'2025-07-15 09:00:00','2025-10-15 18:38:02'),(1728,20,'2025-07-16','今日は重要な会議があり、プロジェクトの進捗について詳細に議論しました。いくつかの課題が見つかり、対応方針を決定しました。引き続きフォローします。',NULL,'2025-07-16 09:00:00','2025-10-15 18:38:02'),(1729,20,'2025-07-17','今日は重要な会議があり、プロジェクトの進捗について詳細に議論しました。いくつかの課題が見つかり、対応方針を決定しました。引き続きフォローします。',NULL,'2025-07-17 09:00:00','2025-10-15 18:38:02'),(1730,20,'2025-07-18','今日は重要な会議があり、プロジェクトの進捗について詳細に議論しました。いくつかの課題が見つかり、対応方針を決定しました。引き続きフォローします。',NULL,'2025-07-18 09:00:00','2025-10-15 18:38:02'),(1731,20,'2025-07-21','今日は重要な会議があり、プロジェクトの進捗について詳細に議論しました。いくつかの課題が見つかり、対応方針を決定しました。引き続きフォローします。',NULL,'2025-07-21 09:00:00','2025-10-15 18:38:02'),(1732,20,'2025-07-22','今日は重要な会議があり、プロジェクトの進捗について詳細に議論しました。いくつかの課題が見つかり、対応方針を決定しました。引き続きフォローします。',NULL,'2025-07-22 09:00:00','2025-10-15 18:38:02'),(1733,20,'2025-07-23','今日は重要な会議があり、プロジェクトの進捗について詳細に議論しました。いくつかの課題が見つかり、対応方針を決定しました。引き続きフォローします。',NULL,'2025-07-23 09:00:00','2025-10-15 18:38:02'),(1734,20,'2025-07-24','今日は重要な会議があり、プロジェクトの進捗について詳細に議論しました。いくつかの課題が見つかり、対応方針を決定しました。引き続きフォローします。',NULL,'2025-07-24 09:00:00','2025-10-15 18:38:02'),(1735,20,'2025-07-25','今日は重要な会議があり、プロジェクトの進捗について詳細に議論しました。いくつかの課題が見つかり、対応方針を決定しました。引き続きフォローします。',NULL,'2025-07-25 09:00:00','2025-10-15 18:38:02'),(1736,20,'2025-07-28','今日は重要な会議があり、プロジェクトの進捗について詳細に議論しました。いくつかの課題が見つかり、対応方針を決定しました。引き続きフォローします。',NULL,'2025-07-28 09:00:00','2025-10-15 18:38:02'),(1737,20,'2025-07-29','今日は重要な会議があり、プロジェクトの進捗について詳細に議論しました。いくつかの課題が見つかり、対応方針を決定しました。引き続きフォローします。',NULL,'2025-07-29 09:00:00','2025-10-15 18:38:02'),(1738,20,'2025-07-30','今日は重要な会議があり、プロジェクトの進捗について詳細に議論しました。いくつかの課題が見つかり、対応方針を決定しました。引き続きフォローします。',NULL,'2025-07-30 09:00:00','2025-10-15 18:38:02'),(1739,20,'2025-07-31','今日は重要な会議があり、プロジェクトの進捗について詳細に議論しました。いくつかの課題が見つかり、対応方針を決定しました。引き続きフォローします。',NULL,'2025-07-31 09:00:00','2025-10-15 18:38:02'),(1740,20,'2025-08-01','今日は重要な会議があり、プロジェクトの進捗について詳細に議論しました。いくつかの課題が見つかり、対応方針を決定しました。引き続きフォローします。',NULL,'2025-08-01 09:00:00','2025-10-15 18:38:02'),(1741,20,'2025-08-04','今日は重要な会議があり、プロジェクトの進捗について詳細に議論しました。いくつかの課題が見つかり、対応方針を決定しました。引き続きフォローします。',NULL,'2025-08-04 09:00:00','2025-10-15 18:38:02'),(1742,20,'2025-08-05','今日は重要な会議があり、プロジェクトの進捗について詳細に議論しました。いくつかの課題が見つかり、対応方針を決定しました。引き続きフォローします。',NULL,'2025-08-05 09:00:00','2025-10-15 18:38:02'),(1743,20,'2025-08-06','今日は重要な会議があり、プロジェクトの進捗について詳細に議論しました。いくつかの課題が見つかり、対応方針を決定しました。引き続きフォローします。',NULL,'2025-08-06 09:00:00','2025-10-15 18:38:02'),(1744,20,'2025-08-07','今日は重要な会議があり、プロジェクトの進捗について詳細に議論しました。いくつかの課題が見つかり、対応方針を決定しました。引き続きフォローします。',NULL,'2025-08-07 09:00:00','2025-10-15 18:38:02'),(1745,20,'2025-08-08','今日は重要な会議があり、プロジェクトの進捗について詳細に議論しました。いくつかの課題が見つかり、対応方針を決定しました。引き続きフォローします。',NULL,'2025-08-08 09:00:00','2025-10-15 18:38:02'),(1746,20,'2025-08-11','今日は重要な会議があり、プロジェクトの進捗について詳細に議論しました。いくつかの課題が見つかり、対応方針を決定しました。引き続きフォローします。',NULL,'2025-08-11 09:00:00','2025-10-15 18:38:02'),(1747,20,'2025-08-12','今日は重要な会議があり、プロジェクトの進捗について詳細に議論しました。いくつかの課題が見つかり、対応方針を決定しました。引き続きフォローします。',NULL,'2025-08-12 09:00:00','2025-10-15 18:38:02'),(1748,20,'2025-08-13','今日は重要な会議があり、プロジェクトの進捗について詳細に議論しました。いくつかの課題が見つかり、対応方針を決定しました。引き続きフォローします。',NULL,'2025-08-13 09:00:00','2025-10-15 18:38:02'),(1749,20,'2025-08-14','今日は重要な会議があり、プロジェクトの進捗について詳細に議論しました。いくつかの課題が見つかり、対応方針を決定しました。引き続きフォローします。',NULL,'2025-08-14 09:00:00','2025-10-15 18:38:02'),(1750,20,'2025-08-15','今日は重要な会議があり、プロジェクトの進捗について詳細に議論しました。いくつかの課題が見つかり、対応方針を決定しました。引き続きフォローします。',NULL,'2025-08-15 09:00:00','2025-10-15 18:38:02'),(1751,20,'2025-08-18','今日は重要な会議があり、プロジェクトの進捗について詳細に議論しました。いくつかの課題が見つかり、対応方針を決定しました。引き続きフォローします。',NULL,'2025-08-18 09:00:00','2025-10-15 18:38:02'),(1752,20,'2025-08-19','今日は重要な会議があり、プロジェクトの進捗について詳細に議論しました。いくつかの課題が見つかり、対応方針を決定しました。引き続きフォローします。',NULL,'2025-08-19 09:00:00','2025-10-15 18:38:02'),(1753,20,'2025-08-20','今日は重要な会議があり、プロジェクトの進捗について詳細に議論しました。いくつかの課題が見つかり、対応方針を決定しました。引き続きフォローします。',NULL,'2025-08-20 09:00:00','2025-10-15 18:38:02'),(1754,20,'2025-08-21','今日は重要な会議があり、プロジェクトの進捗について詳細に議論しました。いくつかの課題が見つかり、対応方針を決定しました。引き続きフォローします。',NULL,'2025-08-21 09:00:00','2025-10-15 18:38:02'),(1755,20,'2025-08-22','今日は重要な会議があり、プロジェクトの進捗について詳細に議論しました。いくつかの課題が見つかり、対応方針を決定しました。引き続きフォローします。',NULL,'2025-08-22 09:00:00','2025-10-15 18:38:02'),(1756,20,'2025-08-25','今日は重要な会議があり、プロジェクトの進捗について詳細に議論しました。いくつかの課題が見つかり、対応方針を決定しました。引き続きフォローします。',NULL,'2025-08-25 09:00:00','2025-10-15 18:38:02'),(1757,20,'2025-08-26','今日は重要な会議があり、プロジェクトの進捗について詳細に議論しました。いくつかの課題が見つかり、対応方針を決定しました。引き続きフォローします。',NULL,'2025-08-26 09:00:00','2025-10-15 18:38:02'),(1758,20,'2025-08-27','今日は重要な会議があり、プロジェクトの進捗について詳細に議論しました。いくつかの課題が見つかり、対応方針を決定しました。引き続きフォローします。',NULL,'2025-08-27 09:00:00','2025-10-15 18:38:02'),(1759,20,'2025-08-28','今日は重要な会議があり、プロジェクトの進捗について詳細に議論しました。いくつかの課題が見つかり、対応方針を決定しました。引き続きフォローします。',NULL,'2025-08-28 09:00:00','2025-10-15 18:38:02'),(1760,20,'2025-08-29','今日は重要な会議があり、プロジェクトの進捗について詳細に議論しました。いくつかの課題が見つかり、対応方針を決定しました。引き続きフォローします。',NULL,'2025-08-29 09:00:00','2025-10-15 18:38:02'),(1761,20,'2025-09-01','今日は重要な会議があり、プロジェクトの進捗について詳細に議論しました。いくつかの課題が見つかり、対応方針を決定しました。引き続きフォローします。',NULL,'2025-09-01 09:00:00','2025-10-15 18:38:02'),(1762,20,'2025-09-02','今日は重要な会議があり、プロジェクトの進捗について詳細に議論しました。いくつかの課題が見つかり、対応方針を決定しました。引き続きフォローします。',NULL,'2025-09-02 09:00:00','2025-10-15 18:38:02'),(1763,20,'2025-09-03','今日は重要な会議があり、プロジェクトの進捗について詳細に議論しました。いくつかの課題が見つかり、対応方針を決定しました。引き続きフォローします。',NULL,'2025-09-03 09:00:00','2025-10-15 18:38:02'),(1764,20,'2025-09-04','今日は重要な会議があり、プロジェクトの進捗について詳細に議論しました。いくつかの課題が見つかり、対応方針を決定しました。引き続きフォローします。',NULL,'2025-09-04 09:00:00','2025-10-15 18:38:02'),(1765,20,'2025-09-05','今日は重要な会議があり、プロジェクトの進捗について詳細に議論しました。いくつかの課題が見つかり、対応方針を決定しました。引き続きフォローします。',NULL,'2025-09-05 09:00:00','2025-10-15 18:38:02'),(1766,20,'2025-09-08','今日は重要な会議があり、プロジェクトの進捗について詳細に議論しました。いくつかの課題が見つかり、対応方針を決定しました。引き続きフォローします。',NULL,'2025-09-08 09:00:00','2025-10-15 18:38:02'),(1767,20,'2025-09-09','今日は重要な会議があり、プロジェクトの進捗について詳細に議論しました。いくつかの課題が見つかり、対応方針を決定しました。引き続きフォローします。',NULL,'2025-09-09 09:00:00','2025-10-15 18:38:02'),(1768,20,'2025-09-10','今日は重要な会議があり、プロジェクトの進捗について詳細に議論しました。いくつかの課題が見つかり、対応方針を決定しました。引き続きフォローします。',NULL,'2025-09-10 09:00:00','2025-10-15 18:38:02'),(1769,20,'2025-09-11','今日は重要な会議があり、プロジェクトの進捗について詳細に議論しました。いくつかの課題が見つかり、対応方針を決定しました。引き続きフォローします。',NULL,'2025-09-11 09:00:00','2025-10-15 18:38:02'),(1770,20,'2025-09-12','今日は重要な会議があり、プロジェクトの進捗について詳細に議論しました。いくつかの課題が見つかり、対応方針を決定しました。引き続きフォローします。',NULL,'2025-09-12 09:00:00','2025-10-15 18:38:02'),(1771,20,'2025-09-15','今日は重要な会議があり、プロジェクトの進捗について詳細に議論しました。いくつかの課題が見つかり、対応方針を決定しました。引き続きフォローします。',NULL,'2025-09-15 09:00:00','2025-10-15 18:38:02'),(1772,20,'2025-09-16','今日は重要な会議があり、プロジェクトの進捗について詳細に議論しました。いくつかの課題が見つかり、対応方針を決定しました。引き続きフォローします。',NULL,'2025-09-16 09:00:00','2025-10-15 18:38:02'),(1773,20,'2025-09-17','今日は重要な会議があり、プロジェクトの進捗について詳細に議論しました。いくつかの課題が見つかり、対応方針を決定しました。引き続きフォローします。',NULL,'2025-09-17 09:00:00','2025-10-15 18:38:02'),(1774,20,'2025-09-18','今日は重要な会議があり、プロジェクトの進捗について詳細に議論しました。いくつかの課題が見つかり、対応方針を決定しました。引き続きフォローします。',NULL,'2025-09-18 09:00:00','2025-10-15 18:38:02'),(1775,20,'2025-09-19','今日は重要な会議があり、プロジェクトの進捗について詳細に議論しました。いくつかの課題が見つかり、対応方針を決定しました。引き続きフォローします。',NULL,'2025-09-19 09:00:00','2025-10-15 18:38:02'),(1776,20,'2025-09-22','今日は重要な会議があり、プロジェクトの進捗について詳細に議論しました。いくつかの課題が見つかり、対応方針を決定しました。引き続きフォローします。',NULL,'2025-09-22 09:00:00','2025-10-15 18:38:02'),(1777,20,'2025-09-23','今日は重要な会議があり、プロジェクトの進捗について詳細に議論しました。いくつかの課題が見つかり、対応方針を決定しました。引き続きフォローします。',NULL,'2025-09-23 09:00:00','2025-10-15 18:38:02'),(1778,20,'2025-09-24','今日は重要な会議があり、プロジェクトの進捗について詳細に議論しました。いくつかの課題が見つかり、対応方針を決定しました。引き続きフォローします。',NULL,'2025-09-24 09:00:00','2025-10-15 18:38:02'),(1779,20,'2025-09-25','今日は重要な会議があり、プロジェクトの進捗について詳細に議論しました。いくつかの課題が見つかり、対応方針を決定しました。引き続きフォローします。',NULL,'2025-09-25 09:00:00','2025-10-15 18:38:02'),(1780,20,'2025-09-26','今日は重要な会議があり、プロジェクトの進捗について詳細に議論しました。いくつかの課題が見つかり、対応方針を決定しました。引き続きフォローします。',NULL,'2025-09-26 09:00:00','2025-10-15 18:38:02'),(1781,20,'2025-09-29','今日は重要な会議があり、プロジェクトの進捗について詳細に議論しました。いくつかの課題が見つかり、対応方針を決定しました。引き続きフォローします。',NULL,'2025-09-29 09:00:00','2025-10-15 18:38:02'),(1782,20,'2025-09-30','今日は重要な会議があり、プロジェクトの進捗について詳細に議論しました。いくつかの課題が見つかり、対応方針を決定しました。引き続きフォローします。','[1]','2025-09-30 09:00:00','2025-10-15 18:48:03'),(1783,6,'2025-07-01','今日は重要な会議があり、プロジェクトの進捗について詳細に議論しました。いくつかの課題が見つかり、対応方針を決定しました。引き続きフォローします。',NULL,'2025-07-01 09:00:00','2025-10-15 18:38:02'),(1784,6,'2025-07-02','今日は重要な会議があり、プロジェクトの進捗について詳細に議論しました。いくつかの課題が見つかり、対応方針を決定しました。引き続きフォローします。',NULL,'2025-07-02 09:00:00','2025-10-15 18:38:02'),(1785,6,'2025-07-03','今日は重要な会議があり、プロジェクトの進捗について詳細に議論しました。いくつかの課題が見つかり、対応方針を決定しました。引き続きフォローします。',NULL,'2025-07-03 09:00:00','2025-10-15 18:38:02'),(1786,6,'2025-07-04','今日は重要な会議があり、プロジェクトの進捗について詳細に議論しました。いくつかの課題が見つかり、対応方針を決定しました。引き続きフォローします。',NULL,'2025-07-04 09:00:00','2025-10-15 18:38:02'),(1787,6,'2025-07-07','今日は重要な会議があり、プロジェクトの進捗について詳細に議論しました。いくつかの課題が見つかり、対応方針を決定しました。引き続きフォローします。',NULL,'2025-07-07 09:00:00','2025-10-15 18:38:02'),(1788,6,'2025-07-08','今日は重要な会議があり、プロジェクトの進捗について詳細に議論しました。いくつかの課題が見つかり、対応方針を決定しました。引き続きフォローします。',NULL,'2025-07-08 09:00:00','2025-10-15 18:38:02'),(1789,6,'2025-07-09','今日は重要な会議があり、プロジェクトの進捗について詳細に議論しました。いくつかの課題が見つかり、対応方針を決定しました。引き続きフォローします。',NULL,'2025-07-09 09:00:00','2025-10-15 18:38:02'),(1790,6,'2025-07-10','今日は重要な会議があり、プロジェクトの進捗について詳細に議論しました。いくつかの課題が見つかり、対応方針を決定しました。引き続きフォローします。',NULL,'2025-07-10 09:00:00','2025-10-15 18:38:02'),(1791,6,'2025-07-11','今日は重要な会議があり、プロジェクトの進捗について詳細に議論しました。いくつかの課題が見つかり、対応方針を決定しました。引き続きフォローします。',NULL,'2025-07-11 09:00:00','2025-10-15 18:38:02'),(1792,6,'2025-07-14','今日は重要な会議があり、プロジェクトの進捗について詳細に議論しました。いくつかの課題が見つかり、対応方針を決定しました。引き続きフォローします。',NULL,'2025-07-14 09:00:00','2025-10-15 18:38:02'),(1793,6,'2025-07-15','今日は重要な会議があり、プロジェクトの進捗について詳細に議論しました。いくつかの課題が見つかり、対応方針を決定しました。引き続きフォローします。',NULL,'2025-07-15 09:00:00','2025-10-15 18:38:02'),(1794,6,'2025-07-16','今日は重要な会議があり、プロジェクトの進捗について詳細に議論しました。いくつかの課題が見つかり、対応方針を決定しました。引き続きフォローします。',NULL,'2025-07-16 09:00:00','2025-10-15 18:38:02'),(1795,6,'2025-07-17','今日は重要な会議があり、プロジェクトの進捗について詳細に議論しました。いくつかの課題が見つかり、対応方針を決定しました。引き続きフォローします。',NULL,'2025-07-17 09:00:00','2025-10-15 18:38:02'),(1796,6,'2025-07-18','今日は重要な会議があり、プロジェクトの進捗について詳細に議論しました。いくつかの課題が見つかり、対応方針を決定しました。引き続きフォローします。',NULL,'2025-07-18 09:00:00','2025-10-15 18:38:02'),(1797,6,'2025-07-21','今日は重要な会議があり、プロジェクトの進捗について詳細に議論しました。いくつかの課題が見つかり、対応方針を決定しました。引き続きフォローします。',NULL,'2025-07-21 09:00:00','2025-10-15 18:38:02'),(1798,6,'2025-07-22','今日は重要な会議があり、プロジェクトの進捗について詳細に議論しました。いくつかの課題が見つかり、対応方針を決定しました。引き続きフォローします。',NULL,'2025-07-22 09:00:00','2025-10-15 18:38:02'),(1799,6,'2025-07-23','今日は重要な会議があり、プロジェクトの進捗について詳細に議論しました。いくつかの課題が見つかり、対応方針を決定しました。引き続きフォローします。',NULL,'2025-07-23 09:00:00','2025-10-15 18:38:02'),(1800,6,'2025-07-24','今日は重要な会議があり、プロジェクトの進捗について詳細に議論しました。いくつかの課題が見つかり、対応方針を決定しました。引き続きフォローします。',NULL,'2025-07-24 09:00:00','2025-10-15 18:38:02'),(1801,6,'2025-07-25','今日は重要な会議があり、プロジェクトの進捗について詳細に議論しました。いくつかの課題が見つかり、対応方針を決定しました。引き続きフォローします。',NULL,'2025-07-25 09:00:00','2025-10-15 18:38:02'),(1802,6,'2025-07-28','今日は重要な会議があり、プロジェクトの進捗について詳細に議論しました。いくつかの課題が見つかり、対応方針を決定しました。引き続きフォローします。',NULL,'2025-07-28 09:00:00','2025-10-15 18:38:02'),(1803,6,'2025-07-29','今日は重要な会議があり、プロジェクトの進捗について詳細に議論しました。いくつかの課題が見つかり、対応方針を決定しました。引き続きフォローします。',NULL,'2025-07-29 09:00:00','2025-10-15 18:38:02'),(1804,6,'2025-07-30','今日は重要な会議があり、プロジェクトの進捗について詳細に議論しました。いくつかの課題が見つかり、対応方針を決定しました。引き続きフォローします。',NULL,'2025-07-30 09:00:00','2025-10-15 18:38:02'),(1805,6,'2025-07-31','今日は重要な会議があり、プロジェクトの進捗について詳細に議論しました。いくつかの課題が見つかり、対応方針を決定しました。引き続きフォローします。',NULL,'2025-07-31 09:00:00','2025-10-15 18:38:02'),(1806,6,'2025-08-01','今日は重要な会議があり、プロジェクトの進捗について詳細に議論しました。いくつかの課題が見つかり、対応方針を決定しました。引き続きフォローします。',NULL,'2025-08-01 09:00:00','2025-10-15 18:38:02'),(1807,6,'2025-08-04','今日は重要な会議があり、プロジェクトの進捗について詳細に議論しました。いくつかの課題が見つかり、対応方針を決定しました。引き続きフォローします。',NULL,'2025-08-04 09:00:00','2025-10-15 18:38:02'),(1808,6,'2025-08-05','今日は重要な会議があり、プロジェクトの進捗について詳細に議論しました。いくつかの課題が見つかり、対応方針を決定しました。引き続きフォローします。',NULL,'2025-08-05 09:00:00','2025-10-15 18:38:02'),(1809,6,'2025-08-06','今日は重要な会議があり、プロジェクトの進捗について詳細に議論しました。いくつかの課題が見つかり、対応方針を決定しました。引き続きフォローします。',NULL,'2025-08-06 09:00:00','2025-10-15 18:38:02'),(1810,6,'2025-08-07','今日は重要な会議があり、プロジェクトの進捗について詳細に議論しました。いくつかの課題が見つかり、対応方針を決定しました。引き続きフォローします。',NULL,'2025-08-07 09:00:00','2025-10-15 18:38:02'),(1811,6,'2025-08-08','今日は重要な会議があり、プロジェクトの進捗について詳細に議論しました。いくつかの課題が見つかり、対応方針を決定しました。引き続きフォローします。',NULL,'2025-08-08 09:00:00','2025-10-15 18:38:02'),(1812,6,'2025-08-11','今日は重要な会議があり、プロジェクトの進捗について詳細に議論しました。いくつかの課題が見つかり、対応方針を決定しました。引き続きフォローします。',NULL,'2025-08-11 09:00:00','2025-10-15 18:38:02'),(1813,6,'2025-08-12','今日は重要な会議があり、プロジェクトの進捗について詳細に議論しました。いくつかの課題が見つかり、対応方針を決定しました。引き続きフォローします。',NULL,'2025-08-12 09:00:00','2025-10-15 18:38:02'),(1814,6,'2025-08-13','今日は重要な会議があり、プロジェクトの進捗について詳細に議論しました。いくつかの課題が見つかり、対応方針を決定しました。引き続きフォローします。',NULL,'2025-08-13 09:00:00','2025-10-15 18:38:02'),(1815,6,'2025-08-14','今日は重要な会議があり、プロジェクトの進捗について詳細に議論しました。いくつかの課題が見つかり、対応方針を決定しました。引き続きフォローします。',NULL,'2025-08-14 09:00:00','2025-10-15 18:38:02'),(1816,6,'2025-08-15','今日は重要な会議があり、プロジェクトの進捗について詳細に議論しました。いくつかの課題が見つかり、対応方針を決定しました。引き続きフォローします。',NULL,'2025-08-15 09:00:00','2025-10-15 18:38:02'),(1817,6,'2025-08-18','今日は重要な会議があり、プロジェクトの進捗について詳細に議論しました。いくつかの課題が見つかり、対応方針を決定しました。引き続きフォローします。',NULL,'2025-08-18 09:00:00','2025-10-15 18:38:02'),(1818,6,'2025-08-19','今日は重要な会議があり、プロジェクトの進捗について詳細に議論しました。いくつかの課題が見つかり、対応方針を決定しました。引き続きフォローします。',NULL,'2025-08-19 09:00:00','2025-10-15 18:38:02'),(1819,6,'2025-08-20','今日は重要な会議があり、プロジェクトの進捗について詳細に議論しました。いくつかの課題が見つかり、対応方針を決定しました。引き続きフォローします。',NULL,'2025-08-20 09:00:00','2025-10-15 18:38:02'),(1820,6,'2025-08-21','今日は重要な会議があり、プロジェクトの進捗について詳細に議論しました。いくつかの課題が見つかり、対応方針を決定しました。引き続きフォローします。',NULL,'2025-08-21 09:00:00','2025-10-15 18:38:02'),(1821,6,'2025-08-22','今日は重要な会議があり、プロジェクトの進捗について詳細に議論しました。いくつかの課題が見つかり、対応方針を決定しました。引き続きフォローします。',NULL,'2025-08-22 09:00:00','2025-10-15 18:38:02'),(1822,6,'2025-08-25','今日は重要な会議があり、プロジェクトの進捗について詳細に議論しました。いくつかの課題が見つかり、対応方針を決定しました。引き続きフォローします。',NULL,'2025-08-25 09:00:00','2025-10-15 18:38:02'),(1823,6,'2025-08-26','今日は重要な会議があり、プロジェクトの進捗について詳細に議論しました。いくつかの課題が見つかり、対応方針を決定しました。引き続きフォローします。',NULL,'2025-08-26 09:00:00','2025-10-15 18:38:02'),(1824,6,'2025-08-27','今日は重要な会議があり、プロジェクトの進捗について詳細に議論しました。いくつかの課題が見つかり、対応方針を決定しました。引き続きフォローします。',NULL,'2025-08-27 09:00:00','2025-10-15 18:38:02'),(1825,6,'2025-08-28','今日は重要な会議があり、プロジェクトの進捗について詳細に議論しました。いくつかの課題が見つかり、対応方針を決定しました。引き続きフォローします。',NULL,'2025-08-28 09:00:00','2025-10-15 18:38:02'),(1826,6,'2025-08-29','今日は重要な会議があり、プロジェクトの進捗について詳細に議論しました。いくつかの課題が見つかり、対応方針を決定しました。引き続きフォローします。',NULL,'2025-08-29 09:00:00','2025-10-15 18:38:02'),(1827,6,'2025-09-01','今日は重要な会議があり、プロジェクトの進捗について詳細に議論しました。いくつかの課題が見つかり、対応方針を決定しました。引き続きフォローします。',NULL,'2025-09-01 09:00:00','2025-10-15 18:38:02'),(1828,6,'2025-09-02','今日は重要な会議があり、プロジェクトの進捗について詳細に議論しました。いくつかの課題が見つかり、対応方針を決定しました。引き続きフォローします。',NULL,'2025-09-02 09:00:00','2025-10-15 18:38:02'),(1829,6,'2025-09-03','今日は重要な会議があり、プロジェクトの進捗について詳細に議論しました。いくつかの課題が見つかり、対応方針を決定しました。引き続きフォローします。',NULL,'2025-09-03 09:00:00','2025-10-15 18:38:02'),(1830,6,'2025-09-04','今日は重要な会議があり、プロジェクトの進捗について詳細に議論しました。いくつかの課題が見つかり、対応方針を決定しました。引き続きフォローします。',NULL,'2025-09-04 09:00:00','2025-10-15 18:38:02'),(1831,6,'2025-09-05','今日は重要な会議があり、プロジェクトの進捗について詳細に議論しました。いくつかの課題が見つかり、対応方針を決定しました。引き続きフォローします。',NULL,'2025-09-05 09:00:00','2025-10-15 18:38:02'),(1832,6,'2025-09-08','今日は重要な会議があり、プロジェクトの進捗について詳細に議論しました。いくつかの課題が見つかり、対応方針を決定しました。引き続きフォローします。',NULL,'2025-09-08 09:00:00','2025-10-15 18:38:02'),(1833,6,'2025-09-09','今日は重要な会議があり、プロジェクトの進捗について詳細に議論しました。いくつかの課題が見つかり、対応方針を決定しました。引き続きフォローします。',NULL,'2025-09-09 09:00:00','2025-10-15 18:38:02'),(1834,6,'2025-09-10','今日は重要な会議があり、プロジェクトの進捗について詳細に議論しました。いくつかの課題が見つかり、対応方針を決定しました。引き続きフォローします。',NULL,'2025-09-10 09:00:00','2025-10-15 18:38:02'),(1835,6,'2025-09-11','今日は重要な会議があり、プロジェクトの進捗について詳細に議論しました。いくつかの課題が見つかり、対応方針を決定しました。引き続きフォローします。',NULL,'2025-09-11 09:00:00','2025-10-15 18:38:02'),(1836,6,'2025-09-12','今日は重要な会議があり、プロジェクトの進捗について詳細に議論しました。いくつかの課題が見つかり、対応方針を決定しました。引き続きフォローします。',NULL,'2025-09-12 09:00:00','2025-10-15 18:38:02'),(1837,6,'2025-09-15','今日は重要な会議があり、プロジェクトの進捗について詳細に議論しました。いくつかの課題が見つかり、対応方針を決定しました。引き続きフォローします。',NULL,'2025-09-15 09:00:00','2025-10-15 18:38:02'),(1838,6,'2025-09-16','今日は重要な会議があり、プロジェクトの進捗について詳細に議論しました。いくつかの課題が見つかり、対応方針を決定しました。引き続きフォローします。',NULL,'2025-09-16 09:00:00','2025-10-15 18:38:02'),(1839,6,'2025-09-17','今日は重要な会議があり、プロジェクトの進捗について詳細に議論しました。いくつかの課題が見つかり、対応方針を決定しました。引き続きフォローします。',NULL,'2025-09-17 09:00:00','2025-10-15 18:38:02'),(1840,6,'2025-09-18','今日は重要な会議があり、プロジェクトの進捗について詳細に議論しました。いくつかの課題が見つかり、対応方針を決定しました。引き続きフォローします。',NULL,'2025-09-18 09:00:00','2025-10-15 18:38:02'),(1841,6,'2025-09-19','今日は重要な会議があり、プロジェクトの進捗について詳細に議論しました。いくつかの課題が見つかり、対応方針を決定しました。引き続きフォローします。',NULL,'2025-09-19 09:00:00','2025-10-15 18:38:02'),(1842,6,'2025-09-22','今日は重要な会議があり、プロジェクトの進捗について詳細に議論しました。いくつかの課題が見つかり、対応方針を決定しました。引き続きフォローします。',NULL,'2025-09-22 09:00:00','2025-10-15 18:38:02'),(1843,6,'2025-09-23','今日は重要な会議があり、プロジェクトの進捗について詳細に議論しました。いくつかの課題が見つかり、対応方針を決定しました。引き続きフォローします。',NULL,'2025-09-23 09:00:00','2025-10-15 18:38:02'),(1844,6,'2025-09-24','今日は重要な会議があり、プロジェクトの進捗について詳細に議論しました。いくつかの課題が見つかり、対応方針を決定しました。引き続きフォローします。',NULL,'2025-09-24 09:00:00','2025-10-15 18:38:02'),(1845,6,'2025-09-25','今日は重要な会議があり、プロジェクトの進捗について詳細に議論しました。いくつかの課題が見つかり、対応方針を決定しました。引き続きフォローします。',NULL,'2025-09-25 09:00:00','2025-10-15 18:38:02'),(1846,6,'2025-09-26','今日は重要な会議があり、プロジェクトの進捗について詳細に議論しました。いくつかの課題が見つかり、対応方針を決定しました。引き続きフォローします。',NULL,'2025-09-26 09:00:00','2025-10-15 18:38:02'),(1847,6,'2025-09-29','今日は重要な会議があり、プロジェクトの進捗について詳細に議論しました。いくつかの課題が見つかり、対応方針を決定しました。引き続きフォローします。',NULL,'2025-09-29 09:00:00','2025-10-15 18:38:02'),(1848,6,'2025-09-30','今日は重要な会議があり、プロジェクトの進捗について詳細に議論しました。いくつかの課題が見つかり、対応方針を決定しました。引き続きフォローします。','[1]','2025-09-30 09:00:00','2025-10-15 18:48:03'),(1849,10,'2025-07-01','今日は重要な会議があり、プロジェクトの進捗について詳細に議論しました。いくつかの課題が見つかり、対応方針を決定しました。引き続きフォローします。',NULL,'2025-07-01 09:00:00','2025-10-15 18:38:02'),(1850,10,'2025-07-02','今日は重要な会議があり、プロジェクトの進捗について詳細に議論しました。いくつかの課題が見つかり、対応方針を決定しました。引き続きフォローします。',NULL,'2025-07-02 09:00:00','2025-10-15 18:38:02'),(1851,10,'2025-07-03','今日は重要な会議があり、プロジェクトの進捗について詳細に議論しました。いくつかの課題が見つかり、対応方針を決定しました。引き続きフォローします。',NULL,'2025-07-03 09:00:00','2025-10-15 18:38:02'),(1852,10,'2025-07-04','今日は重要な会議があり、プロジェクトの進捗について詳細に議論しました。いくつかの課題が見つかり、対応方針を決定しました。引き続きフォローします。',NULL,'2025-07-04 09:00:00','2025-10-15 18:38:02'),(1853,10,'2025-07-07','今日は重要な会議があり、プロジェクトの進捗について詳細に議論しました。いくつかの課題が見つかり、対応方針を決定しました。引き続きフォローします。',NULL,'2025-07-07 09:00:00','2025-10-15 18:38:02'),(1854,10,'2025-07-08','今日は重要な会議があり、プロジェクトの進捗について詳細に議論しました。いくつかの課題が見つかり、対応方針を決定しました。引き続きフォローします。',NULL,'2025-07-08 09:00:00','2025-10-15 18:38:02'),(1855,10,'2025-07-09','今日は重要な会議があり、プロジェクトの進捗について詳細に議論しました。いくつかの課題が見つかり、対応方針を決定しました。引き続きフォローします。',NULL,'2025-07-09 09:00:00','2025-10-15 18:38:02'),(1856,10,'2025-07-10','今日は重要な会議があり、プロジェクトの進捗について詳細に議論しました。いくつかの課題が見つかり、対応方針を決定しました。引き続きフォローします。',NULL,'2025-07-10 09:00:00','2025-10-15 18:38:02'),(1857,10,'2025-07-11','今日は重要な会議があり、プロジェクトの進捗について詳細に議論しました。いくつかの課題が見つかり、対応方針を決定しました。引き続きフォローします。',NULL,'2025-07-11 09:00:00','2025-10-15 18:38:02'),(1858,10,'2025-07-14','今日は重要な会議があり、プロジェクトの進捗について詳細に議論しました。いくつかの課題が見つかり、対応方針を決定しました。引き続きフォローします。',NULL,'2025-07-14 09:00:00','2025-10-15 18:38:02'),(1859,10,'2025-07-15','今日は重要な会議があり、プロジェクトの進捗について詳細に議論しました。いくつかの課題が見つかり、対応方針を決定しました。引き続きフォローします。',NULL,'2025-07-15 09:00:00','2025-10-15 18:38:02'),(1860,10,'2025-07-16','今日は重要な会議があり、プロジェクトの進捗について詳細に議論しました。いくつかの課題が見つかり、対応方針を決定しました。引き続きフォローします。',NULL,'2025-07-16 09:00:00','2025-10-15 18:38:02'),(1861,10,'2025-07-17','今日は重要な会議があり、プロジェクトの進捗について詳細に議論しました。いくつかの課題が見つかり、対応方針を決定しました。引き続きフォローします。',NULL,'2025-07-17 09:00:00','2025-10-15 18:38:02'),(1862,10,'2025-07-18','今日は重要な会議があり、プロジェクトの進捗について詳細に議論しました。いくつかの課題が見つかり、対応方針を決定しました。引き続きフォローします。',NULL,'2025-07-18 09:00:00','2025-10-15 18:38:02'),(1863,10,'2025-07-21','今日は重要な会議があり、プロジェクトの進捗について詳細に議論しました。いくつかの課題が見つかり、対応方針を決定しました。引き続きフォローします。',NULL,'2025-07-21 09:00:00','2025-10-15 18:38:02'),(1864,10,'2025-07-22','今日は重要な会議があり、プロジェクトの進捗について詳細に議論しました。いくつかの課題が見つかり、対応方針を決定しました。引き続きフォローします。',NULL,'2025-07-22 09:00:00','2025-10-15 18:38:02'),(1865,10,'2025-07-23','今日は重要な会議があり、プロジェクトの進捗について詳細に議論しました。いくつかの課題が見つかり、対応方針を決定しました。引き続きフォローします。',NULL,'2025-07-23 09:00:00','2025-10-15 18:38:02'),(1866,10,'2025-07-24','今日は重要な会議があり、プロジェクトの進捗について詳細に議論しました。いくつかの課題が見つかり、対応方針を決定しました。引き続きフォローします。',NULL,'2025-07-24 09:00:00','2025-10-15 18:38:02'),(1867,10,'2025-07-25','今日は重要な会議があり、プロジェクトの進捗について詳細に議論しました。いくつかの課題が見つかり、対応方針を決定しました。引き続きフォローします。',NULL,'2025-07-25 09:00:00','2025-10-15 18:38:02'),(1868,10,'2025-07-28','今日は重要な会議があり、プロジェクトの進捗について詳細に議論しました。いくつかの課題が見つかり、対応方針を決定しました。引き続きフォローします。',NULL,'2025-07-28 09:00:00','2025-10-15 18:38:02'),(1869,10,'2025-07-29','今日は重要な会議があり、プロジェクトの進捗について詳細に議論しました。いくつかの課題が見つかり、対応方針を決定しました。引き続きフォローします。',NULL,'2025-07-29 09:00:00','2025-10-15 18:38:02'),(1870,10,'2025-07-30','今日は重要な会議があり、プロジェクトの進捗について詳細に議論しました。いくつかの課題が見つかり、対応方針を決定しました。引き続きフォローします。',NULL,'2025-07-30 09:00:00','2025-10-15 18:38:02'),(1871,10,'2025-07-31','今日は重要な会議があり、プロジェクトの進捗について詳細に議論しました。いくつかの課題が見つかり、対応方針を決定しました。引き続きフォローします。',NULL,'2025-07-31 09:00:00','2025-10-15 18:38:02'),(1872,10,'2025-08-01','今日は重要な会議があり、プロジェクトの進捗について詳細に議論しました。いくつかの課題が見つかり、対応方針を決定しました。引き続きフォローします。',NULL,'2025-08-01 09:00:00','2025-10-15 18:38:02'),(1873,10,'2025-08-04','今日は重要な会議があり、プロジェクトの進捗について詳細に議論しました。いくつかの課題が見つかり、対応方針を決定しました。引き続きフォローします。',NULL,'2025-08-04 09:00:00','2025-10-15 18:38:02'),(1874,10,'2025-08-05','今日は重要な会議があり、プロジェクトの進捗について詳細に議論しました。いくつかの課題が見つかり、対応方針を決定しました。引き続きフォローします。',NULL,'2025-08-05 09:00:00','2025-10-15 18:38:02'),(1875,10,'2025-08-06','今日は重要な会議があり、プロジェクトの進捗について詳細に議論しました。いくつかの課題が見つかり、対応方針を決定しました。引き続きフォローします。',NULL,'2025-08-06 09:00:00','2025-10-15 18:38:02'),(1876,10,'2025-08-07','今日は重要な会議があり、プロジェクトの進捗について詳細に議論しました。いくつかの課題が見つかり、対応方針を決定しました。引き続きフォローします。',NULL,'2025-08-07 09:00:00','2025-10-15 18:38:02'),(1877,10,'2025-08-08','今日は重要な会議があり、プロジェクトの進捗について詳細に議論しました。いくつかの課題が見つかり、対応方針を決定しました。引き続きフォローします。',NULL,'2025-08-08 09:00:00','2025-10-15 18:38:02'),(1878,10,'2025-08-11','今日は重要な会議があり、プロジェクトの進捗について詳細に議論しました。いくつかの課題が見つかり、対応方針を決定しました。引き続きフォローします。',NULL,'2025-08-11 09:00:00','2025-10-15 18:38:02'),(1879,10,'2025-08-12','今日は重要な会議があり、プロジェクトの進捗について詳細に議論しました。いくつかの課題が見つかり、対応方針を決定しました。引き続きフォローします。',NULL,'2025-08-12 09:00:00','2025-10-15 18:38:02'),(1880,10,'2025-08-13','今日は重要な会議があり、プロジェクトの進捗について詳細に議論しました。いくつかの課題が見つかり、対応方針を決定しました。引き続きフォローします。',NULL,'2025-08-13 09:00:00','2025-10-15 18:38:02'),(1881,10,'2025-08-14','今日は重要な会議があり、プロジェクトの進捗について詳細に議論しました。いくつかの課題が見つかり、対応方針を決定しました。引き続きフォローします。',NULL,'2025-08-14 09:00:00','2025-10-15 18:38:02'),(1882,10,'2025-08-15','今日は重要な会議があり、プロジェクトの進捗について詳細に議論しました。いくつかの課題が見つかり、対応方針を決定しました。引き続きフォローします。',NULL,'2025-08-15 09:00:00','2025-10-15 18:38:02'),(1883,10,'2025-08-18','今日は重要な会議があり、プロジェクトの進捗について詳細に議論しました。いくつかの課題が見つかり、対応方針を決定しました。引き続きフォローします。',NULL,'2025-08-18 09:00:00','2025-10-15 18:38:02'),(1884,10,'2025-08-19','今日は重要な会議があり、プロジェクトの進捗について詳細に議論しました。いくつかの課題が見つかり、対応方針を決定しました。引き続きフォローします。',NULL,'2025-08-19 09:00:00','2025-10-15 18:38:02'),(1885,10,'2025-08-20','今日は重要な会議があり、プロジェクトの進捗について詳細に議論しました。いくつかの課題が見つかり、対応方針を決定しました。引き続きフォローします。',NULL,'2025-08-20 09:00:00','2025-10-15 18:38:02'),(1886,10,'2025-08-21','今日は重要な会議があり、プロジェクトの進捗について詳細に議論しました。いくつかの課題が見つかり、対応方針を決定しました。引き続きフォローします。',NULL,'2025-08-21 09:00:00','2025-10-15 18:38:02'),(1887,10,'2025-08-22','今日は重要な会議があり、プロジェクトの進捗について詳細に議論しました。いくつかの課題が見つかり、対応方針を決定しました。引き続きフォローします。',NULL,'2025-08-22 09:00:00','2025-10-15 18:38:02'),(1888,10,'2025-08-25','今日は重要な会議があり、プロジェクトの進捗について詳細に議論しました。いくつかの課題が見つかり、対応方針を決定しました。引き続きフォローします。',NULL,'2025-08-25 09:00:00','2025-10-15 18:38:02'),(1889,10,'2025-08-26','今日は重要な会議があり、プロジェクトの進捗について詳細に議論しました。いくつかの課題が見つかり、対応方針を決定しました。引き続きフォローします。',NULL,'2025-08-26 09:00:00','2025-10-15 18:38:02'),(1890,10,'2025-08-27','今日は重要な会議があり、プロジェクトの進捗について詳細に議論しました。いくつかの課題が見つかり、対応方針を決定しました。引き続きフォローします。',NULL,'2025-08-27 09:00:00','2025-10-15 18:38:02'),(1891,10,'2025-08-28','今日は重要な会議があり、プロジェクトの進捗について詳細に議論しました。いくつかの課題が見つかり、対応方針を決定しました。引き続きフォローします。',NULL,'2025-08-28 09:00:00','2025-10-15 18:38:02'),(1892,10,'2025-08-29','今日は重要な会議があり、プロジェクトの進捗について詳細に議論しました。いくつかの課題が見つかり、対応方針を決定しました。引き続きフォローします。',NULL,'2025-08-29 09:00:00','2025-10-15 18:38:02'),(1893,10,'2025-09-01','今日は重要な会議があり、プロジェクトの進捗について詳細に議論しました。いくつかの課題が見つかり、対応方針を決定しました。引き続きフォローします。',NULL,'2025-09-01 09:00:00','2025-10-15 18:38:02'),(1894,10,'2025-09-02','今日は重要な会議があり、プロジェクトの進捗について詳細に議論しました。いくつかの課題が見つかり、対応方針を決定しました。引き続きフォローします。',NULL,'2025-09-02 09:00:00','2025-10-15 18:38:02'),(1895,10,'2025-09-03','今日は重要な会議があり、プロジェクトの進捗について詳細に議論しました。いくつかの課題が見つかり、対応方針を決定しました。引き続きフォローします。',NULL,'2025-09-03 09:00:00','2025-10-15 18:38:02'),(1896,10,'2025-09-04','今日は重要な会議があり、プロジェクトの進捗について詳細に議論しました。いくつかの課題が見つかり、対応方針を決定しました。引き続きフォローします。',NULL,'2025-09-04 09:00:00','2025-10-15 18:38:02'),(1897,10,'2025-09-05','今日は重要な会議があり、プロジェクトの進捗について詳細に議論しました。いくつかの課題が見つかり、対応方針を決定しました。引き続きフォローします。',NULL,'2025-09-05 09:00:00','2025-10-15 18:38:02'),(1898,10,'2025-09-08','今日は重要な会議があり、プロジェクトの進捗について詳細に議論しました。いくつかの課題が見つかり、対応方針を決定しました。引き続きフォローします。',NULL,'2025-09-08 09:00:00','2025-10-15 18:38:02'),(1899,10,'2025-09-09','今日は重要な会議があり、プロジェクトの進捗について詳細に議論しました。いくつかの課題が見つかり、対応方針を決定しました。引き続きフォローします。',NULL,'2025-09-09 09:00:00','2025-10-15 18:38:02'),(1900,10,'2025-09-10','今日は重要な会議があり、プロジェクトの進捗について詳細に議論しました。いくつかの課題が見つかり、対応方針を決定しました。引き続きフォローします。',NULL,'2025-09-10 09:00:00','2025-10-15 18:38:02'),(1901,10,'2025-09-11','今日は重要な会議があり、プロジェクトの進捗について詳細に議論しました。いくつかの課題が見つかり、対応方針を決定しました。引き続きフォローします。',NULL,'2025-09-11 09:00:00','2025-10-15 18:38:02'),(1902,10,'2025-09-12','今日は重要な会議があり、プロジェクトの進捗について詳細に議論しました。いくつかの課題が見つかり、対応方針を決定しました。引き続きフォローします。',NULL,'2025-09-12 09:00:00','2025-10-15 18:38:02'),(1903,10,'2025-09-15','今日は重要な会議があり、プロジェクトの進捗について詳細に議論しました。いくつかの課題が見つかり、対応方針を決定しました。引き続きフォローします。',NULL,'2025-09-15 09:00:00','2025-10-15 18:38:02'),(1904,10,'2025-09-16','今日は重要な会議があり、プロジェクトの進捗について詳細に議論しました。いくつかの課題が見つかり、対応方針を決定しました。引き続きフォローします。',NULL,'2025-09-16 09:00:00','2025-10-15 18:38:02'),(1905,10,'2025-09-17','今日は重要な会議があり、プロジェクトの進捗について詳細に議論しました。いくつかの課題が見つかり、対応方針を決定しました。引き続きフォローします。',NULL,'2025-09-17 09:00:00','2025-10-15 18:38:02'),(1906,10,'2025-09-18','今日は重要な会議があり、プロジェクトの進捗について詳細に議論しました。いくつかの課題が見つかり、対応方針を決定しました。引き続きフォローします。',NULL,'2025-09-18 09:00:00','2025-10-15 18:38:02'),(1907,10,'2025-09-19','今日は重要な会議があり、プロジェクトの進捗について詳細に議論しました。いくつかの課題が見つかり、対応方針を決定しました。引き続きフォローします。',NULL,'2025-09-19 09:00:00','2025-10-15 18:38:02'),(1908,10,'2025-09-22','今日は重要な会議があり、プロジェクトの進捗について詳細に議論しました。いくつかの課題が見つかり、対応方針を決定しました。引き続きフォローします。',NULL,'2025-09-22 09:00:00','2025-10-15 18:38:02'),(1909,10,'2025-09-23','今日は重要な会議があり、プロジェクトの進捗について詳細に議論しました。いくつかの課題が見つかり、対応方針を決定しました。引き続きフォローします。',NULL,'2025-09-23 09:00:00','2025-10-15 18:38:02'),(1910,10,'2025-09-24','今日は重要な会議があり、プロジェクトの進捗について詳細に議論しました。いくつかの課題が見つかり、対応方針を決定しました。引き続きフォローします。',NULL,'2025-09-24 09:00:00','2025-10-15 18:38:02'),(1911,10,'2025-09-25','今日は重要な会議があり、プロジェクトの進捗について詳細に議論しました。いくつかの課題が見つかり、対応方針を決定しました。引き続きフォローします。',NULL,'2025-09-25 09:00:00','2025-10-15 18:38:02'),(1912,10,'2025-09-26','今日は重要な会議があり、プロジェクトの進捗について詳細に議論しました。いくつかの課題が見つかり、対応方針を決定しました。引き続きフォローします。',NULL,'2025-09-26 09:00:00','2025-10-15 18:38:02'),(1913,10,'2025-09-29','今日は重要な会議があり、プロジェクトの進捗について詳細に議論しました。いくつかの課題が見つかり、対応方針を決定しました。引き続きフォローします。',NULL,'2025-09-29 09:00:00','2025-10-15 18:38:02'),(1914,10,'2025-09-30','今日は重要な会議があり、プロジェクトの進捗について詳細に議論しました。いくつかの課題が見つかり、対応方針を決定しました。引き続きフォローします。','[1]','2025-09-30 09:00:00','2025-10-15 18:48:03'),(1915,19,'2025-07-01','今日は重要な会議があり、プロジェクトの進捗について詳細に議論しました。いくつかの課題が見つかり、対応方針を決定しました。引き続きフォローします。',NULL,'2025-07-01 09:00:00','2025-10-15 18:38:02'),(1916,19,'2025-07-02','今日は重要な会議があり、プロジェクトの進捗について詳細に議論しました。いくつかの課題が見つかり、対応方針を決定しました。引き続きフォローします。',NULL,'2025-07-02 09:00:00','2025-10-15 18:38:02'),(1917,19,'2025-07-03','今日は重要な会議があり、プロジェクトの進捗について詳細に議論しました。いくつかの課題が見つかり、対応方針を決定しました。引き続きフォローします。',NULL,'2025-07-03 09:00:00','2025-10-15 18:38:02'),(1918,19,'2025-07-04','今日は重要な会議があり、プロジェクトの進捗について詳細に議論しました。いくつかの課題が見つかり、対応方針を決定しました。引き続きフォローします。',NULL,'2025-07-04 09:00:00','2025-10-15 18:38:02'),(1919,19,'2025-07-07','今日は重要な会議があり、プロジェクトの進捗について詳細に議論しました。いくつかの課題が見つかり、対応方針を決定しました。引き続きフォローします。',NULL,'2025-07-07 09:00:00','2025-10-15 18:38:02'),(1920,19,'2025-07-08','今日は重要な会議があり、プロジェクトの進捗について詳細に議論しました。いくつかの課題が見つかり、対応方針を決定しました。引き続きフォローします。',NULL,'2025-07-08 09:00:00','2025-10-15 18:38:02'),(1921,19,'2025-07-09','今日は重要な会議があり、プロジェクトの進捗について詳細に議論しました。いくつかの課題が見つかり、対応方針を決定しました。引き続きフォローします。',NULL,'2025-07-09 09:00:00','2025-10-15 18:38:02'),(1922,19,'2025-07-10','今日は重要な会議があり、プロジェクトの進捗について詳細に議論しました。いくつかの課題が見つかり、対応方針を決定しました。引き続きフォローします。',NULL,'2025-07-10 09:00:00','2025-10-15 18:38:02'),(1923,19,'2025-07-11','今日は重要な会議があり、プロジェクトの進捗について詳細に議論しました。いくつかの課題が見つかり、対応方針を決定しました。引き続きフォローします。',NULL,'2025-07-11 09:00:00','2025-10-15 18:38:02'),(1924,19,'2025-07-14','今日は重要な会議があり、プロジェクトの進捗について詳細に議論しました。いくつかの課題が見つかり、対応方針を決定しました。引き続きフォローします。',NULL,'2025-07-14 09:00:00','2025-10-15 18:38:02'),(1925,19,'2025-07-15','今日は重要な会議があり、プロジェクトの進捗について詳細に議論しました。いくつかの課題が見つかり、対応方針を決定しました。引き続きフォローします。',NULL,'2025-07-15 09:00:00','2025-10-15 18:38:02'),(1926,19,'2025-07-16','今日は重要な会議があり、プロジェクトの進捗について詳細に議論しました。いくつかの課題が見つかり、対応方針を決定しました。引き続きフォローします。',NULL,'2025-07-16 09:00:00','2025-10-15 18:38:02'),(1927,19,'2025-07-17','今日は重要な会議があり、プロジェクトの進捗について詳細に議論しました。いくつかの課題が見つかり、対応方針を決定しました。引き続きフォローします。',NULL,'2025-07-17 09:00:00','2025-10-15 18:38:02'),(1928,19,'2025-07-18','今日は重要な会議があり、プロジェクトの進捗について詳細に議論しました。いくつかの課題が見つかり、対応方針を決定しました。引き続きフォローします。',NULL,'2025-07-18 09:00:00','2025-10-15 18:38:02'),(1929,19,'2025-07-21','今日は重要な会議があり、プロジェクトの進捗について詳細に議論しました。いくつかの課題が見つかり、対応方針を決定しました。引き続きフォローします。',NULL,'2025-07-21 09:00:00','2025-10-15 18:38:02'),(1930,19,'2025-07-22','今日は重要な会議があり、プロジェクトの進捗について詳細に議論しました。いくつかの課題が見つかり、対応方針を決定しました。引き続きフォローします。',NULL,'2025-07-22 09:00:00','2025-10-15 18:38:02'),(1931,19,'2025-07-23','今日は重要な会議があり、プロジェクトの進捗について詳細に議論しました。いくつかの課題が見つかり、対応方針を決定しました。引き続きフォローします。',NULL,'2025-07-23 09:00:00','2025-10-15 18:38:02'),(1932,19,'2025-07-24','今日は重要な会議があり、プロジェクトの進捗について詳細に議論しました。いくつかの課題が見つかり、対応方針を決定しました。引き続きフォローします。',NULL,'2025-07-24 09:00:00','2025-10-15 18:38:02'),(1933,19,'2025-07-25','今日は重要な会議があり、プロジェクトの進捗について詳細に議論しました。いくつかの課題が見つかり、対応方針を決定しました。引き続きフォローします。',NULL,'2025-07-25 09:00:00','2025-10-15 18:38:02'),(1934,19,'2025-07-28','今日は重要な会議があり、プロジェクトの進捗について詳細に議論しました。いくつかの課題が見つかり、対応方針を決定しました。引き続きフォローします。',NULL,'2025-07-28 09:00:00','2025-10-15 18:38:02'),(1935,19,'2025-07-29','今日は重要な会議があり、プロジェクトの進捗について詳細に議論しました。いくつかの課題が見つかり、対応方針を決定しました。引き続きフォローします。',NULL,'2025-07-29 09:00:00','2025-10-15 18:38:02'),(1936,19,'2025-07-30','今日は重要な会議があり、プロジェクトの進捗について詳細に議論しました。いくつかの課題が見つかり、対応方針を決定しました。引き続きフォローします。',NULL,'2025-07-30 09:00:00','2025-10-15 18:38:02'),(1937,19,'2025-07-31','今日は重要な会議があり、プロジェクトの進捗について詳細に議論しました。いくつかの課題が見つかり、対応方針を決定しました。引き続きフォローします。',NULL,'2025-07-31 09:00:00','2025-10-15 18:38:02'),(1938,19,'2025-08-01','今日は重要な会議があり、プロジェクトの進捗について詳細に議論しました。いくつかの課題が見つかり、対応方針を決定しました。引き続きフォローします。',NULL,'2025-08-01 09:00:00','2025-10-15 18:38:02'),(1939,19,'2025-08-04','今日は重要な会議があり、プロジェクトの進捗について詳細に議論しました。いくつかの課題が見つかり、対応方針を決定しました。引き続きフォローします。',NULL,'2025-08-04 09:00:00','2025-10-15 18:38:02'),(1940,19,'2025-08-05','今日は重要な会議があり、プロジェクトの進捗について詳細に議論しました。いくつかの課題が見つかり、対応方針を決定しました。引き続きフォローします。',NULL,'2025-08-05 09:00:00','2025-10-15 18:38:02'),(1941,19,'2025-08-06','今日は重要な会議があり、プロジェクトの進捗について詳細に議論しました。いくつかの課題が見つかり、対応方針を決定しました。引き続きフォローします。',NULL,'2025-08-06 09:00:00','2025-10-15 18:38:02'),(1942,19,'2025-08-07','今日は重要な会議があり、プロジェクトの進捗について詳細に議論しました。いくつかの課題が見つかり、対応方針を決定しました。引き続きフォローします。',NULL,'2025-08-07 09:00:00','2025-10-15 18:38:02'),(1943,19,'2025-08-08','今日は重要な会議があり、プロジェクトの進捗について詳細に議論しました。いくつかの課題が見つかり、対応方針を決定しました。引き続きフォローします。',NULL,'2025-08-08 09:00:00','2025-10-15 18:38:02'),(1944,19,'2025-08-11','今日は重要な会議があり、プロジェクトの進捗について詳細に議論しました。いくつかの課題が見つかり、対応方針を決定しました。引き続きフォローします。',NULL,'2025-08-11 09:00:00','2025-10-15 18:38:02'),(1945,19,'2025-08-12','今日は重要な会議があり、プロジェクトの進捗について詳細に議論しました。いくつかの課題が見つかり、対応方針を決定しました。引き続きフォローします。',NULL,'2025-08-12 09:00:00','2025-10-15 18:38:02'),(1946,19,'2025-08-13','今日は重要な会議があり、プロジェクトの進捗について詳細に議論しました。いくつかの課題が見つかり、対応方針を決定しました。引き続きフォローします。',NULL,'2025-08-13 09:00:00','2025-10-15 18:38:02'),(1947,19,'2025-08-14','今日は重要な会議があり、プロジェクトの進捗について詳細に議論しました。いくつかの課題が見つかり、対応方針を決定しました。引き続きフォローします。',NULL,'2025-08-14 09:00:00','2025-10-15 18:38:02'),(1948,19,'2025-08-15','今日は重要な会議があり、プロジェクトの進捗について詳細に議論しました。いくつかの課題が見つかり、対応方針を決定しました。引き続きフォローします。',NULL,'2025-08-15 09:00:00','2025-10-15 18:38:02'),(1949,19,'2025-08-18','今日は重要な会議があり、プロジェクトの進捗について詳細に議論しました。いくつかの課題が見つかり、対応方針を決定しました。引き続きフォローします。',NULL,'2025-08-18 09:00:00','2025-10-15 18:38:02'),(1950,19,'2025-08-19','今日は重要な会議があり、プロジェクトの進捗について詳細に議論しました。いくつかの課題が見つかり、対応方針を決定しました。引き続きフォローします。',NULL,'2025-08-19 09:00:00','2025-10-15 18:38:02'),(1951,19,'2025-08-20','今日は重要な会議があり、プロジェクトの進捗について詳細に議論しました。いくつかの課題が見つかり、対応方針を決定しました。引き続きフォローします。',NULL,'2025-08-20 09:00:00','2025-10-15 18:38:02'),(1952,19,'2025-08-21','今日は重要な会議があり、プロジェクトの進捗について詳細に議論しました。いくつかの課題が見つかり、対応方針を決定しました。引き続きフォローします。',NULL,'2025-08-21 09:00:00','2025-10-15 18:38:02'),(1953,19,'2025-08-22','今日は重要な会議があり、プロジェクトの進捗について詳細に議論しました。いくつかの課題が見つかり、対応方針を決定しました。引き続きフォローします。',NULL,'2025-08-22 09:00:00','2025-10-15 18:38:02'),(1954,19,'2025-08-25','今日は重要な会議があり、プロジェクトの進捗について詳細に議論しました。いくつかの課題が見つかり、対応方針を決定しました。引き続きフォローします。',NULL,'2025-08-25 09:00:00','2025-10-15 18:38:02'),(1955,19,'2025-08-26','今日は重要な会議があり、プロジェクトの進捗について詳細に議論しました。いくつかの課題が見つかり、対応方針を決定しました。引き続きフォローします。',NULL,'2025-08-26 09:00:00','2025-10-15 18:38:02'),(1956,19,'2025-08-27','今日は重要な会議があり、プロジェクトの進捗について詳細に議論しました。いくつかの課題が見つかり、対応方針を決定しました。引き続きフォローします。',NULL,'2025-08-27 09:00:00','2025-10-15 18:38:02'),(1957,19,'2025-08-28','今日は重要な会議があり、プロジェクトの進捗について詳細に議論しました。いくつかの課題が見つかり、対応方針を決定しました。引き続きフォローします。',NULL,'2025-08-28 09:00:00','2025-10-15 18:38:02'),(1958,19,'2025-08-29','今日は重要な会議があり、プロジェクトの進捗について詳細に議論しました。いくつかの課題が見つかり、対応方針を決定しました。引き続きフォローします。',NULL,'2025-08-29 09:00:00','2025-10-15 18:38:02'),(1959,19,'2025-09-01','今日は重要な会議があり、プロジェクトの進捗について詳細に議論しました。いくつかの課題が見つかり、対応方針を決定しました。引き続きフォローします。',NULL,'2025-09-01 09:00:00','2025-10-15 18:38:02'),(1960,19,'2025-09-02','今日は重要な会議があり、プロジェクトの進捗について詳細に議論しました。いくつかの課題が見つかり、対応方針を決定しました。引き続きフォローします。',NULL,'2025-09-02 09:00:00','2025-10-15 18:38:02'),(1961,19,'2025-09-03','今日は重要な会議があり、プロジェクトの進捗について詳細に議論しました。いくつかの課題が見つかり、対応方針を決定しました。引き続きフォローします。',NULL,'2025-09-03 09:00:00','2025-10-15 18:38:02'),(1962,19,'2025-09-04','今日は重要な会議があり、プロジェクトの進捗について詳細に議論しました。いくつかの課題が見つかり、対応方針を決定しました。引き続きフォローします。',NULL,'2025-09-04 09:00:00','2025-10-15 18:38:02'),(1963,19,'2025-09-05','今日は重要な会議があり、プロジェクトの進捗について詳細に議論しました。いくつかの課題が見つかり、対応方針を決定しました。引き続きフォローします。',NULL,'2025-09-05 09:00:00','2025-10-15 18:38:02'),(1964,19,'2025-09-08','今日は重要な会議があり、プロジェクトの進捗について詳細に議論しました。いくつかの課題が見つかり、対応方針を決定しました。引き続きフォローします。',NULL,'2025-09-08 09:00:00','2025-10-15 18:38:02'),(1965,19,'2025-09-09','今日は重要な会議があり、プロジェクトの進捗について詳細に議論しました。いくつかの課題が見つかり、対応方針を決定しました。引き続きフォローします。',NULL,'2025-09-09 09:00:00','2025-10-15 18:38:02'),(1966,19,'2025-09-10','今日は重要な会議があり、プロジェクトの進捗について詳細に議論しました。いくつかの課題が見つかり、対応方針を決定しました。引き続きフォローします。',NULL,'2025-09-10 09:00:00','2025-10-15 18:38:02'),(1967,19,'2025-09-11','今日は重要な会議があり、プロジェクトの進捗について詳細に議論しました。いくつかの課題が見つかり、対応方針を決定しました。引き続きフォローします。',NULL,'2025-09-11 09:00:00','2025-10-15 18:38:02'),(1968,19,'2025-09-12','今日は重要な会議があり、プロジェクトの進捗について詳細に議論しました。いくつかの課題が見つかり、対応方針を決定しました。引き続きフォローします。',NULL,'2025-09-12 09:00:00','2025-10-15 18:38:02'),(1969,19,'2025-09-15','今日は重要な会議があり、プロジェクトの進捗について詳細に議論しました。いくつかの課題が見つかり、対応方針を決定しました。引き続きフォローします。',NULL,'2025-09-15 09:00:00','2025-10-15 18:38:02'),(1970,19,'2025-09-16','今日は重要な会議があり、プロジェクトの進捗について詳細に議論しました。いくつかの課題が見つかり、対応方針を決定しました。引き続きフォローします。',NULL,'2025-09-16 09:00:00','2025-10-15 18:38:02'),(1971,19,'2025-09-17','今日は重要な会議があり、プロジェクトの進捗について詳細に議論しました。いくつかの課題が見つかり、対応方針を決定しました。引き続きフォローします。',NULL,'2025-09-17 09:00:00','2025-10-15 18:38:02'),(1972,19,'2025-09-18','今日は重要な会議があり、プロジェクトの進捗について詳細に議論しました。いくつかの課題が見つかり、対応方針を決定しました。引き続きフォローします。',NULL,'2025-09-18 09:00:00','2025-10-15 18:38:02'),(1973,19,'2025-09-19','今日は重要な会議があり、プロジェクトの進捗について詳細に議論しました。いくつかの課題が見つかり、対応方針を決定しました。引き続きフォローします。',NULL,'2025-09-19 09:00:00','2025-10-15 18:38:02'),(1974,19,'2025-09-22','今日は重要な会議があり、プロジェクトの進捗について詳細に議論しました。いくつかの課題が見つかり、対応方針を決定しました。引き続きフォローします。',NULL,'2025-09-22 09:00:00','2025-10-15 18:38:02'),(1975,19,'2025-09-23','今日は重要な会議があり、プロジェクトの進捗について詳細に議論しました。いくつかの課題が見つかり、対応方針を決定しました。引き続きフォローします。',NULL,'2025-09-23 09:00:00','2025-10-15 18:38:02'),(1976,19,'2025-09-24','今日は重要な会議があり、プロジェクトの進捗について詳細に議論しました。いくつかの課題が見つかり、対応方針を決定しました。引き続きフォローします。',NULL,'2025-09-24 09:00:00','2025-10-15 18:38:02'),(1977,19,'2025-09-25','今日は重要な会議があり、プロジェクトの進捗について詳細に議論しました。いくつかの課題が見つかり、対応方針を決定しました。引き続きフォローします。',NULL,'2025-09-25 09:00:00','2025-10-15 18:38:02'),(1978,19,'2025-09-26','今日は重要な会議があり、プロジェクトの進捗について詳細に議論しました。いくつかの課題が見つかり、対応方針を決定しました。引き続きフォローします。',NULL,'2025-09-26 09:00:00','2025-10-15 18:38:02'),(1979,19,'2025-09-29','今日は重要な会議があり、プロジェクトの進捗について詳細に議論しました。いくつかの課題が見つかり、対応方針を決定しました。引き続きフォローします。',NULL,'2025-09-29 09:00:00','2025-10-15 18:38:02'),(1980,19,'2025-09-30','今日は重要な会議があり、プロジェクトの進捗について詳細に議論しました。いくつかの課題が見つかり、対応方針を決定しました。引き続きフォローします。','[1]','2025-09-30 09:00:00','2025-10-15 18:48:03'),(1984,1,'2025-10-18','<p>新しい日記を書きます。</p>',NULL,'2025-10-18 00:00:00','2025-10-18 00:00:00'),(1985,1,'2025-10-25','<p>日記を書きます。下のファイルがおかしいのです。</p><p><img src=\"http://localhost/attachments/signed?expires=1761352905&amp;path=attachments%2F68fc1943ad7ff_q53veLDlOyEGnMJVmfX7Pyy9c8K0EQd0Q6sN4PoQ.png&amp;signature=bc6ca43edeec1f8b1508b8fde911ba59a92c97116d5ffe86f8f2491cbecd800d\"></p>',NULL,'2025-10-25 00:00:00','2025-10-25 09:26:48'),(1986,1,'2025-10-23','<p>画像を参照してください。</p><p><br></p><p><img src=\"http://localhost/attachments/signed?expires=1761352302&amp;path=attachments%2F68fc16e80ca94_l7s6a3lcE54VcmwYqZcxfePQqUhKpuFMLq86VaRO.png&amp;signature=7178a014d1edd5898b44a98ef6228c5dc45a26a1d029109a3766ca5162cd044b\"></p>',NULL,'2025-10-23 00:00:00','2025-10-23 00:00:00'),(1987,14,'2025-10-25','<p>今日はミスをしてしまいました。</p><p><br></p><p><br></p><p><img src=\"http://localhost/attachments/signed?expires=1761396845&amp;path=attachments%2F68fcc4e721bde_cEq2N7v3yGLID1S3omz2sTdXK5e3Ryjvb4wSJOg4.png&amp;signature=f4f16449457e9d3aec561f76fc95a11073376e52058a691cd63df13f63e78c5a\"></p>','[1]','2025-10-25 00:00:00','2025-10-25 21:40:53');
/*!40000 ALTER TABLE `diaries` ENABLE KEYS */;
UNLOCK TABLES;

--
-- Table structure for table `diary_comments`
--

DROP TABLE IF EXISTS `diary_comments`;
/*!40101 SET @saved_cs_client     = @@character_set_client */;
/*!50503 SET character_set_client = utf8mb4 */;
CREATE TABLE `diary_comments` (
  `id` bigint unsigned NOT NULL AUTO_INCREMENT,
  `diary_id` bigint unsigned NOT NULL,
  `user_id` bigint unsigned DEFAULT NULL,
  `user_name` varchar(255) COLLATE utf8mb4_unicode_ci DEFAULT NULL,
  `comment` text COLLATE utf8mb4_unicode_ci NOT NULL,
  `created_at` timestamp NULL DEFAULT NULL,
  `updated_at` timestamp NULL DEFAULT NULL,
  PRIMARY KEY (`id`),
  KEY `diary_comments_diary_id_foreign` (`diary_id`),
  KEY `diary_comments_user_id_index` (`user_id`),
  CONSTRAINT `diary_comments_diary_id_foreign` FOREIGN KEY (`diary_id`) REFERENCES `diaries` (`id`) ON DELETE CASCADE
) ENGINE=InnoDB AUTO_INCREMENT=3 DEFAULT CHARSET=utf8mb4 COLLATE=utf8mb4_unicode_ci;
/*!40101 SET character_set_client = @saved_cs_client */;

--
-- Dumping data for table `diary_comments`
--

LOCK TABLES `diary_comments` WRITE;
/*!40000 ALTER TABLE `diary_comments` DISABLE KEYS */;
INSERT INTO `diary_comments` VALUES (2,1987,1,'Super Admin','大丈夫ですよ。','2025-10-25 21:40:53','2025-10-25 21:40:53');
/*!40000 ALTER TABLE `diary_comments` ENABLE KEYS */;
UNLOCK TABLES;

--
-- Table structure for table `difficulties`
--

DROP TABLE IF EXISTS `difficulties`;
/*!40101 SET @saved_cs_client     = @@character_set_client */;
/*!50503 SET character_set_client = utf8mb4 */;
CREATE TABLE `difficulties` (
  `id` bigint unsigned NOT NULL AUTO_INCREMENT,
  `name` varchar(255) COLLATE utf8mb4_unicode_ci NOT NULL,
  `sort_order` int NOT NULL DEFAULT '0',
  `description` text COLLATE utf8mb4_unicode_ci,
  `created_at` timestamp NULL DEFAULT NULL,
  `updated_at` timestamp NULL DEFAULT NULL,
  `company_id` bigint unsigned DEFAULT NULL,
  `department_id` bigint unsigned DEFAULT NULL,
  `coefficient` decimal(6,3) DEFAULT NULL,
  PRIMARY KEY (`id`),
  KEY `difficulties_company_id_foreign` (`company_id`),
  KEY `difficulties_department_id_foreign` (`department_id`),
  CONSTRAINT `difficulties_company_id_foreign` FOREIGN KEY (`company_id`) REFERENCES `companies` (`id`) ON DELETE SET NULL,
  CONSTRAINT `difficulties_department_id_foreign` FOREIGN KEY (`department_id`) REFERENCES `departments` (`id`) ON DELETE SET NULL
) ENGINE=InnoDB AUTO_INCREMENT=5 DEFAULT CHARSET=utf8mb4 COLLATE=utf8mb4_unicode_ci;
/*!40101 SET character_set_client = @saved_cs_client */;

--
-- Dumping data for table `difficulties`
--

LOCK TABLES `difficulties` WRITE;
/*!40000 ALTER TABLE `difficulties` DISABLE KEYS */;
INSERT INTO `difficulties` VALUES (1,'軽い',0,NULL,NULL,NULL,2,1,0.750),(2,'普通',1,NULL,NULL,NULL,2,1,1.000),(3,'重い',2,NULL,NULL,NULL,2,1,1.250),(4,'重大',3,NULL,NULL,NULL,2,1,1.500);
/*!40000 ALTER TABLE `difficulties` ENABLE KEYS */;
UNLOCK TABLES;

--
-- Table structure for table `events`
--

DROP TABLE IF EXISTS `events`;
/*!40101 SET @saved_cs_client     = @@character_set_client */;
/*!50503 SET character_set_client = utf8mb4 */;
CREATE TABLE `events` (
  `id` bigint unsigned NOT NULL AUTO_INCREMENT,
  `project_job_assignment_by_myself_id` bigint unsigned DEFAULT NULL,
  `user_id` bigint unsigned NOT NULL,
  `project_job_assignment_id` bigint unsigned DEFAULT NULL,
  `title` varchar(255) COLLATE utf8mb4_unicode_ci NOT NULL,
  `body` text COLLATE utf8mb4_unicode_ci,
  `starts_at` timestamp NULL DEFAULT NULL,
  `ends_at` timestamp NULL DEFAULT NULL,
  `created_at` timestamp NULL DEFAULT NULL,
  `updated_at` timestamp NULL DEFAULT NULL,
  PRIMARY KEY (`id`),
  KEY `events_user_id_foreign` (`user_id`),
  KEY `events_project_job_assignment_id_foreign` (`project_job_assignment_id`),
  KEY `events_project_job_assignment_by_myself_id_foreign` (`project_job_assignment_by_myself_id`),
  CONSTRAINT `events_project_job_assignment_by_myself_id_foreign` FOREIGN KEY (`project_job_assignment_by_myself_id`) REFERENCES `project_job_assignment_by_myself` (`id`) ON DELETE SET NULL,
  CONSTRAINT `events_project_job_assignment_id_foreign` FOREIGN KEY (`project_job_assignment_id`) REFERENCES `project_job_assignments` (`id`) ON DELETE SET NULL,
  CONSTRAINT `events_user_id_foreign` FOREIGN KEY (`user_id`) REFERENCES `users` (`id`) ON DELETE CASCADE
) ENGINE=InnoDB DEFAULT CHARSET=utf8mb4 COLLATE=utf8mb4_unicode_ci;
/*!40101 SET character_set_client = @saved_cs_client */;

--
-- Dumping data for table `events`
--

LOCK TABLES `events` WRITE;
/*!40000 ALTER TABLE `events` DISABLE KEYS */;
/*!40000 ALTER TABLE `events` ENABLE KEYS */;
UNLOCK TABLES;

--
-- Table structure for table `job_assignment_messages`
--

DROP TABLE IF EXISTS `job_assignment_messages`;
/*!40101 SET @saved_cs_client     = @@character_set_client */;
/*!50503 SET character_set_client = utf8mb4 */;
CREATE TABLE `job_assignment_messages` (
  `id` bigint unsigned NOT NULL AUTO_INCREMENT,
  `message_id` bigint unsigned DEFAULT NULL,
  `project_job_assignment_id` bigint unsigned DEFAULT NULL,
  `sender_id` bigint unsigned DEFAULT NULL,
  `subject` varchar(255) COLLATE utf8mb4_unicode_ci DEFAULT NULL,
  `body` text COLLATE utf8mb4_unicode_ci,
  `attachments` json DEFAULT NULL,
  `read_at` timestamp NULL DEFAULT NULL,
  `accepted` tinyint(1) DEFAULT '0',
  `scheduled` tinyint(1) DEFAULT '0',
  `completed` tinyint(1) NOT NULL DEFAULT '0',
  `scheduled_at` timestamp NULL DEFAULT NULL,
  `created_at` timestamp NULL DEFAULT NULL,
  `updated_at` timestamp NULL DEFAULT NULL,
  PRIMARY KEY (`id`),
  KEY `job_assignment_messages_project_job_assignment_id_index` (`project_job_assignment_id`),
  KEY `job_assignment_messages_sender_id_index` (`sender_id`),
  KEY `job_assignment_messages_message_id_index` (`message_id`),
  CONSTRAINT `jam_pja_id_fk` FOREIGN KEY (`project_job_assignment_id`) REFERENCES `project_job_assignments` (`id`) ON DELETE CASCADE,
  CONSTRAINT `job_assignment_messages_message_id_foreign` FOREIGN KEY (`message_id`) REFERENCES `messages` (`id`) ON DELETE SET NULL,
  CONSTRAINT `job_assignment_messages_project_job_assignment_id_foreign` FOREIGN KEY (`project_job_assignment_id`) REFERENCES `project_job_assignments` (`id`) ON DELETE SET NULL,
  CONSTRAINT `job_assignment_messages_sender_id_foreign` FOREIGN KEY (`sender_id`) REFERENCES `users` (`id`) ON DELETE SET NULL
) ENGINE=InnoDB DEFAULT CHARSET=utf8mb4 COLLATE=utf8mb4_unicode_ci;
/*!40101 SET character_set_client = @saved_cs_client */;

--
-- Dumping data for table `job_assignment_messages`
--

LOCK TABLES `job_assignment_messages` WRITE;
/*!40000 ALTER TABLE `job_assignment_messages` DISABLE KEYS */;
/*!40000 ALTER TABLE `job_assignment_messages` ENABLE KEYS */;
UNLOCK TABLES;

--
-- Table structure for table `job_requests`
--

DROP TABLE IF EXISTS `job_requests`;
/*!40101 SET @saved_cs_client     = @@character_set_client */;
/*!50503 SET character_set_client = utf8mb4 */;
CREATE TABLE `job_requests` (
  `id` bigint unsigned NOT NULL AUTO_INCREMENT,
  `client_id` bigint unsigned DEFAULT NULL,
  `title` varchar(255) COLLATE utf8mb4_unicode_ci NOT NULL,
  `detail` text COLLATE utf8mb4_unicode_ci,
  `created_at` timestamp NULL DEFAULT NULL,
  `updated_at` timestamp NULL DEFAULT NULL,
  `migrated` tinyint(1) NOT NULL DEFAULT '0',
  PRIMARY KEY (`id`)
) ENGINE=InnoDB DEFAULT CHARSET=utf8mb4 COLLATE=utf8mb4_unicode_ci;
/*!40101 SET character_set_client = @saved_cs_client */;

--
-- Dumping data for table `job_requests`
--

LOCK TABLES `job_requests` WRITE;
/*!40000 ALTER TABLE `job_requests` DISABLE KEYS */;
/*!40000 ALTER TABLE `job_requests` ENABLE KEYS */;
UNLOCK TABLES;

--
-- Table structure for table `jobs`
--

DROP TABLE IF EXISTS `jobs`;
/*!40101 SET @saved_cs_client     = @@character_set_client */;
/*!50503 SET character_set_client = utf8mb4 */;
CREATE TABLE `jobs` (
  `id` bigint unsigned NOT NULL AUTO_INCREMENT,
  `queue` varchar(255) COLLATE utf8mb4_unicode_ci NOT NULL,
  `payload` longtext COLLATE utf8mb4_unicode_ci NOT NULL,
  `attempts` tinyint unsigned NOT NULL DEFAULT '0',
  `reserved_at` int unsigned DEFAULT NULL,
  `available_at` int unsigned NOT NULL,
  `created_at` int unsigned NOT NULL,
  PRIMARY KEY (`id`)
) ENGINE=InnoDB DEFAULT CHARSET=utf8mb4 COLLATE=utf8mb4_unicode_ci;
/*!40101 SET character_set_client = @saved_cs_client */;

--
-- Dumping data for table `jobs`
--

LOCK TABLES `jobs` WRITE;
/*!40000 ALTER TABLE `jobs` DISABLE KEYS */;
/*!40000 ALTER TABLE `jobs` ENABLE KEYS */;
UNLOCK TABLES;

--
-- Table structure for table `message_recipients`
--

DROP TABLE IF EXISTS `message_recipients`;
/*!40101 SET @saved_cs_client     = @@character_set_client */;
/*!50503 SET character_set_client = utf8mb4 */;
CREATE TABLE `message_recipients` (
  `id` bigint unsigned NOT NULL AUTO_INCREMENT,
  `message_id` bigint unsigned NOT NULL,
  `user_id` bigint unsigned NOT NULL,
  `type` enum('to','cc','bcc') COLLATE utf8mb4_unicode_ci NOT NULL DEFAULT 'to',
  `read_at` timestamp NULL DEFAULT NULL,
  `deleted_at` timestamp NULL DEFAULT NULL,
  `created_at` timestamp NULL DEFAULT NULL,
  `updated_at` timestamp NULL DEFAULT NULL,
  PRIMARY KEY (`id`),
  KEY `message_recipients_message_id_index` (`message_id`),
  KEY `message_recipients_user_id_index` (`user_id`),
  KEY `message_recipients_deleted_at_index` (`deleted_at`)
) ENGINE=InnoDB AUTO_INCREMENT=13 DEFAULT CHARSET=utf8mb4 COLLATE=utf8mb4_unicode_ci;
/*!40101 SET character_set_client = @saved_cs_client */;

--
-- Dumping data for table `message_recipients`
--

LOCK TABLES `message_recipients` WRITE;
/*!40000 ALTER TABLE `message_recipients` DISABLE KEYS */;
INSERT INTO `message_recipients` VALUES (1,1,2,'to',NULL,NULL,'2025-10-25 21:37:27','2025-10-25 21:37:27'),(2,2,14,'to','2025-10-25 21:38:23','2025-11-03 18:11:24','2025-10-25 21:38:10','2025-11-03 18:11:24'),(3,3,14,'to','2025-10-26 08:55:58',NULL,'2025-10-25 22:56:48','2025-10-26 08:55:58'),(4,4,14,'to',NULL,NULL,'2025-10-26 09:16:34','2025-10-26 09:16:34'),(5,5,14,'to',NULL,NULL,'2025-10-26 09:30:37','2025-10-26 09:30:37'),(6,6,14,'to',NULL,NULL,'2025-10-26 15:17:54','2025-10-26 15:17:54'),(7,7,14,'to','2025-10-26 15:26:16','2025-11-03 18:11:18','2025-10-26 15:25:57','2025-11-03 18:11:18'),(10,4,1,'to',NULL,'2025-11-03 17:36:38','2025-11-03 17:36:38','2025-11-03 17:36:38'),(12,3,1,'to',NULL,'2025-11-11 18:22:04','2025-11-11 18:22:04','2025-11-11 18:22:04');
/*!40000 ALTER TABLE `message_recipients` ENABLE KEYS */;
UNLOCK TABLES;

--
-- Table structure for table `messages`
--

DROP TABLE IF EXISTS `messages`;
/*!40101 SET @saved_cs_client     = @@character_set_client */;
/*!50503 SET character_set_client = utf8mb4 */;
CREATE TABLE `messages` (
  `id` bigint unsigned NOT NULL AUTO_INCREMENT,
  `from_user_id` bigint unsigned DEFAULT NULL,
  `sender_id` bigint unsigned DEFAULT NULL,
  `subject` varchar(255) COLLATE utf8mb4_unicode_ci DEFAULT NULL,
  `body` text COLLATE utf8mb4_unicode_ci,
  `status` varchar(255) COLLATE utf8mb4_unicode_ci NOT NULL DEFAULT 'draft',
  `sent_at` timestamp NULL DEFAULT NULL,
  `created_at` timestamp NULL DEFAULT NULL,
  `updated_at` timestamp NULL DEFAULT NULL,
  PRIMARY KEY (`id`),
  KEY `messages_from_user_id_index` (`from_user_id`),
  KEY `messages_sender_id_index` (`sender_id`)
) ENGINE=InnoDB AUTO_INCREMENT=8 DEFAULT CHARSET=utf8mb4 COLLATE=utf8mb4_unicode_ci;
/*!40101 SET character_set_client = @saved_cs_client */;

--
-- Dumping data for table `messages`
--

LOCK TABLES `messages` WRITE;
/*!40000 ALTER TABLE `messages` DISABLE KEYS */;
INSERT INTO `messages` VALUES (1,1,NULL,'おはようございます。','<p>ファイルの内容を確認してください。</p>','sent','2025-10-25 21:37:27','2025-10-25 21:37:27','2025-10-25 21:37:27'),(2,1,NULL,'ファイル','<p>送信します。</p>','sent','2025-10-25 21:38:10','2025-10-25 21:38:10','2025-10-25 21:38:10'),(3,1,NULL,'ファイルアップ','<p>アップロード</p>','sent','2025-10-25 22:56:48','2025-10-25 22:56:48','2025-10-25 22:56:48'),(4,1,NULL,'アップロードテスト','<p>ファイルのアップをしまうので確認してください。</p>','sent','2025-10-26 09:16:34','2025-10-26 09:16:34','2025-10-26 09:16:34'),(5,1,NULL,'ファイルテスト２','<p>テストテスト</p>','sent','2025-10-26 09:30:37','2025-10-26 09:30:37','2025-10-26 09:30:37'),(6,1,NULL,'ファイル２３','<p>ファイル送信</p>','sent','2025-10-26 15:17:54','2025-10-26 15:17:54','2025-10-26 15:17:54'),(7,1,NULL,'ファイr','<p>そうせ</p>','sent','2025-10-26 15:25:57','2025-10-26 15:25:57','2025-10-26 15:25:57');
/*!40000 ALTER TABLE `messages` ENABLE KEYS */;
UNLOCK TABLES;

--
-- Table structure for table `migrations`
--

DROP TABLE IF EXISTS `migrations`;
/*!40101 SET @saved_cs_client     = @@character_set_client */;
/*!50503 SET character_set_client = utf8mb4 */;
CREATE TABLE `migrations` (
  `id` int unsigned NOT NULL AUTO_INCREMENT,
  `migration` varchar(255) COLLATE utf8mb4_unicode_ci NOT NULL,
  `batch` int NOT NULL,
  PRIMARY KEY (`id`)
) ENGINE=InnoDB AUTO_INCREMENT=98 DEFAULT CHARSET=utf8mb4 COLLATE=utf8mb4_unicode_ci;
/*!40101 SET character_set_client = @saved_cs_client */;

--
-- Dumping data for table `migrations`
--

LOCK TABLES `migrations` WRITE;
/*!40000 ALTER TABLE `migrations` DISABLE KEYS */;
INSERT INTO `migrations` VALUES (1,'0001_01_01_000001_create_cache_table',1),(2,'0001_01_01_000002_create_jobs_table',1),(3,'2025_08_06_140426_create_personal_access_tokens_table',1),(4,'2025_08_06_140426_create_teams_table',1),(5,'2025_08_06_140427_create_team_user_table',1),(6,'2025_08_06_140428_create_team_invitations_table',1),(7,'2025_08_06_190000_create_companies_and_departments_tables',1),(8,'2025_08_07_151036_create_assignments_table',1),(9,'2025_08_07_151037_create_users_table_consolidated',1),(10,'2025_08_08_100000_create_diaries_table',1),(11,'2025_08_09_100000_create_events_table',1),(12,'2025_08_16_000000_create_project_team_members_table',1),(13,'2025_08_21_000000_create_chat_schema_consolidated',1),(14,'2025_08_21_001000_create_clients_and_project_jobs_consolidated',1),(15,'2025_08_21_002000_create_attachments_consolidated',1),(16,'2025_08_21_003000_create_ai_schema_consolidated',1),(17,'2025_08_21_010000_add_status_size_to_attachments',1),(18,'2025_08_21_130000_add_fks_to_project_team_members',1),(19,'2025_08_25_152000_convert_project_jobs_detail_to_text',1),(20,'2025_08_25_160000_create_project_schedules_tables',1),(21,'2025_08_27_000001_add_date_to_project_schedule_comments_table',1),(22,'2025_08_27_000002_create_project_memos_table',1),(23,'2025_08_31_000000_create_project_job_assignments_table',1),(24,'2025_08_31_010000_add_desired_start_end_time_to_project_job_assignments',1),(25,'2025_08_31_020000_add_assigned_accepted_to_project_job_assignments',1),(26,'2025_08_31_030000_create_job_requests_table',1),(27,'2025_08_31_040000_create_messages_table',1),(28,'2025_08_31_041000_create_message_recipients_table',1),(29,'2025_08_31_042000_add_message_id_to_attachments_table',1),(30,'2025_09_03_000000_add_migrated_to_job_requests',1),(31,'2025_09_03_000100_create_units_and_unit_members_tables',1),(32,'2025_09_05_000000_add_leader_id_to_teams_table',1),(33,'2025_09_05_000000_modify_assignments_department_nullable',1),(34,'2025_09_06_000001_add_read_by_admin_comments_to_diaries',1),(35,'2025_09_06_000002_drop_admin_read_from_diaries',1),(36,'2025_09_06_000003_rename_admin_comments_to_comments',1),(37,'2025_09_06_000004_create_diary_comments_table_and_drop_comments_from_diaries',1),(38,'2025_09_07_000000_add_jobcode_to_project_jobs_table',1),(39,'2025_09_07_000001_add_estimated_hours_to_project_job_assignments',1),(40,'2025_09_07_000002_add_missing_columns_to_project_job_assignments',1),(41,'2025_09_07_000003_unify_project_job_assignments_schema',1),(42,'2025_09_07_000004_fix_message_recipients_schema',1),(43,'2025_09_07_000005_make_recipient_id_nullable',1),(44,'2025_09_08_000001_create_work_item_types_table',1),(45,'2025_09_08_000002_create_sizes_table',1),(46,'2025_09_08_000003_create_stages_table',1),(47,'2025_09_08_000004_create_work_items_table',1),(48,'2025_09_08_000005_create_work_item_stage_entries_table',1),(49,'2025_09_09_000006_add_sort_order_to_lookup_tables',1),(50,'2025_09_09_000007_create_statuses_table',1),(51,'2025_09_09_000008_add_dimensions_to_sizes_table',1),(52,'2025_09_09_000009_migrate_width_mm_to_width_and_drop_mm_columns',1),(53,'2025_09_09_000012_add_company_and_department_to_lookups',1),(54,'2025_09_10_000001_backfill_company_department_and_sort_order',1),(55,'2025_09_10_000002_add_company_department_to_statuses',1),(56,'2025_09_10_000003_add_company_department_and_statusid_to_work_items',1),(57,'2025_09_10_000004_add_work_item_id_to_project_job_assignments',1),(58,'2025_09_12_000000_add_project_job_assignment_id_to_work_items',1),(59,'2025_09_12_100000_create_work_item_presets_table',1),(60,'2025_09_12_110000_migrate_work_items_to_assignments',1),(61,'2025_09_12_120000_unify_assignments_and_remove_work_items',1),(62,'2025_09_12_130000_add_project_job_assignment_id_to_work_item_stage_entries',1),(63,'2025_09_13_000000_create_job_assignment_messages_table',1),(64,'2025_09_13_120000_add_message_id_to_job_assignment_messages',1),(65,'2025_09_14_000000_add_assignment_fields_and_fk_to_job_assignment_messages',1),(66,'2025_09_14_000000_add_read_at_to_job_assignment_messages',1),(67,'2025_09_14_000001_add_completed_to_assignments_and_messages',1),(68,'2025_09_14_010000_add_read_at_to_project_job_assignments',1),(69,'2025_09_14_120000_add_project_job_assignment_id_to_events',1),(70,'2025_09_20_000000_add_amounts_to_project_job_assignments',1),(71,'2025_09_21_000001_create_project_job_assignment_by_myself_table',1),(72,'2025_09_21_120000_add_project_job_assignment_by_myself_to_events_table',1),(73,'2025_09_21_130000_add_start_time_to_project_job_assignment_by_myself_table',1),(74,'2025_09_22_000000_create_difficulties_table',1),(75,'2025_09_22_000001_add_difficulty_id_fks_to_project_job_assignments',1),(76,'2025_09_22_000002_backfill_difficulty_id_project_job_assignments',1),(77,'2025_10_03_000001_create_statuses_and_add_status_id_to_assignments',1),(78,'2025_10_03_000002_add_key_to_statuses',1),(79,'2025_10_03_000003_backfill_status_id_on_assignments',1),(80,'2025_10_03_000004_populate_missing_status_keys',1),(81,'2025_10_04_131000_add_difficulty_id_column_to_project_job_assignments',1),(82,'2025_10_05_000001_create_chat_rooms_table',1),(83,'2025_10_05_000002_create_chat_room_user_table',1),(84,'2025_10_05_000003_create_chat_messages_table',1),(85,'2025_10_05_000004_create_chat_message_reads_table',1),(86,'2025_10_05_000005_drop_chats_table',1),(87,'2025_10_05_000006_migrate_chat_messages_columns',1),(88,'2025_10_05_000007_make_chat_id_and_message_nullable',1),(89,'2025_10_06_000001_add_char_count_and_ai_summaries',1),(90,'2025_10_11_000001_update_ai_summaries_and_create_ai_summary_jobs',1),(91,'2025_10_11_181500_add_summary_id_to_ai_conversations',1),(92,'2025_10_12_000000_add_owner_cols_to_attachments',1),(93,'2025_10_12_000002_add_owner_cols_to_attachments',1),(94,'2025_10_13_000000_create_attachmentables_table',1),(95,'2025_10_13_010000_alter_attachments_status_to_string',1),(96,'2025_10_18_000000_drop_unused_attachment_columns',2),(97,'2025_10_26_000000_add_deleted_at_to_message_recipients',3);
/*!40000 ALTER TABLE `migrations` ENABLE KEYS */;
UNLOCK TABLES;

--
-- Table structure for table `personal_access_tokens`
--

DROP TABLE IF EXISTS `personal_access_tokens`;
/*!40101 SET @saved_cs_client     = @@character_set_client */;
/*!50503 SET character_set_client = utf8mb4 */;
CREATE TABLE `personal_access_tokens` (
  `id` bigint unsigned NOT NULL AUTO_INCREMENT,
  `tokenable_type` varchar(255) COLLATE utf8mb4_unicode_ci NOT NULL,
  `tokenable_id` bigint unsigned NOT NULL,
  `name` varchar(255) COLLATE utf8mb4_unicode_ci NOT NULL,
  `token` varchar(64) COLLATE utf8mb4_unicode_ci NOT NULL,
  `abilities` text COLLATE utf8mb4_unicode_ci,
  `last_used_at` timestamp NULL DEFAULT NULL,
  `created_at` timestamp NULL DEFAULT NULL,
  `updated_at` timestamp NULL DEFAULT NULL,
  PRIMARY KEY (`id`),
  UNIQUE KEY `personal_access_tokens_token_unique` (`token`),
  KEY `personal_access_tokens_tokenable_type_tokenable_id_index` (`tokenable_type`,`tokenable_id`)
) ENGINE=InnoDB DEFAULT CHARSET=utf8mb4 COLLATE=utf8mb4_unicode_ci;
/*!40101 SET character_set_client = @saved_cs_client */;

--
-- Dumping data for table `personal_access_tokens`
--

LOCK TABLES `personal_access_tokens` WRITE;
/*!40000 ALTER TABLE `personal_access_tokens` DISABLE KEYS */;
/*!40000 ALTER TABLE `personal_access_tokens` ENABLE KEYS */;
UNLOCK TABLES;

--
-- Table structure for table `project_job_assignment_by_myself`
--

DROP TABLE IF EXISTS `project_job_assignment_by_myself`;
/*!40101 SET @saved_cs_client     = @@character_set_client */;
/*!50503 SET character_set_client = utf8mb4 */;
CREATE TABLE `project_job_assignment_by_myself` (
  `id` bigint unsigned NOT NULL AUTO_INCREMENT,
  `project_job_id` bigint unsigned DEFAULT NULL,
  `user_id` bigint unsigned DEFAULT NULL,
  `title` varchar(255) COLLATE utf8mb4_unicode_ci DEFAULT NULL,
  `detail` text COLLATE utf8mb4_unicode_ci,
  `difficulty` varchar(255) COLLATE utf8mb4_unicode_ci DEFAULT NULL,
  `difficulty_id` bigint unsigned DEFAULT NULL,
  `estimated_hours` double DEFAULT NULL,
  `desired_start_date` date DEFAULT NULL,
  `start_time` time DEFAULT NULL,
  `desired_end_date` date DEFAULT NULL,
  `desired_time` varchar(255) COLLATE utf8mb4_unicode_ci DEFAULT NULL,
  `desired_at` timestamp NULL DEFAULT NULL,
  `work_item_type_id` bigint unsigned DEFAULT NULL,
  `size_id` bigint unsigned DEFAULT NULL,
  `stage_id` bigint unsigned DEFAULT NULL,
  `status_id` bigint unsigned DEFAULT NULL,
  `company_id` bigint unsigned DEFAULT NULL,
  `department_id` bigint unsigned DEFAULT NULL,
  `amounts` int DEFAULT NULL,
  `amounts_unit` varchar(255) COLLATE utf8mb4_unicode_ci DEFAULT NULL,
  `assigned` tinyint(1) NOT NULL DEFAULT '0',
  `accepted` tinyint(1) NOT NULL DEFAULT '0',
  `completed` tinyint(1) NOT NULL DEFAULT '0',
  `scheduled` tinyint(1) NOT NULL DEFAULT '0',
  `scheduled_at` timestamp NULL DEFAULT NULL,
  `read_at` timestamp NULL DEFAULT NULL,
  `created_at` timestamp NULL DEFAULT NULL,
  `updated_at` timestamp NULL DEFAULT NULL,
  PRIMARY KEY (`id`),
  KEY `project_job_assignment_by_myself_project_job_id_index` (`project_job_id`),
  KEY `project_job_assignment_by_myself_user_id_index` (`user_id`),
  KEY `project_job_assignment_by_myself_work_item_type_id_index` (`work_item_type_id`),
  KEY `project_job_assignment_by_myself_size_id_index` (`size_id`),
  KEY `project_job_assignment_by_myself_stage_id_index` (`stage_id`),
  KEY `project_job_assignment_by_myself_status_id_index` (`status_id`),
  KEY `project_job_assignment_by_myself_company_id_index` (`company_id`),
  KEY `project_job_assignment_by_myself_department_id_index` (`department_id`),
  KEY `project_job_assignment_by_myself_difficulty_id_index` (`difficulty_id`),
  CONSTRAINT `project_job_assignment_by_myself_company_id_foreign` FOREIGN KEY (`company_id`) REFERENCES `companies` (`id`) ON DELETE SET NULL,
  CONSTRAINT `project_job_assignment_by_myself_department_id_foreign` FOREIGN KEY (`department_id`) REFERENCES `departments` (`id`) ON DELETE SET NULL,
  CONSTRAINT `project_job_assignment_by_myself_difficulty_id_foreign` FOREIGN KEY (`difficulty_id`) REFERENCES `difficulties` (`id`) ON DELETE SET NULL,
  CONSTRAINT `project_job_assignment_by_myself_project_job_id_foreign` FOREIGN KEY (`project_job_id`) REFERENCES `project_jobs` (`id`) ON DELETE SET NULL,
  CONSTRAINT `project_job_assignment_by_myself_size_id_foreign` FOREIGN KEY (`size_id`) REFERENCES `sizes` (`id`) ON DELETE SET NULL,
  CONSTRAINT `project_job_assignment_by_myself_stage_id_foreign` FOREIGN KEY (`stage_id`) REFERENCES `stages` (`id`) ON DELETE SET NULL,
  CONSTRAINT `project_job_assignment_by_myself_status_id_foreign` FOREIGN KEY (`status_id`) REFERENCES `statuses` (`id`) ON DELETE SET NULL,
  CONSTRAINT `project_job_assignment_by_myself_user_id_foreign` FOREIGN KEY (`user_id`) REFERENCES `users` (`id`) ON DELETE SET NULL,
  CONSTRAINT `project_job_assignment_by_myself_work_item_type_id_foreign` FOREIGN KEY (`work_item_type_id`) REFERENCES `work_item_types` (`id`) ON DELETE SET NULL
) ENGINE=InnoDB DEFAULT CHARSET=utf8mb4 COLLATE=utf8mb4_unicode_ci;
/*!40101 SET character_set_client = @saved_cs_client */;

--
-- Dumping data for table `project_job_assignment_by_myself`
--

LOCK TABLES `project_job_assignment_by_myself` WRITE;
/*!40000 ALTER TABLE `project_job_assignment_by_myself` DISABLE KEYS */;
/*!40000 ALTER TABLE `project_job_assignment_by_myself` ENABLE KEYS */;
UNLOCK TABLES;

--
-- Table structure for table `project_job_assignments`
--

DROP TABLE IF EXISTS `project_job_assignments`;
/*!40101 SET @saved_cs_client     = @@character_set_client */;
/*!50503 SET character_set_client = utf8mb4 */;
CREATE TABLE `project_job_assignments` (
  `id` bigint unsigned NOT NULL AUTO_INCREMENT,
  `project_job_id` bigint unsigned NOT NULL,
  `user_id` bigint unsigned DEFAULT NULL,
  `title` varchar(255) COLLATE utf8mb4_unicode_ci DEFAULT NULL,
  `detail` text COLLATE utf8mb4_unicode_ci,
  `difficulty` varchar(255) COLLATE utf8mb4_unicode_ci NOT NULL DEFAULT 'normal',
  `difficulty_id` bigint unsigned DEFAULT NULL,
  `desired_start_date` date DEFAULT NULL,
  `desired_end_date` date DEFAULT NULL,
  `desired_time` time DEFAULT NULL,
  `estimated_hours` decimal(6,2) DEFAULT NULL,
  `assigned` tinyint(1) NOT NULL DEFAULT '0',
  `completed` tinyint(1) NOT NULL DEFAULT '0',
  `accepted` tinyint(1) NOT NULL DEFAULT '0',
  `read_at` timestamp NULL DEFAULT NULL,
  `scheduled` tinyint(1) NOT NULL DEFAULT '0',
  `size_id` bigint unsigned DEFAULT NULL,
  `amounts` int DEFAULT NULL,
  `amounts_unit` varchar(255) COLLATE utf8mb4_unicode_ci DEFAULT NULL,
  `work_item_type_id` bigint unsigned DEFAULT NULL,
  `stage_id` bigint unsigned DEFAULT NULL,
  `status_id` bigint unsigned DEFAULT NULL,
  `company_id` bigint unsigned DEFAULT NULL,
  `department_id` bigint unsigned DEFAULT NULL,
  `created_at` timestamp NULL DEFAULT NULL,
  `updated_at` timestamp NULL DEFAULT NULL,
  PRIMARY KEY (`id`),
  KEY `project_job_assignments_project_job_id_index` (`project_job_id`),
  KEY `project_job_assignments_user_id_index` (`user_id`),
  KEY `project_job_assignments_size_id_index` (`size_id`),
  KEY `project_job_assignments_work_item_type_id_index` (`work_item_type_id`),
  KEY `project_job_assignments_stage_id_index` (`stage_id`),
  KEY `project_job_assignments_status_id_index` (`status_id`),
  KEY `project_job_assignments_company_id_index` (`company_id`),
  KEY `project_job_assignments_department_id_index` (`department_id`),
  KEY `project_job_assignments_difficulty_id_index` (`difficulty_id`),
  CONSTRAINT `project_job_assignments_difficulty_id_foreign` FOREIGN KEY (`difficulty_id`) REFERENCES `difficulties` (`id`) ON DELETE SET NULL
) ENGINE=InnoDB DEFAULT CHARSET=utf8mb4 COLLATE=utf8mb4_unicode_ci;
/*!40101 SET character_set_client = @saved_cs_client */;

--
-- Dumping data for table `project_job_assignments`
--

LOCK TABLES `project_job_assignments` WRITE;
/*!40000 ALTER TABLE `project_job_assignments` DISABLE KEYS */;
/*!40000 ALTER TABLE `project_job_assignments` ENABLE KEYS */;
UNLOCK TABLES;

--
-- Table structure for table `project_jobs`
--

DROP TABLE IF EXISTS `project_jobs`;
/*!40101 SET @saved_cs_client     = @@character_set_client */;
/*!50503 SET character_set_client = utf8mb4 */;
CREATE TABLE `project_jobs` (
  `id` bigint unsigned NOT NULL AUTO_INCREMENT,
  `jobcode` varchar(255) COLLATE utf8mb4_unicode_ci DEFAULT NULL,
  `client_id` bigint unsigned DEFAULT NULL,
  `user_id` bigint unsigned DEFAULT NULL,
  `title` varchar(255) COLLATE utf8mb4_unicode_ci NOT NULL,
  `detail` text COLLATE utf8mb4_unicode_ci,
  `created_at` timestamp NULL DEFAULT NULL,
  `updated_at` timestamp NULL DEFAULT NULL,
  PRIMARY KEY (`id`),
  KEY `project_jobs_user_id_foreign` (`user_id`),
  CONSTRAINT `project_jobs_user_id_foreign` FOREIGN KEY (`user_id`) REFERENCES `users` (`id`) ON DELETE SET NULL
) ENGINE=InnoDB DEFAULT CHARSET=utf8mb4 COLLATE=utf8mb4_unicode_ci;
/*!40101 SET character_set_client = @saved_cs_client */;

--
-- Dumping data for table `project_jobs`
--

LOCK TABLES `project_jobs` WRITE;
/*!40000 ALTER TABLE `project_jobs` DISABLE KEYS */;
/*!40000 ALTER TABLE `project_jobs` ENABLE KEYS */;
UNLOCK TABLES;

--
-- Table structure for table `project_memos`
--

DROP TABLE IF EXISTS `project_memos`;
/*!40101 SET @saved_cs_client     = @@character_set_client */;
/*!50503 SET character_set_client = utf8mb4 */;
CREATE TABLE `project_memos` (
  `id` bigint unsigned NOT NULL AUTO_INCREMENT,
  `project_id` bigint unsigned DEFAULT NULL,
  `user_id` bigint unsigned NOT NULL,
  `body` text COLLATE utf8mb4_unicode_ci NOT NULL,
  `date` date DEFAULT NULL,
  `metadata` json DEFAULT NULL,
  `created_at` timestamp NULL DEFAULT NULL,
  `updated_at` timestamp NULL DEFAULT NULL,
  PRIMARY KEY (`id`)
) ENGINE=InnoDB DEFAULT CHARSET=utf8mb4 COLLATE=utf8mb4_unicode_ci;
/*!40101 SET character_set_client = @saved_cs_client */;

--
-- Dumping data for table `project_memos`
--

LOCK TABLES `project_memos` WRITE;
/*!40000 ALTER TABLE `project_memos` DISABLE KEYS */;
/*!40000 ALTER TABLE `project_memos` ENABLE KEYS */;
UNLOCK TABLES;

--
-- Table structure for table `project_schedule_comments`
--

DROP TABLE IF EXISTS `project_schedule_comments`;
/*!40101 SET @saved_cs_client     = @@character_set_client */;
/*!50503 SET character_set_client = utf8mb4 */;
CREATE TABLE `project_schedule_comments` (
  `id` bigint unsigned NOT NULL AUTO_INCREMENT,
  `project_schedule_id` bigint unsigned NOT NULL,
  `user_id` bigint unsigned NOT NULL,
  `comment` text COLLATE utf8mb4_unicode_ci NOT NULL,
  `created_at` timestamp NULL DEFAULT NULL,
  `updated_at` timestamp NULL DEFAULT NULL,
  `comment_date` date DEFAULT NULL,
  PRIMARY KEY (`id`)
) ENGINE=InnoDB DEFAULT CHARSET=utf8mb4 COLLATE=utf8mb4_unicode_ci;
/*!40101 SET character_set_client = @saved_cs_client */;

--
-- Dumping data for table `project_schedule_comments`
--

LOCK TABLES `project_schedule_comments` WRITE;
/*!40000 ALTER TABLE `project_schedule_comments` DISABLE KEYS */;
/*!40000 ALTER TABLE `project_schedule_comments` ENABLE KEYS */;
UNLOCK TABLES;

--
-- Table structure for table `project_schedules`
--

DROP TABLE IF EXISTS `project_schedules`;
/*!40101 SET @saved_cs_client     = @@character_set_client */;
/*!50503 SET character_set_client = utf8mb4 */;
CREATE TABLE `project_schedules` (
  `id` bigint unsigned NOT NULL AUTO_INCREMENT,
  `project_job_id` bigint unsigned NOT NULL,
  `parent_id` bigint unsigned DEFAULT NULL,
  `name` varchar(255) COLLATE utf8mb4_unicode_ci DEFAULT NULL,
  `description` text COLLATE utf8mb4_unicode_ci,
  `start_date` datetime DEFAULT NULL,
  `end_date` datetime DEFAULT NULL,
  `progress` int NOT NULL DEFAULT '0',
  `color` varchar(255) COLLATE utf8mb4_unicode_ci DEFAULT NULL,
  `status` varchar(255) COLLATE utf8mb4_unicode_ci DEFAULT NULL,
  `order` int NOT NULL DEFAULT '0',
  `metadata` json DEFAULT NULL,
  `scheduled_date` date DEFAULT NULL,
  `created_by` bigint unsigned DEFAULT NULL,
  `updated_by` bigint unsigned DEFAULT NULL,
  `created_at` timestamp NULL DEFAULT NULL,
  `updated_at` timestamp NULL DEFAULT NULL,
  PRIMARY KEY (`id`)
) ENGINE=InnoDB DEFAULT CHARSET=utf8mb4 COLLATE=utf8mb4_unicode_ci;
/*!40101 SET character_set_client = @saved_cs_client */;

--
-- Dumping data for table `project_schedules`
--

LOCK TABLES `project_schedules` WRITE;
/*!40000 ALTER TABLE `project_schedules` DISABLE KEYS */;
/*!40000 ALTER TABLE `project_schedules` ENABLE KEYS */;
UNLOCK TABLES;

--
-- Table structure for table `project_team_members`
--

DROP TABLE IF EXISTS `project_team_members`;
/*!40101 SET @saved_cs_client     = @@character_set_client */;
/*!50503 SET character_set_client = utf8mb4 */;
CREATE TABLE `project_team_members` (
  `id` bigint unsigned NOT NULL AUTO_INCREMENT,
  `project_job_id` bigint unsigned NOT NULL,
  `user_id` bigint unsigned NOT NULL,
  `created_at` timestamp NULL DEFAULT NULL,
  `updated_at` timestamp NULL DEFAULT NULL,
  PRIMARY KEY (`id`),
  KEY `project_team_members_project_job_id_foreign` (`project_job_id`),
  KEY `project_team_members_user_id_foreign` (`user_id`),
  CONSTRAINT `project_team_members_project_job_id_foreign` FOREIGN KEY (`project_job_id`) REFERENCES `project_jobs` (`id`) ON DELETE CASCADE,
  CONSTRAINT `project_team_members_user_id_foreign` FOREIGN KEY (`user_id`) REFERENCES `users` (`id`) ON DELETE CASCADE
) ENGINE=InnoDB DEFAULT CHARSET=utf8mb4 COLLATE=utf8mb4_unicode_ci;
/*!40101 SET character_set_client = @saved_cs_client */;

--
-- Dumping data for table `project_team_members`
--

LOCK TABLES `project_team_members` WRITE;
/*!40000 ALTER TABLE `project_team_members` DISABLE KEYS */;
/*!40000 ALTER TABLE `project_team_members` ENABLE KEYS */;
UNLOCK TABLES;

--
-- Table structure for table `sizes`
--

DROP TABLE IF EXISTS `sizes`;
/*!40101 SET @saved_cs_client     = @@character_set_client */;
/*!50503 SET character_set_client = utf8mb4 */;
CREATE TABLE `sizes` (
  `id` bigint unsigned NOT NULL AUTO_INCREMENT,
  `name` varchar(255) COLLATE utf8mb4_unicode_ci NOT NULL,
  `label` varchar(255) COLLATE utf8mb4_unicode_ci DEFAULT NULL,
  `width` decimal(10,2) DEFAULT NULL,
  `height` decimal(10,2) DEFAULT NULL,
  `unit` varchar(20) COLLATE utf8mb4_unicode_ci DEFAULT NULL,
  `sort_order` int NOT NULL DEFAULT '0',
  `coefficient` decimal(6,3) DEFAULT NULL,
  `created_at` timestamp NULL DEFAULT NULL,
  `updated_at` timestamp NULL DEFAULT NULL,
  `company_id` bigint unsigned DEFAULT NULL,
  `department_id` bigint unsigned DEFAULT NULL,
  PRIMARY KEY (`id`),
  KEY `sizes_company_id_foreign` (`company_id`),
  KEY `sizes_department_id_foreign` (`department_id`),
  CONSTRAINT `sizes_company_id_foreign` FOREIGN KEY (`company_id`) REFERENCES `companies` (`id`) ON DELETE SET NULL,
  CONSTRAINT `sizes_department_id_foreign` FOREIGN KEY (`department_id`) REFERENCES `departments` (`id`) ON DELETE SET NULL
) ENGINE=InnoDB AUTO_INCREMENT=14 DEFAULT CHARSET=utf8mb4 COLLATE=utf8mb4_unicode_ci;
/*!40101 SET character_set_client = @saved_cs_client */;

--
-- Dumping data for table `sizes`
--

LOCK TABLES `sizes` WRITE;
/*!40000 ALTER TABLE `sizes` DISABLE KEYS */;
INSERT INTO `sizes` VALUES (1,'A3超','A3超',450.00,320.00,'mm',0,1.000,NULL,NULL,2,1),(2,'A2','A2',420.00,594.00,'mm',1,1.000,NULL,NULL,2,1),(3,'A3','A3',297.00,420.00,'mm',2,1.000,NULL,NULL,2,1),(4,'A4','A4',210.00,297.00,'mm',3,1.000,NULL,NULL,2,1),(5,'A5','A5',148.00,210.00,'mm',4,1.000,NULL,NULL,2,1),(6,'B4','B4',257.00,364.00,'mm',5,1.000,NULL,NULL,2,1),(7,'B5','B5',182.00,257.00,'mm',6,1.000,NULL,NULL,2,1),(8,'B6','B6',128.00,182.00,'mm',7,1.000,NULL,NULL,2,1),(9,'四六判','四六判',127.00,188.00,'mm',8,1.000,NULL,NULL,2,1),(10,'Full HD','1920x1080',1920.00,1080.00,'px',9,NULL,NULL,NULL,2,1),(11,'HD','1280x720',1280.00,720.00,'px',10,1.000,NULL,NULL,2,1),(12,'iPhone 14','1170x2532',1170.00,2532.00,'px',11,1.000,NULL,NULL,2,1),(13,'iPad','768x1024',768.00,1024.00,'px',12,1.000,NULL,NULL,2,1);
/*!40000 ALTER TABLE `sizes` ENABLE KEYS */;
UNLOCK TABLES;

--
-- Table structure for table `stages`
--

DROP TABLE IF EXISTS `stages`;
/*!40101 SET @saved_cs_client     = @@character_set_client */;
/*!50503 SET character_set_client = utf8mb4 */;
CREATE TABLE `stages` (
  `id` bigint unsigned NOT NULL AUTO_INCREMENT,
  `name` varchar(255) COLLATE utf8mb4_unicode_ci NOT NULL,
  `order_index` int NOT NULL DEFAULT '0',
  `sort_order` int NOT NULL DEFAULT '0',
  `coefficient` decimal(6,3) DEFAULT NULL,
  `description` text COLLATE utf8mb4_unicode_ci,
  `created_at` timestamp NULL DEFAULT NULL,
  `updated_at` timestamp NULL DEFAULT NULL,
  `company_id` bigint unsigned DEFAULT NULL,
  `department_id` bigint unsigned DEFAULT NULL,
  PRIMARY KEY (`id`),
  KEY `stages_company_id_foreign` (`company_id`),
  KEY `stages_department_id_foreign` (`department_id`),
  CONSTRAINT `stages_company_id_foreign` FOREIGN KEY (`company_id`) REFERENCES `companies` (`id`) ON DELETE SET NULL,
  CONSTRAINT `stages_department_id_foreign` FOREIGN KEY (`department_id`) REFERENCES `departments` (`id`) ON DELETE SET NULL
) ENGINE=InnoDB AUTO_INCREMENT=8 DEFAULT CHARSET=utf8mb4 COLLATE=utf8mb4_unicode_ci;
/*!40101 SET character_set_client = @saved_cs_client */;

--
-- Dumping data for table `stages`
--

LOCK TABLES `stages` WRITE;
/*!40000 ALTER TABLE `stages` DISABLE KEYS */;
INSERT INTO `stages` VALUES (1,'初校',1,0,1.000,'初校',NULL,NULL,2,1),(2,'再校',2,1,1.000,'再校',NULL,NULL,2,1),(3,'三校',3,2,1.000,'三校',NULL,NULL,2,1),(4,'四校',4,3,1.000,'四校',NULL,NULL,2,1),(5,'五校',5,4,1.000,'五校',NULL,NULL,2,1),(6,'確認校',6,5,1.000,'確認校（最終チェック）',NULL,NULL,2,1),(7,'校了',7,6,1.000,'校了（完了）',NULL,NULL,2,1);
/*!40000 ALTER TABLE `stages` ENABLE KEYS */;
UNLOCK TABLES;

--
-- Table structure for table `statuses`
--

DROP TABLE IF EXISTS `statuses`;
/*!40101 SET @saved_cs_client     = @@character_set_client */;
/*!50503 SET character_set_client = utf8mb4 */;
CREATE TABLE `statuses` (
  `id` bigint unsigned NOT NULL AUTO_INCREMENT,
  `name` varchar(255) COLLATE utf8mb4_unicode_ci NOT NULL,
  `slug` varchar(255) COLLATE utf8mb4_unicode_ci NOT NULL,
  `key` varchar(255) COLLATE utf8mb4_unicode_ci DEFAULT NULL,
  `sort_order` int NOT NULL DEFAULT '0',
  `coefficient` decimal(6,3) DEFAULT NULL,
  `created_at` timestamp NULL DEFAULT NULL,
  `updated_at` timestamp NULL DEFAULT NULL,
  `company_id` bigint unsigned DEFAULT NULL,
  `department_id` bigint unsigned DEFAULT NULL,
  PRIMARY KEY (`id`),
  UNIQUE KEY `statuses_slug_unique` (`slug`),
  UNIQUE KEY `statuses_key_unique` (`key`),
  KEY `statuses_company_id_foreign` (`company_id`),
  KEY `statuses_department_id_foreign` (`department_id`),
  CONSTRAINT `statuses_company_id_foreign` FOREIGN KEY (`company_id`) REFERENCES `companies` (`id`) ON DELETE SET NULL,
  CONSTRAINT `statuses_department_id_foreign` FOREIGN KEY (`department_id`) REFERENCES `departments` (`id`) ON DELETE SET NULL
) ENGINE=InnoDB AUTO_INCREMENT=7 DEFAULT CHARSET=utf8mb4 COLLATE=utf8mb4_unicode_ci;
/*!40101 SET character_set_client = @saved_cs_client */;

--
-- Dumping data for table `statuses`
--

LOCK TABLES `statuses` WRITE;
/*!40000 ALTER TABLE `statuses` DISABLE KEYS */;
INSERT INTO `statuses` VALUES (1,'依頼','order','order',0,NULL,NULL,'2025-10-15 18:37:52',NULL,NULL),(2,'進行中','in_progress','in_progress',1,NULL,NULL,'2025-10-15 18:37:52',NULL,NULL),(3,'完了','completed','completed',2,NULL,NULL,'2025-10-15 18:37:52',NULL,NULL),(4,'確認済み','confirmed','confirmed',0,NULL,'2025-10-15 18:37:52','2025-10-15 18:37:52',NULL,NULL),(5,'セット済み','scheduled','scheduled',0,NULL,'2025-10-15 18:37:52','2025-10-15 18:37:52',NULL,NULL),(6,'受信済み','received','received',0,NULL,'2025-10-15 18:37:52','2025-10-15 18:37:52',NULL,NULL);
/*!40000 ALTER TABLE `statuses` ENABLE KEYS */;
UNLOCK TABLES;

--
-- Table structure for table `team_invitations`
--

DROP TABLE IF EXISTS `team_invitations`;
/*!40101 SET @saved_cs_client     = @@character_set_client */;
/*!50503 SET character_set_client = utf8mb4 */;
CREATE TABLE `team_invitations` (
  `id` bigint unsigned NOT NULL AUTO_INCREMENT,
  `team_id` bigint unsigned NOT NULL,
  `email` varchar(255) COLLATE utf8mb4_unicode_ci NOT NULL,
  `role` varchar(255) COLLATE utf8mb4_unicode_ci DEFAULT NULL,
  `created_at` timestamp NULL DEFAULT NULL,
  `updated_at` timestamp NULL DEFAULT NULL,
  PRIMARY KEY (`id`),
  KEY `team_invitations_team_id_index` (`team_id`)
) ENGINE=InnoDB DEFAULT CHARSET=utf8mb4 COLLATE=utf8mb4_unicode_ci;
/*!40101 SET character_set_client = @saved_cs_client */;

--
-- Dumping data for table `team_invitations`
--

LOCK TABLES `team_invitations` WRITE;
/*!40000 ALTER TABLE `team_invitations` DISABLE KEYS */;
/*!40000 ALTER TABLE `team_invitations` ENABLE KEYS */;
UNLOCK TABLES;

--
-- Table structure for table `team_user`
--

DROP TABLE IF EXISTS `team_user`;
/*!40101 SET @saved_cs_client     = @@character_set_client */;
/*!50503 SET character_set_client = utf8mb4 */;
CREATE TABLE `team_user` (
  `id` bigint unsigned NOT NULL AUTO_INCREMENT,
  `team_id` bigint unsigned NOT NULL,
  `user_id` bigint unsigned NOT NULL,
  `role` varchar(255) COLLATE utf8mb4_unicode_ci DEFAULT NULL,
  `created_at` timestamp NULL DEFAULT NULL,
  `updated_at` timestamp NULL DEFAULT NULL,
  PRIMARY KEY (`id`),
  UNIQUE KEY `team_user_unique` (`team_id`,`user_id`),
  KEY `team_user_team_id_index` (`team_id`),
  KEY `team_user_user_id_index` (`user_id`)
) ENGINE=InnoDB AUTO_INCREMENT=78 DEFAULT CHARSET=utf8mb4 COLLATE=utf8mb4_unicode_ci;
/*!40101 SET character_set_client = @saved_cs_client */;

--
-- Dumping data for table `team_user`
--

LOCK TABLES `team_user` WRITE;
/*!40000 ALTER TABLE `team_user` DISABLE KEYS */;
INSERT INTO `team_user` VALUES (1,1,1,'owner','2025-10-15 18:37:52','2025-10-15 18:37:52'),(2,2,2,'admin','2025-10-15 18:37:52','2025-10-15 18:37:52'),(3,2,3,'user','2025-10-15 18:37:53','2025-10-15 18:37:53'),(4,3,3,'user','2025-10-15 18:37:53','2025-10-15 18:37:53'),(5,2,4,'user','2025-10-15 18:37:53','2025-10-15 18:37:53'),(6,3,4,'user','2025-10-15 18:37:53','2025-10-15 18:37:53'),(7,2,5,'user','2025-10-15 18:37:53','2025-10-15 18:37:53'),(8,3,5,'user','2025-10-15 18:37:53','2025-10-15 18:37:53'),(9,2,6,'user','2025-10-15 18:37:53','2025-10-15 18:37:53'),(10,3,6,'user','2025-10-15 18:37:53','2025-10-15 18:37:53'),(11,2,7,'user','2025-10-15 18:37:53','2025-10-15 18:37:53'),(12,3,7,'user','2025-10-15 18:37:53','2025-10-15 18:37:53'),(13,2,8,'user','2025-10-15 18:37:53','2025-10-15 18:37:53'),(14,3,8,'user','2025-10-15 18:37:53','2025-10-15 18:37:53'),(15,2,9,'user','2025-10-15 18:37:53','2025-10-15 18:37:53'),(16,3,9,'owner','2025-10-15 18:37:53','2025-10-15 18:39:13'),(17,2,10,'user','2025-10-15 18:37:53','2025-10-15 18:37:53'),(18,3,10,'user','2025-10-15 18:37:53','2025-10-15 18:37:53'),(19,2,11,'user','2025-10-15 18:37:53','2025-10-15 18:37:53'),(20,3,11,'user','2025-10-15 18:37:53','2025-10-15 18:37:53'),(21,2,12,'user','2025-10-15 18:37:53','2025-10-15 18:37:53'),(22,3,12,'user','2025-10-15 18:37:53','2025-10-15 18:37:53'),(23,2,13,'user','2025-10-15 18:37:53','2025-10-15 18:37:53'),(24,3,13,'user','2025-10-15 18:37:53','2025-10-15 18:37:53'),(25,2,14,'user','2025-10-15 18:37:53','2025-10-15 18:37:53'),(26,3,14,'user','2025-10-15 18:37:53','2025-10-15 18:37:53'),(27,2,15,'user','2025-10-15 18:37:53','2025-10-15 18:37:53'),(28,3,15,'user','2025-10-15 18:37:53','2025-10-15 18:37:53'),(29,2,16,'user','2025-10-15 18:37:53','2025-10-15 18:37:53'),(30,3,16,'user','2025-10-15 18:37:53','2025-10-15 18:37:53'),(31,2,17,'user','2025-10-15 18:37:53','2025-10-15 18:37:53'),(32,3,17,'user','2025-10-15 18:37:53','2025-10-15 18:37:53'),(33,2,18,'user','2025-10-15 18:37:53','2025-10-15 18:37:53'),(34,3,18,'user','2025-10-15 18:37:53','2025-10-15 18:37:53'),(35,2,19,'user','2025-10-15 18:37:53','2025-10-15 18:37:53'),(36,3,19,'user','2025-10-15 18:37:53','2025-10-15 18:37:53'),(37,2,20,'user','2025-10-15 18:37:53','2025-10-15 18:37:53'),(38,3,20,'user','2025-10-15 18:37:53','2025-10-15 18:37:53'),(39,2,21,'user','2025-10-15 18:37:53','2025-10-15 18:37:53'),(40,3,21,'user','2025-10-15 18:37:53','2025-10-15 18:37:53'),(41,2,22,'user','2025-10-15 18:37:53','2025-10-15 18:37:53'),(42,3,22,'user','2025-10-15 18:37:53','2025-10-15 18:37:53'),(43,2,23,'user','2025-10-15 18:37:53','2025-10-15 18:37:53'),(44,3,23,'user','2025-10-15 18:37:53','2025-10-15 18:37:53'),(45,2,24,'user','2025-10-15 18:37:53','2025-10-15 18:37:53'),(46,3,24,'user','2025-10-15 18:37:53','2025-10-15 18:37:53'),(47,2,25,'user','2025-10-15 18:37:53','2025-10-15 18:37:53'),(48,3,25,'user','2025-10-15 18:37:53','2025-10-15 18:37:53'),(49,2,26,'user','2025-10-15 18:37:53','2025-10-15 18:37:53'),(50,3,26,'user','2025-10-15 18:37:53','2025-10-15 18:37:53'),(51,2,27,'user','2025-10-15 18:37:53','2025-10-15 18:37:53'),(52,3,27,'user','2025-10-15 18:37:53','2025-10-15 18:37:53'),(53,2,28,'user','2025-10-15 18:37:53','2025-10-15 18:37:53'),(54,3,28,'user','2025-10-15 18:37:53','2025-10-15 18:37:53'),(55,2,29,'user','2025-10-15 18:37:53','2025-10-15 18:37:53'),(56,3,29,'user','2025-10-15 18:37:53','2025-10-15 18:37:53'),(57,2,30,'user','2025-10-15 18:37:53','2025-10-15 18:37:53'),(58,3,30,'user','2025-10-15 18:37:53','2025-10-15 18:37:53'),(59,2,31,'user','2025-10-15 18:37:53','2025-10-15 18:37:53'),(60,3,31,'user','2025-10-15 18:37:53','2025-10-15 18:37:53'),(61,6,9,'owner','2025-10-15 18:41:04','2025-10-15 18:41:04'),(62,6,3,NULL,'2025-10-15 18:41:04','2025-10-15 18:41:04'),(63,6,4,NULL,'2025-10-15 18:41:04','2025-10-15 18:41:04'),(64,6,7,NULL,'2025-10-15 18:41:04','2025-10-15 18:41:04'),(65,6,10,NULL,'2025-10-15 18:41:04','2025-10-15 18:41:04'),(66,6,11,NULL,'2025-10-15 18:41:04','2025-10-15 18:41:04'),(67,6,13,NULL,'2025-10-15 18:41:04','2025-10-15 18:41:04'),(68,6,15,NULL,'2025-10-15 18:41:04','2025-10-15 18:41:04'),(69,6,16,NULL,'2025-10-15 18:41:04','2025-10-15 18:41:04'),(70,6,17,NULL,'2025-10-15 18:41:04','2025-10-15 18:41:04'),(71,7,10,'owner','2025-10-15 18:43:42','2025-10-15 18:43:42'),(72,7,11,NULL,'2025-10-15 18:43:42','2025-10-15 18:43:42'),(73,7,12,NULL,'2025-10-15 18:43:42','2025-10-15 18:43:42'),(74,7,14,NULL,'2025-10-15 18:43:42','2025-10-15 18:43:42'),(75,7,13,NULL,'2025-10-15 18:43:42','2025-10-15 18:43:42'),(76,7,17,NULL,'2025-10-15 18:43:42','2025-10-15 18:43:42'),(77,7,15,NULL,'2025-10-15 18:43:42','2025-10-15 18:43:42');
/*!40000 ALTER TABLE `team_user` ENABLE KEYS */;
UNLOCK TABLES;

--
-- Table structure for table `teams`
--

DROP TABLE IF EXISTS `teams`;
/*!40101 SET @saved_cs_client     = @@character_set_client */;
/*!50503 SET character_set_client = utf8mb4 */;
CREATE TABLE `teams` (
  `id` bigint unsigned NOT NULL AUTO_INCREMENT,
  `user_id` bigint unsigned NOT NULL,
  `leader_id` bigint unsigned DEFAULT NULL,
  `name` varchar(255) COLLATE utf8mb4_unicode_ci NOT NULL,
  `personal_team` tinyint(1) NOT NULL,
  `company_id` bigint unsigned DEFAULT NULL,
  `department_id` bigint unsigned DEFAULT NULL,
  `team_type` varchar(255) COLLATE utf8mb4_unicode_ci NOT NULL DEFAULT 'personal',
  `description` text COLLATE utf8mb4_unicode_ci,
  `created_at` timestamp NULL DEFAULT NULL,
  `updated_at` timestamp NULL DEFAULT NULL,
  PRIMARY KEY (`id`),
  KEY `teams_company_id_department_id_index` (`company_id`,`department_id`),
  KEY `teams_user_id_index` (`user_id`),
  KEY `teams_leader_id_foreign` (`leader_id`),
  CONSTRAINT `teams_leader_id_foreign` FOREIGN KEY (`leader_id`) REFERENCES `users` (`id`) ON DELETE SET NULL
) ENGINE=InnoDB AUTO_INCREMENT=8 DEFAULT CHARSET=utf8mb4 COLLATE=utf8mb4_unicode_ci;
/*!40101 SET character_set_client = @saved_cs_client */;

--
-- Dumping data for table `teams`
--

LOCK TABLES `teams` WRITE;
/*!40000 ALTER TABLE `teams` DISABLE KEYS */;
INSERT INTO `teams` VALUES (1,1,NULL,'Superadmin Team',0,NULL,NULL,'admin','管理者専用チーム（superadmin）','2025-10-15 18:37:52','2025-10-15 18:37:52'),(2,1,NULL,'株式会社サン・ブレーン',0,2,NULL,'company','会社全体のチーム','2025-10-15 18:37:52','2025-10-15 18:37:52'),(3,1,9,'情報出版',0,2,1,'department','部署ごとのチーム','2025-10-15 18:37:52','2025-10-15 18:39:13'),(4,1,NULL,'オンデマンド',0,2,3,'department','部署ごとのチーム','2025-10-15 18:37:52','2025-10-15 18:37:52'),(5,1,NULL,'製版',0,2,2,'department','部署ごとのチーム','2025-10-15 18:37:52','2025-10-15 18:37:52'),(6,9,9,'鈴木チーム',0,2,1,'unit','鈴木さんのチームです','2025-10-15 18:41:04','2025-10-15 18:41:04'),(7,10,10,'矢山',0,2,1,'unit','矢山島','2025-10-15 18:43:42','2025-10-15 18:43:42');
/*!40000 ALTER TABLE `teams` ENABLE KEYS */;
UNLOCK TABLES;

--
-- Table structure for table `unit_members`
--

DROP TABLE IF EXISTS `unit_members`;
/*!40101 SET @saved_cs_client     = @@character_set_client */;
/*!50503 SET character_set_client = utf8mb4 */;
CREATE TABLE `unit_members` (
  `id` bigint unsigned NOT NULL AUTO_INCREMENT,
  `unit_id` bigint unsigned NOT NULL,
  `user_id` bigint unsigned NOT NULL,
  `created_at` timestamp NULL DEFAULT NULL,
  `updated_at` timestamp NULL DEFAULT NULL,
  PRIMARY KEY (`id`),
  UNIQUE KEY `unit_user_unique` (`unit_id`,`user_id`)
) ENGINE=InnoDB AUTO_INCREMENT=16 DEFAULT CHARSET=utf8mb4 COLLATE=utf8mb4_unicode_ci;
/*!40101 SET character_set_client = @saved_cs_client */;

--
-- Dumping data for table `unit_members`
--

LOCK TABLES `unit_members` WRITE;
/*!40000 ALTER TABLE `unit_members` DISABLE KEYS */;
INSERT INTO `unit_members` VALUES (1,1,3,'2025-10-15 18:41:04','2025-10-15 18:41:04'),(2,1,4,'2025-10-15 18:41:04','2025-10-15 18:41:04'),(3,1,7,'2025-10-15 18:41:04','2025-10-15 18:41:04'),(4,1,10,'2025-10-15 18:41:04','2025-10-15 18:41:04'),(5,1,11,'2025-10-15 18:41:04','2025-10-15 18:41:04'),(6,1,13,'2025-10-15 18:41:04','2025-10-15 18:41:04'),(7,1,15,'2025-10-15 18:41:04','2025-10-15 18:41:04'),(8,1,16,'2025-10-15 18:41:04','2025-10-15 18:41:04'),(9,1,17,'2025-10-15 18:41:04','2025-10-15 18:41:04'),(10,2,11,'2025-10-15 18:43:42','2025-10-15 18:43:42'),(11,2,12,'2025-10-15 18:43:42','2025-10-15 18:43:42'),(12,2,14,'2025-10-15 18:43:42','2025-10-15 18:43:42'),(13,2,13,'2025-10-15 18:43:42','2025-10-15 18:43:42'),(14,2,17,'2025-10-15 18:43:42','2025-10-15 18:43:42'),(15,2,15,'2025-10-15 18:43:42','2025-10-15 18:43:42');
/*!40000 ALTER TABLE `unit_members` ENABLE KEYS */;
UNLOCK TABLES;

--
-- Table structure for table `units`
--

DROP TABLE IF EXISTS `units`;
/*!40101 SET @saved_cs_client     = @@character_set_client */;
/*!50503 SET character_set_client = utf8mb4 */;
CREATE TABLE `units` (
  `id` bigint unsigned NOT NULL AUTO_INCREMENT,
  `company_id` bigint unsigned DEFAULT NULL,
  `department_id` bigint unsigned DEFAULT NULL,
  `name` varchar(255) COLLATE utf8mb4_unicode_ci NOT NULL,
  `description` text COLLATE utf8mb4_unicode_ci,
  `leader_id` bigint unsigned DEFAULT NULL,
  `created_at` timestamp NULL DEFAULT NULL,
  `updated_at` timestamp NULL DEFAULT NULL,
  PRIMARY KEY (`id`)
) ENGINE=InnoDB AUTO_INCREMENT=3 DEFAULT CHARSET=utf8mb4 COLLATE=utf8mb4_unicode_ci;
/*!40101 SET character_set_client = @saved_cs_client */;

--
-- Dumping data for table `units`
--

LOCK TABLES `units` WRITE;
/*!40000 ALTER TABLE `units` DISABLE KEYS */;
INSERT INTO `units` VALUES (1,2,1,'鈴木チーム','鈴木さんのチームです',9,'2025-10-15 18:41:04','2025-10-15 18:41:04'),(2,2,1,'矢山','矢山島',10,'2025-10-15 18:43:42','2025-10-15 18:43:42');
/*!40000 ALTER TABLE `units` ENABLE KEYS */;
UNLOCK TABLES;

--
-- Table structure for table `users`
--

DROP TABLE IF EXISTS `users`;
/*!40101 SET @saved_cs_client     = @@character_set_client */;
/*!50503 SET character_set_client = utf8mb4 */;
CREATE TABLE `users` (
  `id` bigint unsigned NOT NULL AUTO_INCREMENT,
  `name` varchar(255) COLLATE utf8mb4_unicode_ci NOT NULL,
  `email` varchar(255) COLLATE utf8mb4_unicode_ci NOT NULL,
  `email_verified_at` timestamp NULL DEFAULT NULL,
  `password` varchar(255) COLLATE utf8mb4_unicode_ci NOT NULL,
  `two_factor_secret` text COLLATE utf8mb4_unicode_ci,
  `two_factor_recovery_codes` text COLLATE utf8mb4_unicode_ci,
  `two_factor_confirmed_at` timestamp NULL DEFAULT NULL,
  `remember_token` varchar(100) COLLATE utf8mb4_unicode_ci DEFAULT NULL,
  `current_team_id` bigint unsigned DEFAULT NULL,
  `profile_photo_path` varchar(2048) COLLATE utf8mb4_unicode_ci DEFAULT NULL,
  `user_role` enum('superadmin','admin','leader','coordinator','user') COLLATE utf8mb4_unicode_ci NOT NULL DEFAULT 'user',
  `company_id` bigint unsigned DEFAULT NULL,
  `department_id` bigint unsigned DEFAULT NULL,
  `assignment_id` bigint unsigned DEFAULT NULL,
  `created_at` timestamp NULL DEFAULT NULL,
  `updated_at` timestamp NULL DEFAULT NULL,
  PRIMARY KEY (`id`),
  UNIQUE KEY `users_email_unique` (`email`),
  KEY `users_company_id_foreign` (`company_id`),
  KEY `users_department_id_foreign` (`department_id`),
  KEY `users_assignment_id_foreign` (`assignment_id`),
  CONSTRAINT `users_assignment_id_foreign` FOREIGN KEY (`assignment_id`) REFERENCES `assignments` (`id`) ON DELETE SET NULL,
  CONSTRAINT `users_company_id_foreign` FOREIGN KEY (`company_id`) REFERENCES `companies` (`id`) ON DELETE SET NULL,
  CONSTRAINT `users_department_id_foreign` FOREIGN KEY (`department_id`) REFERENCES `departments` (`id`) ON DELETE SET NULL
) ENGINE=InnoDB AUTO_INCREMENT=32 DEFAULT CHARSET=utf8mb4 COLLATE=utf8mb4_unicode_ci;
/*!40101 SET character_set_client = @saved_cs_client */;

--
-- Dumping data for table `users`
--

LOCK TABLES `users` WRITE;
/*!40000 ALTER TABLE `users` DISABLE KEYS */;
INSERT INTO `users` VALUES (1,'Super Admin','h-tsuchiya@suna.co.jp',NULL,'$2y$12$FB4KJhXT8v5NZj15sC/F0um1mnPT5Cy0KccVGA9hGRMakB/OFB9mC',NULL,NULL,NULL,NULL,1,NULL,'superadmin',1,NULL,NULL,'2025-10-15 18:37:52','2025-10-15 18:37:52'),(2,'伊藤太郎','ito@test.com','2025-10-15 18:37:52','$2y$12$kxYsNBYf1AMFptIZTshtRO.d/Bp1ttCd94RH02Ac9f0qE9tsRkyHO',NULL,NULL,NULL,'Sl5YjrPt2X',2,NULL,'admin',2,NULL,1,'2025-10-15 18:37:52','2025-10-15 18:37:52'),(3,'山田太郎','yamada@test.com','2025-10-15 18:37:53','$2y$12$/fRHHqcksKnQJeUevrcep.Yrs3u7tiXsXXxHwTvhpJanwsokTg.vq',NULL,NULL,NULL,'h7P9qQHomJ',2,NULL,'user',2,1,3,'2025-10-15 18:37:53','2025-10-15 18:37:53'),(4,'伊藤あけ太郎','itoake@test.com','2025-10-15 18:37:53','$2y$12$fmq3xc4135OFo710gVZiWOWb/4p90yVYscjVuMdy5LAT2F2Rz85KO',NULL,NULL,NULL,'yB4M5PuYCY',2,NULL,'user',2,1,3,'2025-10-15 18:37:53','2025-10-15 18:37:53'),(5,'鈴木健太郎','suzuken@test.com','2025-10-15 18:37:53','$2y$12$bqSlwYxCwAEwi2lTc2FuN.2/df5B3kIy/H8VcFGDgxdnOuOz.fQPq',NULL,NULL,NULL,'wZgPnvU3oL',2,NULL,'user',2,1,4,'2025-10-15 18:37:53','2025-10-15 18:37:53'),(6,'山本みつる','yamaon@test.com','2025-10-15 18:37:53','$2y$12$iyS/CYxWHipay9UeRqPWnOPLaTYE.0hIcD9/RWkxM2Jm3t7Xe4z6W',NULL,NULL,NULL,'AWhjVEgAcj',2,NULL,'user',2,1,4,'2025-10-15 18:37:53','2025-10-15 18:37:53'),(7,'岩城与一','iwaki@test.com','2025-10-15 18:37:53','$2y$12$IWfkuNnmoOg9EnyFTRVi7eI0ZsFWuTG/gTRI5NE71Y3gInUlzBILm',NULL,NULL,NULL,'GQsHMmfYjk',2,NULL,'coordinator',2,1,2,'2025-10-15 18:37:53','2025-10-15 18:37:53'),(8,'源治太郎','genji@test.com','2025-10-15 18:37:53','$2y$12$AoTO2MKCnSNcP.EGxLi.U.CILiVy.V57Sok0jU0kG5bTdQNBsn/zi',NULL,NULL,NULL,'Y5DeSJYaZd',2,NULL,'coordinator',2,1,2,'2025-10-15 18:37:53','2025-10-15 18:37:53'),(9,'鈴木次郎','suzuki@test.com','2025-10-15 18:37:53','$2y$12$iqLC5flv6k4trqxVE0vLc.nSAviB6/dh3VLolCU9.43lApfPyzQN2',NULL,NULL,NULL,'JwAszQuYGMmQnpoE2kbYB6hvwumaNGgIeM7Am0l157uZvUOrEEUw1KyUnIzS',2,NULL,'leader',2,1,2,'2025-10-15 18:37:53','2025-10-15 18:37:53'),(10,'矢山次郎','yayama@test.com','2025-10-15 18:37:53','$2y$12$ZtgmTeKxm76uljbhFLx8duDGG4XlcZ3lLwekPOQfsMCQ/UgN7IGLC',NULL,NULL,NULL,'ZC82qvjftUEM288jEFn3ZtmhRJsx5U7zFV7Q0F6vIchA6z6X4T3GYTTdLO95',2,NULL,'leader',2,1,2,'2025-10-15 18:37:53','2025-10-15 18:37:53'),(11,'佐藤健一','sato_k@test.com','2025-10-15 18:37:53','$2y$12$5Xd.Ol2CWSQDbc0vzog4A.t8ldhFetvxoKqbIRhe7FcNxU.K/s5Ha',NULL,NULL,NULL,'okjcmSRdbq',2,NULL,'user',2,1,2,'2025-10-15 18:37:53','2025-10-15 18:37:53'),(12,'高橋真由','takahashi_m@test.com','2025-10-15 18:37:53','$2y$12$4ZehNc5cdI0JS5zMzSp8vez.GsjWd8AlGOnxSoWsJvQJa8fro7xEm',NULL,NULL,NULL,'9RBe6OhdgN',2,NULL,'user',2,1,4,'2025-10-15 18:37:53','2025-10-15 18:37:53'),(13,'田中悠人','tanaka_y@test.com','2025-10-15 18:37:53','$2y$12$g4sSIu8YCkLMi6UezSjk8.1Ls4xV9v1M6P7.6cZEdw.qxrrP9dtjG',NULL,NULL,NULL,'weCUjs2wN4',2,NULL,'user',2,1,3,'2025-10-15 18:37:53','2025-10-15 18:37:53'),(14,'渡辺彩','watanabe_a@test.com','2025-10-15 18:37:53','$2y$12$TnNgH6WPrD79wEBLWsu5NurPFKQnvTfoav4m9a5aGQvb4DR8Q6aeG',NULL,NULL,NULL,'HclaDlipr4',2,NULL,'user',2,1,2,'2025-10-15 18:37:53','2025-10-15 18:37:53'),(15,'伊藤和也','ito_k@test.com','2025-10-15 18:37:53','$2y$12$jTZE0Kxxpc0rt7xZVD410eE8KBDGzEwdpxQn29k8sm0CM.niGUlj2',NULL,NULL,NULL,'BiX41jIt8I',2,NULL,'user',2,1,4,'2025-10-15 18:37:53','2025-10-15 18:37:53'),(16,'中村陽子','nakamura_y@test.com','2025-10-15 18:37:53','$2y$12$pK2meAN4jWMWjouVfHWiseow1WN10MOZNuNqesqJBQGkkDk9UvG0m',NULL,NULL,NULL,'ApwZJbMHcP',2,NULL,'user',2,1,3,'2025-10-15 18:37:53','2025-10-15 18:37:53'),(17,'小林亮','kobayashi_r@test.com','2025-10-15 18:37:53','$2y$12$IVFzwILJoXKBcsD8hP31m.vxL93hDBTUba.bvWvkeRZ6B2pGvqeTe',NULL,NULL,NULL,'V5rMdWMRH9',2,NULL,'user',2,1,2,'2025-10-15 18:37:53','2025-10-15 18:37:53'),(18,'加藤直子','kato_n@test.com','2025-10-15 18:37:53','$2y$12$9O7r0JwuxlbyjEo4PfX9Meog72Ra5yZ.1AxAV7nNMWrG2N9ahtCGa',NULL,NULL,NULL,'tq5ZGnrSMr',2,NULL,'user',2,1,4,'2025-10-15 18:37:53','2025-10-15 18:37:53'),(19,'吉田誠','yoshida_m@test.com','2025-10-15 18:37:53','$2y$12$QgiWm0yl7vOpPAZvjf52M.45KEH/ALm0l6PSXU6CIVhNYsjf7aOXC',NULL,NULL,NULL,'yc4gL7Camt',2,NULL,'user',2,1,3,'2025-10-15 18:37:53','2025-10-15 18:37:53'),(20,'山口夏美','yamaguchi_n@test.com','2025-10-15 18:37:53','$2y$12$YVeZ2/fK8OQohgBhwUQSHe.WNeLRtD9a052Va/HE6ok6NaBp2BCVS',NULL,NULL,NULL,'ppaxtixO6a',2,NULL,'user',2,1,2,'2025-10-15 18:37:53','2025-10-15 18:37:53'),(21,'野口亮介','noguchi_r@test.com','2025-10-15 18:37:53','$2y$12$nIB0xTz4kKdbGVt46CK3zeIendnTLn0Ch1dI/0V2uZJdnAlUO6Jsi',NULL,NULL,NULL,'2eeDx9bLO4',2,NULL,'user',2,1,4,'2025-10-15 18:37:53','2025-10-15 18:37:53'),(22,'谷口美咲','taniguchi_m@test.com','2025-10-15 18:37:53','$2y$12$P1kNEF08KCe17IKsjO4Je.DFNEzIAlI1jtmBem9EM6I5DwRjL7gvW',NULL,NULL,NULL,'vdQveE57TG',2,NULL,'user',2,1,3,'2025-10-15 18:37:53','2025-10-15 18:37:53'),(23,'松本優','matsumoto_y@test.com','2025-10-15 18:37:53','$2y$12$3MkJqkfdQFvA0YKTl6E4A.GkbcvDP5/vzaKI8aDNNoBtMTe.L0Qhm',NULL,NULL,NULL,'pMFaW32MIr',2,NULL,'user',2,1,2,'2025-10-15 18:37:53','2025-10-15 18:37:53'),(24,'佐々木直人','sasaki_n@test.com','2025-10-15 18:37:53','$2y$12$eoRVHay/HTe/IR.uTj9uiu0AtZU66qZoeuEg4A9PA4DIxTcO274WC',NULL,NULL,NULL,'yWq68mmoGi',2,NULL,'user',2,1,4,'2025-10-15 18:37:53','2025-10-15 18:37:53'),(25,'石川愛','ishikawa_a@test.com','2025-10-15 18:37:53','$2y$12$tDwj8yRLd3JfpVQvBcT.v.GSRbT4FTKyt0jeyPXSiZ3m977mQw5IK',NULL,NULL,NULL,'nMFQRE58N3',2,NULL,'user',2,1,3,'2025-10-15 18:37:53','2025-10-15 18:37:53'),(26,'上田誠','ueda_m@test.com','2025-10-15 18:37:53','$2y$12$l1Y3wax9UyjqFcm0e8o5gOHga154XZjrD8OGcs.GouqQCLAIu1kVm',NULL,NULL,NULL,'m50zyBnK04',2,NULL,'user',2,1,2,'2025-10-15 18:37:53','2025-10-15 18:37:53'),(27,'落合良介','ochiai_r@test.com','2025-10-15 18:37:53','$2y$12$NVRTm93x8ohA3ZaUo0LVreF8LuJMfu.h8Gi34AIzQTiPcRANtnkmu',NULL,NULL,NULL,'NNXh49o4JC',2,NULL,'user',2,1,4,'2025-10-15 18:37:53','2025-10-15 18:37:53'),(28,'中島葵','nakajima_a@test.com','2025-10-15 18:37:53','$2y$12$pbQ3s0qvKZ97mkZF7TdHIeOd6bNvh1JsrufeLlMv/S0nPHySyT0VG',NULL,NULL,NULL,'5zCOLg5KSQ',2,NULL,'user',2,1,3,'2025-10-15 18:37:53','2025-10-15 18:37:53'),(29,'井上香','inoue_k@test.com','2025-10-15 18:37:53','$2y$12$YAZra0fYplGATBxn3XVtguMImPb1RscgWeiCFTEwdVErkUcWPDOcK',NULL,NULL,NULL,'jV2Yd55x2W',2,NULL,'user',2,1,2,'2025-10-15 18:37:53','2025-10-15 18:37:53'),(30,'橋本徹','hashimoto_t@test.com','2025-10-15 18:37:53','$2y$12$pGcQ1pLEZAvR8iYgkUehsOcHcfWQDfnUHAb8FAIjVEuJk5nE7wwRa',NULL,NULL,NULL,'0UKerA2IMd',2,NULL,'user',2,1,4,'2025-10-15 18:37:53','2025-10-15 18:37:53'),(31,'岡本里奈','okamoto_r@test.com','2025-10-15 18:37:53','$2y$12$g79DmC6cNZF0gB4dGEZWFOiA1vXwtX3uyyGMEVrtVfjtWM.mNRvQi',NULL,NULL,NULL,'mYhf0iXCKU',2,NULL,'user',2,1,3,'2025-10-15 18:37:53','2025-10-15 18:37:53');
/*!40000 ALTER TABLE `users` ENABLE KEYS */;
UNLOCK TABLES;

--
-- Table structure for table `work_item_presets`
--

DROP TABLE IF EXISTS `work_item_presets`;
/*!40101 SET @saved_cs_client     = @@character_set_client */;
/*!50503 SET character_set_client = utf8mb4 */;
CREATE TABLE `work_item_presets` (
  `id` bigint unsigned NOT NULL AUTO_INCREMENT,
  `title` varchar(255) COLLATE utf8mb4_unicode_ci NOT NULL,
  `description` text COLLATE utf8mb4_unicode_ci,
  `work_item_type_id` bigint unsigned DEFAULT NULL,
  `size_id` bigint unsigned DEFAULT NULL,
  `pages` int DEFAULT NULL,
  `quantity` int DEFAULT NULL,
  `estimated_minutes` int DEFAULT NULL,
  `status` varchar(255) COLLATE utf8mb4_unicode_ci NOT NULL DEFAULT 'preset',
  `company_id` bigint unsigned DEFAULT NULL,
  `department_id` bigint unsigned DEFAULT NULL,
  `created_at` timestamp NULL DEFAULT NULL,
  `updated_at` timestamp NULL DEFAULT NULL,
  PRIMARY KEY (`id`),
  KEY `work_item_presets_work_item_type_id_index` (`work_item_type_id`),
  KEY `work_item_presets_size_id_index` (`size_id`),
  KEY `work_item_presets_company_id_index` (`company_id`),
  KEY `work_item_presets_department_id_index` (`department_id`)
) ENGINE=InnoDB AUTO_INCREMENT=4 DEFAULT CHARSET=utf8mb4 COLLATE=utf8mb4_unicode_ci;
/*!40101 SET character_set_client = @saved_cs_client */;

--
-- Dumping data for table `work_item_presets`
--

LOCK TABLES `work_item_presets` WRITE;
/*!40000 ALTER TABLE `work_item_presets` DISABLE KEYS */;
INSERT INTO `work_item_presets` VALUES (1,'初校作成 A4 10ページ','初校を作成します。A4、10ページ。',1,4,10,1,120,'preset',NULL,NULL,'2025-10-15 18:37:52','2025-10-15 18:37:52'),(2,'三校修正 A3 30ページ','三校の修正対応。A3、30ページ。',2,3,30,1,360,'preset',NULL,NULL,'2025-10-15 18:37:52','2025-10-15 18:37:52'),(3,'校正確認 四六判 200ページ','校正・確認作業。四六判、200ページ。',3,9,200,1,2400,'preset',NULL,NULL,'2025-10-15 18:37:52','2025-10-15 18:37:52');
/*!40000 ALTER TABLE `work_item_presets` ENABLE KEYS */;
UNLOCK TABLES;

--
-- Table structure for table `work_item_stage_entries`
--

DROP TABLE IF EXISTS `work_item_stage_entries`;
/*!40101 SET @saved_cs_client     = @@character_set_client */;
/*!50503 SET character_set_client = utf8mb4 */;
CREATE TABLE `work_item_stage_entries` (
  `id` bigint unsigned NOT NULL AUTO_INCREMENT,
  `work_item_id` bigint unsigned DEFAULT NULL,
  `project_job_assignment_id` bigint unsigned DEFAULT NULL,
  `stage_id` bigint unsigned NOT NULL,
  `performed_by` bigint unsigned DEFAULT NULL,
  `started_at` timestamp NULL DEFAULT NULL,
  `completed_at` timestamp NULL DEFAULT NULL,
  `note` text COLLATE utf8mb4_unicode_ci,
  `sequence` int NOT NULL DEFAULT '0',
  `created_at` timestamp NULL DEFAULT NULL,
  `updated_at` timestamp NULL DEFAULT NULL,
  PRIMARY KEY (`id`),
  KEY `work_item_stage_entries_stage_id_foreign` (`stage_id`),
  KEY `work_item_stage_entries_performed_by_foreign` (`performed_by`),
  KEY `work_item_stage_entries_work_item_id_index` (`work_item_id`),
  KEY `work_item_stage_entries_project_job_assignment_id_index` (`project_job_assignment_id`),
  CONSTRAINT `work_item_stage_entries_performed_by_foreign` FOREIGN KEY (`performed_by`) REFERENCES `users` (`id`) ON DELETE SET NULL,
  CONSTRAINT `work_item_stage_entries_stage_id_foreign` FOREIGN KEY (`stage_id`) REFERENCES `stages` (`id`) ON DELETE CASCADE
) ENGINE=InnoDB DEFAULT CHARSET=utf8mb4 COLLATE=utf8mb4_unicode_ci;
/*!40101 SET character_set_client = @saved_cs_client */;

--
-- Dumping data for table `work_item_stage_entries`
--

LOCK TABLES `work_item_stage_entries` WRITE;
/*!40000 ALTER TABLE `work_item_stage_entries` DISABLE KEYS */;
/*!40000 ALTER TABLE `work_item_stage_entries` ENABLE KEYS */;
UNLOCK TABLES;

--
-- Table structure for table `work_item_types`
--

DROP TABLE IF EXISTS `work_item_types`;
/*!40101 SET @saved_cs_client     = @@character_set_client */;
/*!50503 SET character_set_client = utf8mb4 */;
CREATE TABLE `work_item_types` (
  `id` bigint unsigned NOT NULL AUTO_INCREMENT,
  `name` varchar(255) COLLATE utf8mb4_unicode_ci NOT NULL,
  `slug` varchar(255) COLLATE utf8mb4_unicode_ci NOT NULL,
  `sort_order` int NOT NULL DEFAULT '0',
  `coefficient` decimal(6,3) DEFAULT NULL,
  `description` text COLLATE utf8mb4_unicode_ci,
  `created_at` timestamp NULL DEFAULT NULL,
  `updated_at` timestamp NULL DEFAULT NULL,
  `company_id` bigint unsigned DEFAULT NULL,
  `department_id` bigint unsigned DEFAULT NULL,
  PRIMARY KEY (`id`),
  UNIQUE KEY `work_item_types_slug_unique` (`slug`),
  KEY `work_item_types_company_id_foreign` (`company_id`),
  KEY `work_item_types_department_id_foreign` (`department_id`),
  CONSTRAINT `work_item_types_company_id_foreign` FOREIGN KEY (`company_id`) REFERENCES `companies` (`id`) ON DELETE SET NULL,
  CONSTRAINT `work_item_types_department_id_foreign` FOREIGN KEY (`department_id`) REFERENCES `departments` (`id`) ON DELETE SET NULL
) ENGINE=InnoDB AUTO_INCREMENT=8 DEFAULT CHARSET=utf8mb4 COLLATE=utf8mb4_unicode_ci;
/*!40101 SET character_set_client = @saved_cs_client */;

--
-- Dumping data for table `work_item_types`
--

LOCK TABLES `work_item_types` WRITE;
/*!40000 ALTER TABLE `work_item_types` DISABLE KEYS */;
INSERT INTO `work_item_types` VALUES (1,'作成','creation',0,1.250,'原稿作成',NULL,NULL,2,1),(2,'修正','revision',1,1.000,'修正作業',NULL,NULL,2,1),(3,'校正','proofreading',2,1.000,'校正・編集作業',NULL,NULL,2,1),(4,'赤字照合','proofreading against corrections',3,0.750,'赤字を照合',NULL,NULL,2,1),(5,'編集','editing',4,1.000,'編集',NULL,NULL,2,1),(6,'確認','confirmation',5,0.750,'確認作業',NULL,NULL,2,1),(7,'その他','other',6,1.000,'その他の作業',NULL,NULL,2,1);
/*!40000 ALTER TABLE `work_item_types` ENABLE KEYS */;
UNLOCK TABLES;
/*!40103 SET TIME_ZONE=@OLD_TIME_ZONE */;

/*!40101 SET SQL_MODE=@OLD_SQL_MODE */;
/*!40014 SET FOREIGN_KEY_CHECKS=@OLD_FOREIGN_KEY_CHECKS */;
/*!40014 SET UNIQUE_CHECKS=@OLD_UNIQUE_CHECKS */;
/*!40101 SET CHARACTER_SET_CLIENT=@OLD_CHARACTER_SET_CLIENT */;
/*!40101 SET CHARACTER_SET_RESULTS=@OLD_CHARACTER_SET_RESULTS */;
/*!40101 SET COLLATION_CONNECTION=@OLD_COLLATION_CONNECTION */;
/*!40111 SET SQL_NOTES=@OLD_SQL_NOTES */;

-- Dump completed on 2025-11-11 10:03:49
